,Type,Air temperature [K],Process temperature [K],Rotational speed [rpm],Torque [Nm],Tool wear [min],Machine failure,TWF,HDF,PWF,OSF,RNF
0,1,298.1,308.6,1551,42.8,0,0,0,0,0,0,0
1,0,298.2,308.7,1408,46.3,3,0,0,0,0,0,0
2,0,298.1,308.5,1498,49.4,5,0,0,0,0,0,0
3,0,298.2,308.6,1433,39.5,7,0,0,0,0,0,0
4,0,298.2,308.7,1408,40.0,9,0,0,0,0,0,0
5,1,298.1,308.6,1425,41.9,11,0,0,0,0,0,0
6,0,298.1,308.6,1558,42.4,14,0,0,0,0,0,0
7,0,298.1,308.6,1527,40.2,16,0,0,0,0,0,0
8,1,298.3,308.7,1667,28.6,18,0,0,0,0,0,0
9,1,298.5,309.0,1741,28.0,21,0,0,0,0,0,0
10,2,298.4,308.9,1782,23.9,24,0,0,0,0,0,0
11,2,298.6,309.1,1423,44.3,29,0,0,0,0,0,0
12,1,298.6,309.1,1339,51.1,34,0,0,0,0,0,0
13,1,298.6,309.2,1742,30.0,37,0,0,0,0,0,0
15,0,298.6,309.2,1542,48.4,42,0,0,0,0,0,0
16,1,298.6,309.2,1311,46.6,44,0,0,0,0,0,0
17,1,298.7,309.2,1410,45.6,47,0,0,0,0,0,0
18,2,298.8,309.2,1306,54.5,50,0,0,0,0,0,0
19,1,298.9,309.3,1632,32.5,55,0,0,0,0,0,0
20,2,298.9,309.3,1375,42.7,58,0,0,0,0,0,0
21,0,298.8,309.3,1450,44.8,63,0,0,0,0,0,0
22,1,298.9,309.3,1581,30.7,65,0,0,0,0,0,0
23,0,299.0,309.4,1758,25.7,68,0,0,0,0,0,0
24,1,299.0,309.4,1561,37.3,70,0,0,0,0,0,0
25,0,299.0,309.5,1861,23.3,73,0,0,0,0,0,0
26,0,299.1,309.5,1512,39.0,75,0,0,0,0,0,0
27,2,299.1,309.4,1811,24.6,77,0,0,0,0,0,0
28,0,299.1,309.4,1439,44.2,82,0,0,0,0,0,0
29,0,299.0,309.4,1693,30.1,84,0,0,0,0,0,0
30,1,299.1,309.5,1339,48.2,86,0,0,0,0,0,0
31,0,299.0,309.4,1798,25.5,89,0,0,0,0,0,0
32,0,299.0,309.4,1419,48.3,91,0,0,0,0,0,0
33,0,298.9,309.3,1665,32.5,93,0,0,0,0,0,0
34,1,298.8,309.1,1559,34.7,95,0,0,0,0,0,0
35,1,298.8,309.2,1452,48.6,98,0,0,0,0,0,0
36,1,298.9,309.2,1581,36.7,101,0,0,0,0,0,0
37,0,298.8,309.1,1439,39.2,104,0,0,0,0,0,0
38,2,298.9,309.2,1379,50.7,106,0,0,0,0,0,0
39,0,298.8,309.1,1350,52.5,111,0,0,0,0,0,0
40,0,298.8,309.1,1362,45.4,113,0,0,0,0,0,0
41,0,298.8,309.1,1368,50.8,115,0,0,0,0,0,0
42,1,298.8,309.1,1368,49.1,117,0,0,0,0,0,0
43,2,298.8,309.2,1372,48.5,120,0,0,0,0,0,0
44,1,298.8,309.1,1472,47.5,125,0,0,0,0,0,0
45,0,298.8,309.1,1489,49.1,128,0,0,0,0,0,0
46,1,298.7,309.0,1843,25.8,130,0,0,0,0,0,0
47,0,298.8,309.1,1418,46.3,133,0,0,0,0,0,0
48,2,298.8,309.2,1425,53.9,135,0,0,0,0,0,0
49,1,298.9,309.2,1412,44.1,140,0,0,0,0,0,0
51,0,298.9,309.1,1383,54.9,145,0,0,0,0,0,0
52,2,298.8,309.0,1497,43.8,147,0,0,0,0,0,0
53,0,298.7,309.0,1565,35.1,152,0,0,0,0,0,0
54,0,298.7,309.0,1691,30.1,154,0,0,0,0,0,0
55,0,298.8,309.1,1512,40.7,156,0,0,0,0,0,0
56,0,298.8,309.1,1477,42.4,158,0,0,0,0,0,0
57,0,298.8,309.1,1513,40.3,160,0,0,0,0,0,0
58,1,298.8,309.0,1661,29.5,162,0,0,0,0,0,0
59,0,298.8,309.1,1378,54.4,165,0,0,0,0,0,0
60,0,298.8,309.1,1393,52.6,167,0,0,0,0,0,0
61,1,298.8,309.0,1592,38.2,169,0,0,0,0,0,0
62,0,298.8,309.0,1829,22.9,172,0,0,0,0,0,0
63,1,298.9,309.0,1812,25.9,174,0,0,0,0,0,0
64,0,299.0,309.1,1523,38.6,177,0,0,0,0,0,0
65,0,299.0,309.1,1394,45.1,179,0,0,0,0,0,0
66,1,298.9,308.9,1679,28.7,181,0,0,0,0,0,0
67,2,298.8,308.9,1466,44.1,184,0,0,0,0,0,0
68,0,298.8,308.9,1527,32.4,189,0,0,0,0,0,0
69,0,298.9,309.0,1410,65.7,191,1,0,0,1,1,0
71,0,298.9,309.1,1452,45.5,196,0,0,0,0,0,0
72,0,298.9,309.1,1369,44.4,198,0,0,0,0,0,0
73,0,299.0,309.1,1592,35.0,200,0,0,0,0,0,0
74,0,298.9,309.0,1601,32.3,202,0,0,0,0,0,0
75,0,298.8,308.9,1379,46.7,204,0,0,0,0,0,0
76,0,298.8,308.9,1461,47.9,206,0,0,0,0,0,0
77,0,298.8,308.9,1455,41.3,208,1,1,0,0,0,0
78,0,298.8,308.9,1398,51.5,0,0,0,0,0,0,0
79,0,298.8,308.9,1402,37.9,2,0,0,0,0,0,0
80,2,298.8,308.8,1445,49.9,4,0,0,0,0,0,0
81,0,298.9,308.9,1450,47.5,9,0,0,0,0,0,0
82,0,298.9,308.9,1453,40.8,11,0,0,0,0,0,0
83,0,299.0,309.0,1469,40.1,13,0,0,0,0,0,0
84,0,298.9,308.9,1422,47.6,15,0,0,0,0,0,0
85,1,299.0,309.0,1804,26.8,17,0,0,0,0,0,0
86,2,299.0,309.0,1436,43.9,20,0,0,0,0,0,0
87,0,299.0,309.0,1544,31.8,25,0,0,0,0,0,0
88,1,299.0,309.0,1419,45.2,27,0,0,0,0,0,0
89,1,298.9,308.9,1487,39.5,30,0,0,0,0,0,0
90,0,298.9,308.9,1753,25.8,33,0,0,0,0,0,0
91,0,298.9,308.9,1830,24.9,35,0,0,0,0,0,0
92,1,298.9,308.9,1727,27.1,37,0,0,0,0,0,0
93,0,299.1,309.0,1450,43.0,40,0,0,0,0,0,0
94,0,299.0,308.9,1622,31.9,42,0,0,0,0,0,0
95,1,299.0,309.0,1351,52.2,44,0,0,0,0,0,0
96,1,299.0,309.0,1575,35.3,47,0,0,0,0,0,0
97,1,298.9,308.9,1750,29.9,50,0,0,0,0,0,0
98,0,298.9,308.8,1529,32.7,53,0,0,0,0,0,0
99,0,298.8,308.8,1523,44.4,55,0,0,0,0,0,0
100,0,298.8,308.9,1852,25.0,57,0,0,0,0,0,0
102,0,298.8,308.8,1555,40.6,61,0,0,0,0,0,0
103,1,298.8,308.8,1441,40.5,63,0,0,0,0,0,0
104,0,298.8,308.7,1450,43.4,66,0,0,0,0,0,0
105,0,298.8,308.7,1591,31.1,68,0,0,0,0,0,0
106,0,298.8,308.7,1445,48.5,70,0,0,0,0,0,0
107,1,298.8,308.8,1497,46.8,72,0,0,0,0,0,0
108,2,298.9,308.8,1621,32.7,75,0,0,0,0,0,0
109,0,298.9,308.7,1572,34.1,80,0,0,0,0,0,0
110,0,298.8,308.6,1872,22.5,82,0,0,0,0,0,0
111,2,298.7,308.6,1499,43.5,84,0,0,0,0,0,0
112,1,298.8,308.7,1498,39.5,89,0,0,0,0,0,0
113,1,298.8,308.6,1486,41.9,92,0,0,0,0,0,0
114,0,298.8,308.6,1680,29.4,95,0,0,0,0,0,0
115,0,298.8,308.6,1431,45.7,97,0,0,0,0,0,0
116,0,298.9,308.7,1564,34.1,99,0,0,0,0,0,0
117,0,298.8,308.6,1599,33.0,101,0,0,0,0,0,0
118,1,298.8,308.6,1707,28.1,103,0,0,0,0,0,0
119,0,298.7,308.5,1467,40.7,106,0,0,0,0,0,0
120,0,298.9,308.7,1433,44.7,108,0,0,0,0,0,0
121,0,298.9,308.7,1558,41.2,110,0,0,0,0,0,0
122,0,299.0,308.8,1310,50.7,112,0,0,0,0,0,0
123,0,298.9,308.7,1546,43.4,114,0,0,0,0,0,0
124,0,298.9,308.7,1727,29.4,116,0,0,0,0,0,0
125,0,298.9,308.6,1560,32.2,118,0,0,0,0,0,0
126,0,299.0,308.6,1329,60.5,120,0,0,0,0,0,0
127,0,298.9,308.6,1413,46.5,122,0,0,0,0,0,0
128,0,299.0,308.6,1587,38.6,124,0,0,0,0,0,0
129,0,298.9,308.5,1559,34.3,126,0,0,0,0,0,0
130,0,298.8,308.4,1473,41.1,128,0,0,0,0,0,0
131,0,298.8,308.4,1737,27.7,130,0,0,0,0,0,0
132,1,298.7,308.4,1441,43.2,132,0,0,0,0,0,0
133,1,298.7,308.4,1430,49.6,135,0,0,0,0,0,0
134,0,298.8,308.4,1369,53.0,138,0,0,0,0,0,0
135,1,298.8,308.5,1711,28.5,140,0,0,0,0,0,0
136,2,298.7,308.5,1420,45.7,143,0,0,0,0,0,0
137,0,298.7,308.6,1297,55.3,148,0,0,0,0,0,0
138,2,298.8,308.6,1449,49.4,150,0,0,0,0,0,0
139,0,298.8,308.6,1268,55.8,155,0,0,0,0,0,0
140,0,298.8,308.6,1511,36.1,157,0,0,0,0,0,0
141,0,298.7,308.5,1544,35.2,159,0,0,0,0,0,0
142,1,298.6,308.4,1778,28.2,161,0,0,0,0,0,0
143,2,298.6,308.4,1407,50.5,164,0,0,0,0,0,0
144,1,298.6,308.4,1391,42.4,169,0,0,0,0,0,0
145,0,298.5,308.4,1513,33.6,172,0,0,0,0,0,0
146,2,298.5,308.4,1612,36.1,174,0,0,0,0,0,0
147,0,298.4,308.4,1515,40.1,179,0,0,0,0,0,0
148,1,298.3,308.3,1379,48.0,181,0,0,0,0,0,0
149,0,298.4,308.3,1473,39.9,184,0,0,0,0,0,0
150,0,298.4,308.3,1422,42.7,186,0,0,0,0,0,0
151,1,298.4,308.2,1463,37.6,188,0,0,0,0,0,0
152,1,298.4,308.2,1584,41.0,191,0,0,0,0,0,0
153,0,298.4,308.2,1850,27.0,194,0,0,0,0,0,0
154,0,298.4,308.2,1528,36.2,196,0,0,0,0,0,0
156,1,298.4,308.1,1495,46.0,203,0,0,0,0,0,0
157,2,298.4,308.2,1478,43.5,206,0,0,0,0,0,0
158,1,298.4,308.2,1499,40.0,211,0,0,0,0,0,0
159,0,298.4,308.2,1471,47.0,214,0,0,0,0,0,0
160,0,298.4,308.2,1282,60.7,216,1,0,0,0,1,0
161,0,298.3,308.1,1412,52.3,218,1,0,0,0,1,0
162,0,298.3,308.1,1586,35.5,0,0,0,0,0,0,0
163,1,298.4,308.2,1468,43.8,2,0,0,0,0,0,0
164,1,298.5,308.3,1440,43.6,5,0,0,0,0,0,0
165,0,298.5,308.4,1733,26.0,8,0,0,0,0,0,0
166,2,298.4,308.2,1612,32.6,10,0,0,0,0,0,0
167,2,298.4,308.3,1458,42.9,15,0,0,0,0,0,0
168,0,298.4,308.3,1433,62.3,20,1,0,0,1,0,0
169,0,298.4,308.3,1318,59.1,22,0,0,0,0,0,0
170,1,298.4,308.2,1610,35.0,24,0,0,0,0,0,0
171,0,298.2,308.1,1462,50.8,27,0,0,0,0,0,0
173,1,298.2,308.0,1591,33.7,32,0,0,0,0,0,0
174,0,298.2,308.1,1306,58.3,35,0,0,0,0,0,0
175,0,298.2,308.1,1382,43.5,37,0,0,0,0,0,0
176,0,298.2,308.1,1618,34.7,39,0,0,0,0,0,0
178,0,298.2,308.2,1436,50.2,43,0,0,0,0,0,0
179,0,298.2,308.3,1304,49.8,45,0,0,0,0,0,0
180,0,298.2,308.3,1475,49.9,47,0,0,0,0,0,0
181,2,298.2,308.3,1824,24.2,49,0,0,0,0,0,0
182,1,298.1,308.2,1342,48.1,54,0,0,0,0,0,0
183,0,298.1,308.2,1485,40.7,57,0,0,0,0,0,0
184,0,298.2,308.2,1667,30.6,59,0,0,0,0,0,0
185,0,298.2,308.2,1446,38.2,61,0,0,0,0,0,0
186,0,298.1,308.3,1301,56.0,63,0,0,0,0,0,0
187,0,298.2,308.4,1379,43.1,65,0,0,0,0,0,0
188,0,298.3,308.5,1606,33.6,67,0,0,0,0,0,0
189,1,298.3,308.4,1539,43.4,69,0,0,0,0,0,0
190,0,298.2,308.4,1477,49.9,72,0,0,0,0,0,0
191,0,298.2,308.4,1666,34.6,74,0,0,0,0,0,0
192,2,298.2,308.4,1398,51.8,76,0,0,0,0,0,0
193,2,298.2,308.4,1678,34.6,81,0,0,0,0,0,0
195,0,298.3,308.5,1453,42.9,89,0,0,0,0,0,0
196,2,298.3,308.6,1432,49.5,91,0,0,0,0,0,0
197,1,298.4,308.6,1527,40.9,96,0,0,0,0,0,0
198,0,298.4,308.7,1588,35.0,99,0,0,0,0,0,0
199,0,298.4,308.6,1433,47.1,101,0,0,0,0,0,0
200,0,298.4,308.6,1609,35.0,103,0,0,0,0,0,0
201,0,298.3,308.5,1575,41.2,105,0,0,0,0,0,0
202,1,298.4,308.5,1636,35.7,107,0,0,0,0,0,0
203,0,298.4,308.5,1490,37.9,110,0,0,0,0,0,0
204,0,298.4,308.5,1741,32.8,112,0,0,0,0,0,0
205,1,298.5,308.6,1344,53.0,114,0,0,0,0,0,0
206,0,298.5,308.7,1609,35.3,117,0,0,0,0,0,0
207,1,298.4,308.7,1421,60.7,119,1,0,0,1,0,0
208,0,298.4,308.6,1591,36.7,122,0,0,0,0,0,0
209,0,298.4,308.6,1477,44.0,124,0,0,0,0,0,0
210,0,298.4,308.7,1523,36.1,126,0,0,0,0,0,0
211,0,298.5,308.7,1575,33.9,128,0,0,0,0,0,0
212,2,298.4,308.7,1344,52.9,130,0,0,0,0,0,0
213,0,298.4,308.7,1386,44.9,135,0,0,0,0,0,0
214,1,298.3,308.6,1589,37.1,137,0,0,0,0,0,0
215,0,298.3,308.6,1548,40.3,140,0,0,0,0,0,0
216,0,298.3,308.6,1499,38.3,142,0,0,0,0,0,0
217,0,298.3,308.5,1664,31.6,144,0,0,0,0,0,0
218,0,298.3,308.6,1447,38.1,146,0,0,0,0,0,0
219,1,298.3,308.5,1434,46.2,148,0,0,0,0,0,0
220,0,298.3,308.5,1416,52.7,151,0,0,0,0,0,0
221,2,298.4,308.5,1827,24.3,153,0,0,0,0,0,0
222,0,298.4,308.6,1304,45.0,158,0,0,0,0,0,0
223,0,298.4,308.6,1569,34.4,160,0,0,0,0,0,0
224,0,298.3,308.6,1584,29.3,162,0,0,0,0,0,0
225,0,298.3,308.5,1362,53.8,164,0,0,0,0,0,0
226,0,298.3,308.4,1329,49.2,166,0,0,0,0,0,0
227,0,298.3,308.5,1539,36.1,168,0,0,0,0,0,0
228,1,298.3,308.5,1629,37.1,170,0,0,0,0,0,0
229,0,298.3,308.5,1538,32.2,173,0,0,0,0,0,0
230,0,298.3,308.6,1570,34.8,175,0,0,0,0,0,0
231,0,298.3,308.4,1408,43.1,177,0,0,0,0,0,0
232,0,298.2,308.4,1424,47.6,179,0,0,0,0,0,0
233,0,298.2,308.4,1512,34.9,181,0,0,0,0,0,0
234,0,298.2,308.4,1478,42.9,183,0,0,0,0,0,0
235,1,298.1,308.3,1680,33.7,185,0,0,0,0,0,0
236,0,298.1,308.3,1495,38.7,188,0,0,0,0,0,0
237,1,298.0,308.1,1552,36.6,190,0,0,0,0,0,0
238,0,297.9,308.1,1393,50.3,193,0,0,0,0,0,0
239,0,298.0,308.2,1611,30.6,195,0,0,0,0,0,0
240,1,298.0,308.1,1339,51.6,197,0,0,0,0,0,0
241,0,298.0,308.1,1777,24.3,200,0,0,0,0,0,0
242,0,298.0,308.2,1348,58.8,202,1,0,0,0,1,0
243,0,298.0,308.2,1442,44.1,204,0,0,0,0,0,0
244,1,298.0,308.2,1395,49.1,206,0,0,0,0,0,0
245,1,297.9,308.1,1627,31.4,209,0,0,0,0,0,0
246,0,297.9,308.1,1585,33.5,212,0,0,0,0,0,0
247,0,298.0,308.2,1469,45.5,214,0,0,0,0,0,0
248,0,298.0,308.3,1362,56.8,216,1,0,0,0,1,0
249,0,298.0,308.3,1405,56.2,218,1,0,0,0,1,0
250,0,298.0,308.3,1662,32.7,0,0,0,0,0,0,0
251,1,298.0,308.2,1466,42.6,2,0,0,0,0,0,0
252,0,298.0,308.2,1620,35.8,5,0,0,0,0,0,0
253,0,298.0,308.2,1357,48.2,7,0,0,0,0,0,0
254,0,298.0,308.2,1514,37.9,9,0,0,0,0,0,0
255,0,298.0,308.2,1489,40.4,11,0,0,0,0,0,0
256,0,298.1,308.3,1331,63.0,13,0,0,0,0,0,0
257,0,298.0,308.0,1615,29.5,15,0,0,0,0,0,0
258,0,298.1,308.2,1482,37.9,17,0,0,0,0,0,0
259,1,298.1,308.2,1420,63.9,19,1,0,0,1,0,0
260,1,298.2,308.3,1522,49.1,22,0,0,0,0,0,0
261,0,298.1,308.2,1654,32.1,25,0,0,0,0,0,0
262,1,298.1,308.2,1736,26.8,27,0,0,0,0,0,0
263,1,298.0,308.1,1587,32.3,30,0,0,0,0,0,0
264,0,298.1,308.2,1390,47.5,33,0,0,0,0,0,0
265,0,298.0,308.1,1454,37.1,35,0,0,0,0,0,0
266,2,298.0,308.1,1440,43.7,37,0,0,0,0,0,0
268,2,297.9,308.0,1800,24.8,44,0,0,0,0,0,0
269,0,298.0,308.0,1524,37.0,49,0,0,0,0,0,0
270,2,298.0,308.0,1520,39.6,51,0,0,0,0,0,0
271,1,298.1,308.1,1452,40.8,56,0,0,0,0,0,0
272,0,298.1,308.1,1484,40.4,59,0,0,0,0,0,0
273,0,298.1,308.0,1426,46.0,61,0,0,0,0,0,0
274,0,298.1,308.0,1652,28.5,63,0,0,0,0,0,0
275,0,298.0,308.0,1401,54.7,65,0,0,0,0,0,0
276,1,298.0,307.9,1750,26.6,67,0,0,0,0,0,0
277,2,298.0,308.0,1479,50.7,70,0,0,0,0,0,0
278,1,298.0,308.0,1620,29.4,75,0,0,0,0,0,0
279,0,298.0,308.1,1819,23.4,78,0,0,0,0,0,0
280,1,298.1,308.1,1456,43.7,80,0,0,0,0,0,0
281,0,298.1,308.0,1626,36.5,83,0,0,0,0,0,0
282,1,298.1,308.1,1390,49.8,85,0,0,0,0,0,0
283,0,298.2,308.2,1469,43.0,88,0,0,0,0,0,0
285,0,298.2,308.3,1568,36.0,92,0,0,0,0,0,0
286,0,298.2,308.3,1589,33.2,94,0,0,0,0,0,0
287,0,298.2,308.3,1805,31.6,96,0,0,0,0,0,0
288,2,298.2,308.4,1385,42.2,98,0,0,0,0,0,0
289,0,298.1,308.4,1436,46.7,103,0,0,0,0,0,0
290,0,298.1,308.4,1438,45.6,105,0,0,0,0,0,0
291,0,298.0,308.3,1473,42.6,107,0,0,0,0,0,0
292,0,298.1,308.4,1335,40.2,109,0,0,0,0,0,0
293,2,298.1,308.5,1392,44.8,111,0,0,0,0,0,0
294,1,298.1,308.5,1372,51.1,116,0,0,0,0,0,0
295,1,298.1,308.6,1716,30.7,119,0,0,0,0,0,0
296,0,298.0,308.5,1395,46.2,122,0,0,0,0,0,0
297,0,298.0,308.5,1713,25.3,124,0,0,0,0,0,0
299,1,297.8,308.3,1567,35.6,131,0,0,0,0,0,0
300,0,297.8,308.4,1622,38.3,134,0,0,0,0,0,0
301,0,297.7,308.4,1740,27.1,136,0,0,0,0,0,0
302,2,297.8,308.4,1512,35.1,138,0,0,0,0,0,0
303,1,297.8,308.4,1479,43.5,143,0,0,0,0,0,0
304,0,297.8,308.4,1737,27.5,146,0,0,0,0,0,0
306,0,297.8,308.4,1374,47.1,150,0,0,0,0,0,0
307,1,297.8,308.4,1579,36.6,152,0,0,0,0,0,0
308,0,297.9,308.5,1305,47.2,155,0,0,0,0,0,0
309,1,297.9,308.5,1449,40.8,157,0,0,0,0,0,0
310,2,298.0,308.6,1526,41.8,160,0,0,0,0,0,0
311,1,298.0,308.6,1453,44.1,165,0,0,0,0,0,0
312,0,297.9,308.6,1468,36.0,168,0,0,0,0,0,0
313,0,298.0,308.6,1313,50.8,170,0,0,0,0,0,0
314,1,297.9,308.5,1300,53.0,172,0,0,0,0,0,0
315,0,297.9,308.4,1646,40.6,175,0,0,0,0,0,0
316,0,297.8,308.4,1714,33.2,177,0,0,0,0,0,0
317,0,297.8,308.4,1685,28.4,179,0,0,0,0,0,0
318,0,297.8,308.4,1512,39.9,181,0,0,0,0,0,0
319,0,297.8,308.4,1612,32.1,183,0,0,0,0,0,0
320,2,297.8,308.4,1550,38.2,185,0,0,0,0,0,0
321,0,297.8,308.4,1518,32.5,190,0,0,0,0,0,0
322,0,297.8,308.5,1448,40.0,192,0,0,0,0,0,0
323,0,297.8,308.5,1561,46.3,194,0,0,0,0,0,0
324,1,297.8,308.5,1488,41.9,196,0,0,0,0,0,0
325,0,297.8,308.5,1699,27.8,199,0,0,0,0,0,0
326,0,297.7,308.5,1501,41.4,201,0,0,0,0,0,0
327,0,297.7,308.5,1373,56.7,203,1,0,0,0,1,0
328,2,297.6,308.4,1703,31.4,205,0,0,0,0,0,0
329,2,297.7,308.5,1720,29.9,210,0,0,0,0,0,0
330,1,297.6,308.4,1398,41.9,215,0,0,0,0,0,0
331,1,297.6,308.4,1391,51.9,218,0,0,0,0,0,0
332,1,297.6,308.3,1538,40.2,0,0,0,0,0,0,0
333,0,297.5,308.2,1647,31.3,3,0,0,0,0,0,0
334,1,297.5,308.1,1469,44.8,5,0,0,0,0,0,0
335,0,297.4,308.1,1749,25.9,8,0,0,0,0,0,0
337,0,297.6,308.3,1742,27.7,13,0,0,0,0,0,0
338,0,297.5,308.2,1563,38.2,15,0,0,0,0,0,0
339,1,297.5,308.2,1713,32.2,17,0,0,0,0,0,0
340,0,297.4,308.1,1474,39.4,20,0,0,0,0,0,0
341,1,297.4,308.2,1530,32.6,22,0,0,0,0,0,0
342,0,297.4,308.2,1471,46.5,25,0,0,0,0,0,0
343,0,297.5,308.3,1388,48.6,27,0,0,0,0,0,0
345,0,297.5,308.3,1585,32.9,32,0,0,0,0,0,0
346,1,297.5,308.3,1459,45.2,34,0,0,0,0,0,0
347,0,297.5,308.3,1544,40.8,37,0,0,0,0,0,0
348,0,297.6,308.3,1617,31.7,39,0,0,0,0,0,0
349,0,297.6,308.3,1595,34.3,41,0,0,0,0,0,0
350,2,297.6,308.3,1400,44.3,43,0,0,0,0,0,0
351,1,297.6,308.4,1611,31.0,48,0,0,0,0,0,0
352,1,297.6,308.4,1507,46.0,51,0,0,0,0,0,0
353,2,297.5,308.3,1674,30.0,54,0,0,0,0,0,0
354,0,297.6,308.3,1658,34.3,59,0,0,0,0,0,0
355,0,297.6,308.3,1623,36.9,61,0,0,0,0,0,0
356,1,297.6,308.4,1398,48.9,63,0,0,0,0,0,0
357,0,297.6,308.4,1517,34.2,66,0,0,0,0,0,0
358,1,297.6,308.3,1467,36.7,68,0,0,0,0,0,0
359,1,297.6,308.3,1567,34.6,71,0,0,0,0,0,0
360,1,297.5,308.3,1521,38.2,74,0,0,0,0,0,0
361,0,297.5,308.3,1596,36.8,77,0,0,0,0,0,0
362,2,297.6,308.3,1640,30.9,79,0,0,0,0,0,0
363,0,297.6,308.3,1438,47.8,84,0,0,0,0,0,0
364,0,297.6,308.4,1407,55.2,86,0,0,0,0,0,0
365,0,297.6,308.4,1353,57.5,88,0,0,0,0,0,0
366,1,297.6,308.5,1552,40.9,90,0,0,0,0,0,0
367,1,297.6,308.4,1569,38.3,93,0,0,0,0,0,0
368,0,297.5,308.4,1489,39.5,96,0,0,0,0,0,0
369,2,297.5,308.4,1587,36.1,98,0,0,0,0,0,0
370,1,297.5,308.3,1622,37.2,103,0,0,0,0,0,0
371,0,297.5,308.4,1604,38.1,106,0,0,0,0,0,0
372,1,297.4,308.3,1405,51.7,108,0,0,0,0,0,0
373,0,297.4,308.3,1412,42.0,111,0,0,0,0,0,0
374,0,297.4,308.3,1431,43.0,113,0,0,0,0,0,0
375,0,297.4,308.2,1533,37.4,115,0,0,0,0,0,0
376,1,297.4,308.2,1401,51.9,117,0,0,0,0,0,0
377,1,297.4,308.2,1424,53.9,120,0,0,0,0,0,0
378,0,297.3,308.2,1754,29.4,123,0,0,0,0,0,0
379,0,297.3,308.2,1754,26.8,125,0,0,0,0,0,0
381,0,297.5,308.5,1546,40.4,129,0,0,0,0,0,0
382,0,297.5,308.5,1335,48.0,131,0,0,0,0,0,0
383,1,297.5,308.6,1842,27.0,133,0,0,0,0,0,0
384,0,297.5,308.5,1712,26.8,136,0,0,0,0,0,0
385,1,297.6,308.6,1414,45.4,138,0,0,0,0,0,0
386,0,297.6,308.7,1319,50.9,141,0,0,0,0,0,0
387,0,297.7,308.7,1249,60.4,143,0,0,0,0,0,0
388,0,297.6,308.7,1455,48.2,145,0,0,0,0,0,0
389,1,297.6,308.7,1408,54.8,147,0,0,0,0,0,0
390,0,297.6,308.7,1460,46.7,150,0,0,0,0,0,0
391,0,297.6,308.6,1491,38.1,152,0,0,0,0,0,0
392,1,297.6,308.5,1490,43.4,154,0,0,0,0,0,0
393,1,297.5,308.4,1350,52.2,157,0,0,0,0,0,0
394,0,297.5,308.4,1528,39.9,160,0,0,0,0,0,0
395,0,297.4,308.3,1571,37.7,162,0,0,0,0,0,0
396,0,297.4,308.3,1490,42.6,164,0,0,0,0,0,0
397,1,297.4,308.3,1774,28.9,166,0,0,0,0,0,0
398,2,297.4,308.3,1502,43.6,169,0,0,0,0,0,0
399,0,297.4,308.4,1392,49.7,174,0,0,0,0,0,0
401,0,297.5,308.5,1722,30.4,178,0,0,0,0,0,0
402,0,297.4,308.6,1678,32.3,180,0,0,0,0,0,0
403,0,297.3,308.6,1273,59.8,182,0,0,0,0,0,0
404,0,297.3,308.6,1297,45.9,184,0,0,0,0,0,0
405,0,297.3,308.5,1350,57.6,186,0,0,0,0,0,0
406,0,297.4,308.6,1439,51.9,188,0,0,0,0,0,0
407,1,297.4,308.5,1600,42.1,190,0,0,0,0,0,0
408,1,297.4,308.6,1434,44.4,193,0,0,0,0,0,0
409,0,297.4,308.6,1459,41.3,196,0,0,0,0,0,0
410,1,297.5,308.6,1472,44.9,198,0,0,0,0,0,0
411,0,297.5,308.7,1429,44.3,201,0,0,0,0,0,0
412,0,297.5,308.6,1388,48.2,203,0,0,0,0,0,0
413,0,297.4,308.4,1573,34.5,205,0,0,0,0,0,0
414,0,297.4,308.4,1588,32.5,207,0,0,0,0,0,0
415,0,297.5,308.4,1511,42.8,209,0,0,0,0,0,0
416,0,297.4,308.5,1495,37.8,211,0,0,0,0,0,0
417,0,297.4,308.4,1394,50.1,213,0,0,0,0,0,0
419,1,297.3,308.3,1501,38.2,2,0,0,0,0,0,0
420,1,297.3,308.3,1301,39.6,5,0,0,0,0,0,0
421,1,297.3,308.3,1657,31.1,8,0,0,0,0,0,0
422,0,297.3,308.3,1333,55.2,11,0,0,0,0,0,0
423,0,297.3,308.3,1484,43.9,13,0,0,0,0,0,0
424,0,297.3,308.4,1430,45.7,15,0,0,0,0,0,0
425,1,297.3,308.4,1665,28.9,17,0,0,0,0,0,0
426,0,297.4,308.5,1501,44.9,20,0,0,0,0,0,0
427,1,297.5,308.5,1496,42.2,22,0,0,0,0,0,0
428,1,297.6,308.6,1595,36.9,25,0,0,0,0,0,0
429,0,297.5,308.6,1208,62.3,28,0,0,0,0,0,0
430,0,297.5,308.6,1596,37.1,30,0,0,0,0,0,0
431,0,297.5,308.5,1446,41.9,32,0,0,0,0,0,0
432,1,297.6,308.5,1466,39.7,34,0,0,0,0,0,0
433,1,297.6,308.5,1848,23.7,37,0,0,0,0,0,0
434,1,297.5,308.5,1484,44.7,40,0,0,0,0,0,0
435,0,297.4,308.3,1493,41.2,43,0,0,0,0,0,0
436,0,297.3,308.3,1504,36.3,45,0,0,0,0,0,0
437,0,297.3,308.3,1538,38.5,47,0,0,0,0,0,0
438,0,297.4,308.4,1341,52.2,49,0,0,0,0,0,0
439,1,297.4,308.3,1535,34.6,51,0,0,0,0,0,0
440,0,297.4,308.5,1389,39.2,54,0,0,0,0,0,0
441,2,297.5,308.5,1393,46.6,56,0,0,0,0,0,0
442,0,297.4,308.5,1399,61.5,61,1,0,0,1,0,0
443,2,297.4,308.5,1469,45.1,63,0,0,0,0,0,0
444,0,297.4,308.4,1582,37.2,68,0,0,0,0,0,0
445,0,297.5,308.6,1793,26.7,70,0,0,0,0,0,0
446,0,297.5,308.6,1452,39.0,72,0,0,0,0,0,0
447,1,297.6,308.7,1376,59.9,74,0,0,0,0,0,0
448,0,297.5,308.6,1552,44.9,77,0,0,0,0,0,0
449,0,297.6,308.7,1622,37.9,79,0,0,0,0,0,0
450,1,297.6,308.7,1419,41.7,81,0,0,0,0,0,0
451,2,297.5,308.6,1440,46.1,84,0,0,0,0,0,0
452,1,297.4,308.6,1643,31.0,89,0,0,0,0,0,0
453,0,297.4,308.7,1510,36.2,92,0,0,0,0,0,0
454,0,297.4,308.7,1468,46.6,94,0,0,0,0,0,0
455,0,297.4,308.7,1429,57.4,96,0,0,0,0,0,0
456,2,297.3,308.7,1478,47.6,98,0,0,0,0,0,0
457,0,297.4,308.6,1276,53.6,103,0,0,0,0,0,0
458,0,297.3,308.6,1486,42.6,105,0,0,0,0,0,0
459,0,297.4,308.6,1476,42.3,107,0,0,0,0,0,0
460,2,297.3,308.6,1431,42.0,109,0,0,0,0,0,0
461,0,297.4,308.7,1402,40.2,114,0,0,0,0,0,0
462,0,297.4,308.7,1433,43.4,116,0,0,0,0,0,0
464,0,297.3,308.6,1511,35.7,120,0,0,0,0,0,0
465,1,297.3,308.6,1456,42.9,122,0,0,0,0,0,0
466,0,297.2,308.5,1550,41.5,125,0,0,0,0,0,0
468,0,297.3,308.7,1619,31.6,129,0,0,0,0,0,0
469,1,297.3,308.8,1586,32.7,131,0,0,0,0,0,0
470,2,297.3,308.8,1499,44.2,134,0,0,0,0,0,0
471,2,297.3,308.8,1419,42.4,139,0,0,0,0,0,0
472,1,297.4,309.0,1497,41.8,144,0,0,0,0,0,0
473,1,297.4,309.0,1520,37.0,147,0,0,0,0,0,0
474,0,297.4,309.1,1478,49.8,150,0,0,0,0,0,0
475,0,297.4,309.1,1380,41.1,152,0,0,0,0,0,0
476,0,297.4,309.0,1570,37.9,154,0,0,0,0,0,0
477,2,297.4,309.0,1468,41.4,156,0,0,0,0,0,0
478,0,297.4,309.0,1833,22.6,161,0,0,0,0,0,0
479,1,297.4,308.9,1323,57.3,163,0,0,0,0,0,0
480,0,297.4,309.0,1583,32.0,166,0,0,0,0,0,0
481,1,297.3,309.0,1556,39.5,168,0,0,0,0,0,0
482,0,297.3,309.0,1548,37.4,171,0,0,0,0,0,0
483,0,297.4,309.0,1324,56.9,173,0,0,0,0,0,0
484,0,297.4,309.0,1568,33.7,175,0,0,0,0,0,0
485,1,297.4,309.0,1685,30.7,177,0,0,0,0,0,0
486,1,297.4,309.1,1582,35.9,180,0,0,0,0,0,0
487,1,297.4,309.1,1463,35.0,183,0,0,0,0,0,0
488,0,297.4,309.2,1584,42.8,186,0,0,0,0,0,0
489,1,297.5,309.2,1347,55.8,188,0,0,0,0,0,0
490,0,297.4,309.2,1459,37.9,191,0,0,0,0,0,0
491,0,297.4,309.2,1420,45.6,193,0,0,0,0,0,0
492,0,297.5,309.3,1404,43.5,195,0,0,0,0,0,0
493,0,297.5,309.3,1470,38.8,197,0,0,0,0,0,0
494,0,297.6,309.4,1326,49.8,199,0,0,0,0,0,0
495,2,297.5,309.3,1459,49.7,201,0,0,0,0,0,0
496,1,297.5,309.2,1530,40.0,206,0,0,0,0,0,0
497,0,297.4,309.0,1505,39.2,209,0,0,0,0,0,0
498,0,297.5,309.1,1611,30.2,211,0,0,0,0,0,0
499,0,297.5,309.1,1515,35.1,213,0,0,0,0,0,0
500,1,297.5,309.2,1804,27.4,215,0,0,0,0,0,0
501,1,297.6,309.3,1464,46.2,218,0,0,0,0,0,0
502,0,297.6,309.2,1390,43.3,221,0,0,0,0,0,0
503,1,297.6,309.2,1442,48.1,0,0,0,0,0,0,0
504,1,297.6,309.3,1529,41.9,3,0,0,0,0,0,0
505,0,297.6,309.3,1610,35.0,6,0,0,0,0,0,0
506,0,297.6,309.3,1543,34.3,8,0,0,0,0,0,0
507,2,297.8,309.4,1445,48.2,10,0,0,0,0,0,0
508,0,297.7,309.3,1893,24.6,15,0,0,0,0,0,0
509,1,297.6,309.3,1415,41.3,17,0,0,0,0,0,0
510,0,297.5,309.3,1564,37.5,20,0,0,0,0,0,0
511,0,297.5,309.3,1479,39.4,22,0,0,0,0,0,0
512,0,297.5,309.2,1426,44.8,24,0,0,0,0,0,0
513,0,297.4,309.2,1428,38.8,26,0,0,0,0,0,0
514,0,297.4,309.2,1620,33.2,28,0,0,0,0,0,0
515,0,297.5,309.2,1715,28.0,30,0,0,0,0,0,0
516,0,297.5,309.3,1732,29.9,32,0,0,0,0,0,0
517,1,297.5,309.4,1391,58.2,34,0,0,0,0,0,0
520,0,297.6,309.5,1617,36.2,42,0,0,0,0,0,0
521,0,297.5,309.4,1497,35.8,44,0,0,0,0,0,0
522,1,297.5,309.5,1448,43.7,46,0,0,0,0,0,0
523,0,297.4,309.4,1401,45.9,49,0,0,0,0,0,0
524,0,297.4,309.4,1620,35.4,51,0,0,0,0,0,0
525,0,297.4,309.4,1466,45.5,53,0,0,0,0,0,0
526,0,297.6,309.5,1373,50.6,55,0,0,0,0,0,0
527,1,297.6,309.6,1592,35.8,57,0,0,0,0,0,0
528,1,297.5,309.5,1553,42.4,60,0,0,0,0,0,0
529,0,297.6,309.5,1569,36.2,63,0,0,0,0,0,0
530,1,297.6,309.5,1709,32.2,65,0,0,0,0,0,0
531,0,297.6,309.5,1549,34.9,68,0,0,0,0,0,0
532,0,297.5,309.4,1443,45.4,70,0,0,0,0,0,0
533,0,297.5,309.3,1675,29.8,72,0,0,0,0,0,0
534,0,297.5,309.3,1623,33.4,74,0,0,0,0,0,0
535,2,297.4,309.3,1365,52.4,76,0,0,0,0,0,0
536,0,297.4,309.3,1759,24.8,81,0,0,0,0,0,0
537,2,297.4,309.3,1516,43.0,83,0,0,0,0,0,0
538,1,297.4,309.3,1499,36.8,88,0,0,0,0,0,0
539,1,297.4,309.3,1775,25.8,91,0,0,0,0,0,0
540,0,297.4,309.4,1473,45.5,94,0,0,0,0,0,0
541,0,297.4,309.4,1296,52.3,96,0,0,0,0,0,0
542,0,297.5,309.4,1803,24.7,98,0,0,0,0,0,0
543,2,297.5,309.3,1563,36.1,100,0,0,0,0,0,0
544,1,297.5,309.4,1831,26.6,105,0,0,0,0,0,0
546,0,297.5,309.4,1809,24.3,110,0,0,0,0,0,0
547,1,297.5,309.4,1482,39.3,112,0,0,0,0,0,0
548,0,297.4,309.3,1332,53.2,115,0,0,0,0,0,0
549,0,297.4,309.2,1437,40.4,117,0,0,0,0,0,0
550,0,297.4,309.2,1698,29.4,119,0,0,0,0,0,0
551,0,297.4,309.2,1274,54.3,121,0,0,0,0,0,0
552,1,297.4,309.3,1622,35.0,123,0,0,0,0,0,0
553,1,297.4,309.3,1564,36.0,126,0,0,0,0,0,0
554,2,297.5,309.4,1368,45.3,129,0,0,0,0,0,0
555,1,297.4,309.4,1539,42.2,134,0,0,0,0,0,0
556,0,297.5,309.4,1357,50.1,137,0,0,0,0,0,0
557,1,297.5,309.4,1433,48.3,139,0,0,0,0,0,0
558,0,297.5,309.4,1650,34.6,142,0,0,0,0,0,0
559,0,297.5,309.4,1503,40.6,144,0,0,0,0,0,0
560,0,297.5,309.4,1318,58.2,146,0,0,0,0,0,0
561,1,297.5,309.4,1678,34.4,148,0,0,0,0,0,0
562,0,297.6,309.5,1574,30.9,151,0,0,0,0,0,0
563,0,297.7,309.6,1529,35.2,153,0,0,0,0,0,0
564,2,297.6,309.6,1669,32.1,155,0,0,0,0,0,0
565,2,297.7,309.7,1570,35.8,160,0,0,0,0,0,0
566,1,297.6,309.7,1541,33.7,165,0,0,0,0,0,0
567,1,297.7,309.7,1680,30.2,168,0,0,0,0,0,0
569,1,297.7,309.6,1596,35.2,173,0,0,0,0,0,0
570,0,297.7,309.7,1498,41.0,176,0,0,0,0,0,0
571,1,297.8,309.8,1676,29.0,178,0,0,0,0,0,0
572,0,297.8,309.9,1351,49.0,181,0,0,0,0,0,0
573,0,297.9,309.9,1472,45.0,183,0,0,0,0,0,0
574,1,297.9,310.0,1439,41.7,185,0,0,0,0,0,0
575,1,297.9,309.9,1410,55.4,188,0,0,0,0,0,0
576,2,297.7,309.7,1440,51.1,191,0,0,0,0,0,0
577,0,297.7,309.7,1591,37.7,196,0,0,0,0,0,0
578,0,297.8,309.8,1533,36.8,198,0,0,0,0,0,0
579,1,297.8,309.7,1700,31.3,200,0,0,0,0,0,0
580,1,297.8,309.8,1798,25.5,203,0,0,0,0,0,0
581,0,297.8,309.7,1394,42.9,206,0,0,0,0,0,0
582,0,297.8,309.7,1341,49.2,208,0,0,0,0,0,0
583,2,297.7,309.6,1697,32.2,210,0,0,0,0,0,0
584,2,297.6,309.6,1419,48.2,215,0,0,0,0,0,0
586,0,297.6,309.6,1501,49.8,222,1,0,0,0,1,0
587,2,297.6,309.5,1623,33.1,224,0,0,0,0,0,0
588,0,297.6,309.4,1628,33.4,229,0,0,0,0,0,0
589,0,297.6,309.4,1491,40.2,231,0,0,0,0,0,0
590,0,297.5,309.4,1517,36.7,233,0,0,0,0,0,0
591,2,297.5,309.3,1525,41.7,235,0,0,0,0,0,0
592,2,297.5,309.5,1668,27.9,240,0,0,0,0,0,0
593,0,297.5,309.6,1312,50.7,0,0,0,0,0,0,0
594,2,297.6,309.6,1278,50.4,2,0,0,0,0,0,0
595,1,297.6,309.6,1330,53.1,7,0,0,0,0,0,0
596,1,297.6,309.6,1530,37.3,10,0,0,0,0,0,0
597,2,297.6,309.6,1428,46.6,13,0,0,0,0,0,0
598,0,297.7,309.6,1480,47.9,18,0,0,0,0,0,0
599,2,297.7,309.7,1616,31.1,20,0,0,0,0,0,0
600,0,297.8,309.7,1547,37.3,25,0,0,0,0,0,0
604,0,297.9,309.9,1542,33.8,33,0,0,0,0,0,0
605,1,297.9,309.8,1693,29.9,35,0,0,0,0,0,0
606,0,297.9,309.8,1461,50.5,38,0,0,0,0,0,0
607,1,298.0,309.9,1565,33.9,40,0,0,0,0,0,0
608,0,298.0,309.9,1403,47.7,43,0,0,0,0,0,0
609,0,298.1,309.9,1629,32.5,45,0,0,0,0,0,0
610,0,298.1,310.0,1534,33.7,47,0,0,0,0,0,0
611,0,298.1,310.0,1553,40.9,49,0,0,0,0,0,0
612,0,298.1,309.9,1563,32.8,51,0,0,0,0,0,0
613,0,298.1,309.9,1634,30.0,53,0,0,0,0,0,0
614,1,298.0,309.9,1445,45.2,55,0,0,0,0,0,0
615,0,298.1,309.9,1642,30.4,58,0,0,0,0,0,0
616,2,298.1,309.9,1686,29.1,60,0,0,0,0,0,0
617,1,298.1,310.0,1393,43.1,65,0,0,0,0,0,0
618,2,298.2,310.0,1433,44.2,68,0,0,0,0,0,0
619,0,298.3,310.0,1507,44.7,73,0,0,0,0,0,0
620,1,298.3,310.1,1389,49.6,75,0,0,0,0,0,0
621,0,298.3,310.1,1408,45.3,78,0,0,0,0,0,0
622,1,298.4,310.2,1725,32.0,80,0,0,0,0,0,0
624,2,298.3,310.1,1509,37.6,85,0,0,0,0,0,0
625,0,298.3,310.1,1545,36.3,90,0,0,0,0,0,0
626,0,298.4,310.1,1533,35.2,92,0,0,0,0,0,0
627,0,298.4,310.1,1455,42.2,94,0,0,0,0,0,0
628,1,298.4,310.1,1335,57.8,96,0,0,0,0,0,0
629,0,298.3,310.1,1523,45.9,99,0,0,0,0,0,0
630,0,298.3,310.0,1460,47.6,101,0,0,0,0,0,0
631,0,298.4,310.0,1554,37.3,103,0,0,0,0,0,0
632,2,298.3,310.0,1419,47.1,105,0,0,0,0,0,0
633,0,298.3,310.0,1442,43.9,110,0,0,0,0,0,0
634,0,298.3,309.9,1507,41.6,112,0,0,0,0,0,0
635,0,298.3,310.0,1858,23.9,114,0,0,0,0,0,0
636,0,298.3,309.9,1463,43.9,116,0,0,0,0,0,0
637,0,298.2,309.7,1585,37.4,118,0,0,0,0,0,0
638,0,298.0,309.6,1536,37.3,120,0,0,0,0,0,0
639,0,298.0,309.6,1403,51.3,122,0,0,0,0,0,0
640,1,297.9,309.6,1515,38.8,124,0,0,0,0,0,0
641,0,297.9,309.5,1390,47.9,127,0,0,0,0,0,0
642,1,297.8,309.4,1226,58.7,129,0,0,0,0,0,0
643,1,297.8,309.4,1495,36.5,132,0,0,0,0,0,0
644,2,297.7,309.4,1608,30.2,135,0,0,0,0,0,0
645,0,297.7,309.4,1392,44.1,140,0,0,0,0,0,0
646,1,297.7,309.4,1461,43.7,142,0,0,0,0,0,0
647,0,297.7,309.3,1559,36.9,145,0,0,0,0,0,0
648,2,297.7,309.3,1400,48.9,147,0,0,0,0,0,0
649,1,297.7,309.2,1732,28.8,152,0,0,0,0,0,0
650,0,297.6,309.2,1611,33.1,155,0,0,0,0,0,0
651,0,297.6,309.1,1503,38.9,157,0,0,0,0,0,0
652,0,297.7,309.2,1391,44.5,159,0,0,0,0,0,0
654,0,297.8,309.2,1683,30.9,163,0,0,0,0,0,0
655,0,297.7,309.1,1435,38.8,165,0,0,0,0,0,0
656,1,297.7,309.1,1732,28.1,167,0,0,0,0,0,0
657,0,297.7,309.2,1365,58.6,170,0,0,0,0,0,0
658,0,297.7,309.1,1562,36.8,172,0,0,0,0,0,0
659,0,297.6,309.1,1449,49.1,174,0,0,0,0,0,0
660,1,297.7,309.2,1700,27.4,176,0,0,0,0,0,0
661,1,297.6,309.0,1427,45.6,179,0,0,0,0,0,0
662,1,297.6,308.9,1479,38.1,182,0,0,0,0,0,0
663,0,297.5,308.9,1469,44.0,185,0,0,0,0,0,0
664,0,297.5,308.9,1390,47.4,187,0,0,0,0,0,0
665,0,297.5,308.9,1729,28.1,189,0,0,0,0,0,0
666,0,297.5,309.0,1470,43.5,191,0,0,0,0,0,0
667,0,297.5,308.9,1459,48.5,193,0,0,0,0,0,0
668,0,297.5,308.9,1738,24.0,195,0,0,0,0,0,0
669,2,297.5,308.9,1471,37.7,197,0,0,0,0,0,0
670,0,297.6,309.0,1822,25.4,202,0,0,0,0,0,0
671,0,297.5,308.9,1554,34.8,204,0,0,0,0,0,0
672,1,297.6,308.9,1433,43.2,206,0,0,0,0,0,0
673,0,297.6,308.9,1449,47.7,209,0,0,0,0,0,0
674,0,297.8,309.0,1456,41.2,0,0,0,0,0,0,0
675,1,297.8,309.1,1424,45.5,2,0,0,0,0,0,0
676,2,297.9,309.2,1577,34.7,5,0,0,0,0,0,0
677,0,297.9,309.2,1478,39.7,10,0,0,0,0,0,0
678,1,297.8,309.2,1295,61.2,12,0,0,0,0,0,0
679,0,297.8,309.2,1372,47.3,15,0,0,0,0,0,0
680,1,297.8,309.1,1432,42.6,17,0,0,0,0,0,0
681,1,297.7,309.0,1656,33.2,20,0,0,0,0,0,0
682,2,297.8,309.0,1410,48.8,23,0,0,0,0,0,0
683,0,297.7,309.0,1874,24.4,28,0,0,0,0,0,0
684,0,297.7,309.0,1538,43.2,30,0,0,0,0,0,0
685,1,297.7,309.0,1636,29.7,32,0,0,0,0,0,0
686,1,297.7,309.0,1504,40.4,35,0,0,0,0,0,0
687,1,297.7,309.0,1531,42.4,38,0,0,0,0,0,0
688,2,297.6,309.0,1735,26.4,41,0,0,0,0,0,0
689,2,297.6,309.0,1354,55.6,46,0,0,0,0,0,0
690,2,297.6,309.0,1413,40.2,51,0,0,0,0,0,0
691,0,297.7,309.1,1563,39.3,56,0,0,0,0,0,0
692,0,297.7,309.1,1479,42.1,58,0,0,0,0,0,0
693,0,297.7,309.1,1477,38.3,60,0,0,0,0,0,0
694,0,297.6,309.1,1394,50.0,62,0,0,0,0,0,0
695,0,297.6,309.0,1487,45.4,64,0,0,0,0,0,0
696,1,297.6,309.0,1815,25.3,66,0,0,0,0,0,0
697,1,297.6,308.8,1453,39.7,69,0,0,0,0,0,0
698,0,297.6,308.8,1539,40.2,72,0,0,0,0,0,0
699,2,297.5,308.7,1416,39.2,74,0,0,0,0,0,0
700,1,297.6,308.8,1683,31.6,79,0,0,0,0,0,0
701,0,297.7,308.8,1515,40.1,82,0,0,0,0,0,0
702,1,297.7,308.9,1531,48.3,84,0,0,0,0,0,0
703,2,297.7,308.9,1479,40.9,87,0,0,0,0,0,0
704,0,297.7,308.9,1516,33.7,92,0,0,0,0,0,0
705,0,297.7,309.0,1507,38.2,94,0,0,0,0,0,0
706,1,297.8,309.0,1434,43.3,96,0,0,0,0,0,0
707,0,297.7,308.9,1838,27.3,99,0,0,0,0,0,0
708,1,297.6,308.8,1416,45.9,101,0,0,0,0,0,0
709,1,297.6,308.8,1357,49.7,104,0,0,0,0,0,0
710,1,297.5,308.7,1697,28.1,107,0,0,0,0,0,0
711,0,297.5,308.7,1443,46.2,110,0,0,0,0,0,0
712,0,297.5,308.7,1453,37.6,112,0,0,0,0,0,0
713,0,297.4,308.6,1439,46.4,114,0,0,0,0,0,0
714,0,297.4,308.6,1609,36.2,116,0,0,0,0,0,0
715,0,297.4,308.6,1324,59.1,118,0,0,0,0,0,0
716,2,297.4,308.6,1420,45.8,120,0,0,0,0,0,0
717,0,297.4,308.7,1545,36.9,125,0,0,0,0,0,0
718,0,297.5,308.8,1477,39.0,127,0,0,0,0,0,0
719,0,297.4,308.8,1447,58.1,129,0,0,0,0,0,0
720,0,297.4,308.9,1809,23.8,131,0,0,0,0,0,0
721,0,297.5,308.9,1696,30.9,133,0,0,0,0,0,0
722,0,297.5,308.9,1427,44.7,135,0,0,0,0,0,0
723,1,297.4,308.9,1500,46.3,137,0,0,0,0,0,0
724,0,297.5,308.9,1390,44.6,140,0,0,0,0,0,0
725,0,297.4,308.8,1640,34.2,142,0,0,0,0,0,0
726,1,297.4,308.8,1628,37.4,144,0,0,0,0,0,0
727,2,297.3,308.6,1499,37.6,147,0,0,0,0,0,0
728,1,297.4,308.7,1425,50.3,152,0,0,0,0,0,0
729,0,297.3,308.6,1586,37.7,155,0,0,0,0,0,0
730,1,297.3,308.6,1471,50.7,157,0,0,0,0,0,0
731,1,297.3,308.6,1431,53.0,160,0,0,0,0,0,0
733,1,297.1,308.4,1421,42.0,165,0,0,0,0,0,0
734,2,297.0,308.4,1305,54.6,168,0,0,0,0,0,0
735,0,296.9,308.4,1557,32.4,173,0,0,0,0,0,0
736,0,296.9,308.3,1555,38.2,175,0,0,0,0,0,0
737,2,296.9,308.3,1474,39.2,177,0,0,0,0,0,0
738,0,296.8,308.3,1506,45.9,182,0,0,0,0,0,0
739,0,296.9,308.4,1390,41.8,184,0,0,0,0,0,0
740,1,296.9,308.4,1450,46.9,186,0,0,0,0,0,0
741,0,296.9,308.3,1513,38.8,189,0,0,0,0,0,0
742,0,296.8,308.2,1643,34.7,191,0,0,0,0,0,0
743,0,296.8,308.2,1361,53.8,193,0,0,0,0,0,0
744,0,296.7,308.1,1450,40.9,195,0,0,0,0,0,0
745,0,296.7,308.0,1451,50.7,197,0,0,0,0,0,0
746,0,296.8,308.1,1289,62.0,199,1,0,0,0,1,0
747,0,296.8,308.1,1356,48.3,201,0,0,0,0,0,0
748,2,296.7,308.1,1528,46.3,203,0,0,0,0,0,0
750,0,296.7,308.0,1535,36.8,210,0,0,0,0,0,0
751,1,296.8,308.1,1843,24.2,212,0,0,0,0,0,0
752,0,296.9,308.1,1422,48.7,215,0,0,0,0,0,0
753,0,296.8,308.0,1536,40.4,217,0,0,0,0,0,0
754,1,296.9,308.1,1483,44.3,219,0,0,0,0,0,0
755,2,296.8,308.1,1492,43.7,222,0,0,0,0,0,0
756,0,296.8,308.0,1584,40.4,227,0,0,0,0,0,0
757,0,296.9,308.1,1555,33.7,229,0,0,0,0,0,0
758,0,296.8,308.0,1497,41.7,231,0,0,0,0,0,0
759,1,296.7,307.8,1537,36.3,233,0,0,0,0,0,0
760,0,296.7,307.8,1505,39.4,236,0,0,0,0,0,0
761,0,296.7,307.8,1646,34.6,238,0,0,0,0,0,0
762,1,296.7,307.8,1286,60.5,0,0,0,0,0,0,0
763,0,296.7,307.8,1400,47.5,3,0,0,0,0,0,0
764,0,296.8,307.9,1337,56.5,5,0,0,0,0,0,0
765,0,296.9,308.0,1332,53.9,7,0,0,0,0,0,0
766,0,296.8,308.0,1561,38.3,9,0,0,0,0,0,0
767,0,296.9,308.0,1546,31.1,11,0,0,0,0,0,0
768,0,296.9,308.0,1713,29.3,13,0,0,0,0,0,0
769,0,296.9,308.0,1343,44.5,15,0,0,0,0,0,0
770,0,296.8,308.0,1391,54.4,17,0,0,0,0,0,0
771,2,296.8,308.0,1311,58.6,19,0,0,0,0,0,0
772,2,296.8,308.0,1453,51.0,24,0,0,0,0,0,0
773,0,296.8,308.0,1510,39.4,29,0,0,0,0,0,0
774,0,296.8,307.9,1448,48.8,31,0,0,0,0,0,0
775,0,296.7,307.8,1453,46.0,33,0,0,0,0,0,0
776,0,296.7,307.8,1468,39.2,35,0,0,0,0,0,0
777,0,296.7,307.8,1382,47.5,37,0,0,0,0,0,0
778,0,296.7,308.0,1580,32.2,39,0,0,0,0,0,0
779,0,296.8,308.0,1666,29.8,41,0,0,0,0,0,0
780,1,296.9,308.0,1409,50.7,43,0,0,0,0,0,0
781,0,296.8,308.0,1675,29.7,46,0,0,0,0,0,0
782,0,296.8,307.9,1698,30.8,48,0,0,0,0,0,0
783,2,296.7,307.9,1579,33.4,50,0,0,0,0,0,0
784,0,296.7,307.9,1743,27.9,55,0,0,0,0,0,0
785,1,296.9,308.0,1497,44.8,57,0,0,0,0,0,0
786,0,296.9,308.1,1741,28.8,60,0,0,0,0,0,0
787,0,296.9,308.1,1435,45.3,62,0,0,0,0,0,0
788,1,296.9,308.1,1440,46.3,64,0,0,0,0,0,0
789,1,296.9,308.0,1641,33.3,67,0,0,0,0,0,0
790,0,296.8,307.9,1420,45.4,70,0,0,0,0,0,0
791,0,296.8,307.9,1611,35.4,72,0,0,0,0,0,0
792,0,296.8,307.8,1373,42.9,74,0,0,0,0,0,0
793,1,296.8,307.9,1683,31.8,76,0,0,0,0,0,0
794,2,296.9,307.9,1547,32.6,79,0,0,0,0,0,0
795,0,296.9,307.8,1605,37.0,84,0,0,0,0,0,0
797,0,296.8,307.7,1565,40.1,89,0,0,0,0,0,0
798,1,296.9,307.8,1828,24.6,91,0,0,0,0,0,0
799,1,297.0,307.8,1579,34.1,94,0,0,0,0,0,0
800,1,297.0,307.9,1882,24.2,97,0,0,0,0,0,0
801,0,296.9,307.8,1285,52.1,100,0,0,0,0,0,0
802,0,296.9,307.8,1571,35.0,102,0,0,0,0,0,0
803,2,296.9,307.8,1549,37.8,104,0,0,0,0,0,0
804,1,296.9,307.8,1544,37.6,109,0,0,0,0,0,0
805,1,297.0,307.9,1412,47.4,112,0,0,0,0,0,0
806,1,297.0,307.9,1422,53.0,115,0,0,0,0,0,0
807,0,297.0,307.7,1867,22.8,118,0,0,0,0,0,0
808,0,296.9,307.7,1424,43.3,120,0,0,0,0,0,0
809,0,296.9,307.6,1452,45.7,122,0,0,0,0,0,0
810,0,296.9,307.7,1550,39.7,124,0,0,0,0,0,0
811,0,296.8,307.6,1588,37.6,126,0,0,0,0,0,0
812,0,296.8,307.6,1338,44.4,128,0,0,0,0,0,0
813,0,296.8,307.6,1513,40.0,130,0,0,0,0,0,0
814,1,296.8,307.5,1470,45.9,132,0,0,0,0,0,0
815,1,296.8,307.5,1516,36.7,135,0,0,0,0,0,0
816,0,296.8,307.6,1434,48.3,138,0,0,0,0,0,0
817,0,296.8,307.6,1368,52.0,140,0,0,0,0,0,0
818,0,296.8,307.6,1304,48.7,142,0,0,0,0,0,0
819,0,296.8,307.6,1398,46.7,144,0,0,0,0,0,0
820,0,296.7,307.6,1516,37.4,146,0,0,0,0,0,0
821,0,296.7,307.6,1474,41.7,148,0,0,0,0,0,0
822,1,296.7,307.6,1547,34.7,150,0,0,0,0,0,0
823,1,296.6,307.5,1482,39.9,153,0,0,0,0,0,0
824,0,296.6,307.4,1436,42.8,156,0,0,0,0,0,0
825,0,296.6,307.3,1474,40.0,158,0,0,0,0,0,0
826,0,296.5,307.2,1481,38.2,160,0,0,0,0,0,0
827,0,296.5,307.3,1501,42.1,162,0,0,0,0,0,0
828,0,296.5,307.3,1566,37.2,164,0,0,0,0,0,0
829,0,296.5,307.3,1579,34.5,166,0,0,0,0,0,0
830,0,296.6,307.4,1631,35.0,168,0,0,0,0,0,0
831,1,296.6,307.4,1544,42.3,170,0,0,0,0,0,0
832,0,296.6,307.4,1521,38.6,173,0,0,0,0,0,0
833,0,296.6,307.4,1616,28.0,175,0,0,0,0,0,0
834,2,296.6,307.4,1333,50.2,177,0,0,0,0,0,0
835,1,296.7,307.4,1533,32.5,182,0,0,0,0,0,0
836,0,296.6,307.4,1368,45.1,185,0,0,0,0,0,0
837,0,296.6,307.4,1465,47.8,187,0,0,0,0,0,0
838,2,296.6,307.4,1406,41.5,189,0,0,0,0,0,0
839,1,296.5,307.4,1565,43.5,194,0,0,0,0,0,0
840,0,296.6,307.5,1582,37.9,197,0,0,0,0,0,0
841,0,296.6,307.5,1439,45.5,199,0,0,0,0,0,0
842,1,296.6,307.5,1566,35.0,201,0,0,0,0,0,0
843,0,296.6,307.5,1485,42.7,204,0,0,0,0,0,0
844,0,296.5,307.5,1566,35.1,206,0,0,0,0,0,0
845,0,296.3,307.3,1439,41.5,208,0,0,0,0,0,0
846,1,296.4,307.4,1416,50.0,210,0,0,0,0,0,0
848,0,296.3,307.4,1465,47.1,215,0,0,0,0,0,0
849,2,296.4,307.4,1586,35.5,0,0,0,0,0,0,0
850,0,296.3,307.3,1567,31.4,5,0,0,0,0,0,0
851,1,296.2,307.2,1389,48.6,7,0,0,0,0,0,0
852,1,296.3,307.3,1368,49.5,10,0,0,0,0,0,0
853,0,296.3,307.3,1444,49.0,13,0,0,0,0,0,0
854,1,296.3,307.3,1498,41.6,15,0,0,0,0,0,0
855,0,296.1,307.2,1615,30.8,18,0,0,0,0,0,0
857,1,296.1,307.1,1350,53.3,22,0,0,0,0,0,0
858,1,296.2,307.0,1516,37.6,25,0,0,0,0,0,0
859,2,296.2,307.0,1542,40.6,28,0,0,0,0,0,0
860,2,296.1,306.9,1541,32.6,33,0,0,0,0,0,0
862,2,296.1,306.8,1645,31.0,41,0,0,0,0,0,0
863,0,296.0,306.7,1416,44.2,46,0,0,0,0,0,0
865,0,295.9,306.6,1414,50.2,51,0,0,0,0,0,0
866,0,295.9,306.6,1678,26.7,53,0,0,0,0,0,0
867,2,295.9,306.5,1594,33.2,55,0,0,0,0,0,0
868,1,295.8,306.5,1514,37.7,60,0,0,0,0,0,0
869,0,295.8,306.5,1358,49.2,63,0,0,0,0,0,0
870,0,295.8,306.4,1325,56.2,65,0,0,0,0,0,0
871,0,295.8,306.4,1339,53.2,67,0,0,0,0,0,0
872,1,295.8,306.4,1335,51.7,69,0,0,0,0,0,0
873,0,295.9,306.4,1892,21.7,72,0,0,0,0,0,0
874,0,295.9,306.4,1575,28.5,74,0,0,0,0,0,0
875,1,295.8,306.3,1444,45.5,76,0,0,0,0,0,0
877,1,295.6,306.2,1584,33.6,81,0,0,0,0,0,0
878,1,295.7,306.3,1685,34.9,84,0,0,0,0,0,0
879,0,295.8,306.3,1337,54.6,87,0,0,0,0,0,0
881,0,295.7,306.2,1464,46.2,92,0,0,0,0,0,0
882,1,295.7,306.2,1739,25.9,94,0,0,0,0,0,0
883,0,295.7,306.3,1490,34.3,97,0,0,0,0,0,0
884,0,295.8,306.4,1356,48.0,99,0,0,0,0,0,0
885,0,295.7,306.2,1397,52.0,101,0,0,0,0,0,0
886,0,295.7,306.2,1458,40.6,103,0,0,0,0,0,0
888,1,295.6,306.1,1651,28.1,110,0,0,0,0,0,0
889,0,295.6,306.1,1389,46.2,113,0,0,0,0,0,0
890,0,295.6,306.0,1370,52.4,115,0,0,0,0,0,0
891,0,295.7,306.1,1408,47.9,117,0,0,0,0,0,0
892,0,295.7,306.1,1343,54.4,119,0,0,0,0,0,0
893,1,295.7,306.2,1423,42.5,121,0,0,0,0,0,0
894,0,295.6,306.2,1426,48.6,124,0,0,0,0,0,0
895,1,295.6,306.2,1435,51.6,126,0,0,0,0,0,0
896,0,295.5,306.1,1573,35.1,129,0,0,0,0,0,0
897,0,295.6,306.2,1612,31.2,131,0,0,0,0,0,0
898,0,295.6,306.2,1446,49.9,133,0,0,0,0,0,0
899,2,295.6,306.2,1329,55.3,135,0,0,0,0,0,0
900,0,295.6,306.2,1569,35.1,140,0,0,0,0,0,0
901,2,295.6,306.1,1256,62.3,142,0,0,0,0,0,0
902,0,295.6,306.1,1383,48.7,147,0,0,0,0,0,0
904,2,295.7,306.2,1458,49.8,151,0,0,0,0,0,0
905,0,295.6,306.1,1474,41.2,156,0,0,0,0,0,0
906,1,295.6,306.1,1462,49.2,158,0,0,0,0,0,0
907,1,295.6,306.1,1669,29.0,161,0,0,0,0,0,0
908,1,295.5,306.1,1822,24.3,164,0,0,0,0,0,0
909,0,295.5,306.0,1456,39.2,167,0,0,0,0,0,0
910,0,295.5,306.0,1546,35.9,169,0,0,0,0,0,0
911,1,295.6,306.1,1490,42.7,171,0,0,0,0,0,0
912,0,295.6,306.0,1569,40.4,174,0,0,0,0,0,0
913,0,295.5,306.0,1621,29.5,176,0,0,0,0,0,0
914,1,295.4,305.9,1518,40.6,178,0,0,0,0,0,0
915,1,295.4,305.8,1526,38.2,181,0,0,0,0,0,0
916,1,295.3,305.8,1589,36.2,184,0,0,0,0,0,0
917,0,295.3,305.7,1475,51.0,187,0,0,0,0,0,0
918,1,295.3,305.7,1473,38.5,189,0,0,0,0,0,0
919,0,295.4,305.8,1407,50.7,192,0,0,0,0,0,0
920,1,295.5,305.9,1518,44.1,194,0,0,0,0,0,0
921,2,295.5,305.9,1593,37.2,197,0,0,0,0,0,0
922,1,295.5,305.9,1380,52.4,202,0,0,0,0,0,0
923,1,295.5,306.0,1423,45.3,205,0,0,0,0,0,0
924,0,295.5,306.0,1800,27.6,208,0,0,0,0,0,0
925,2,295.6,306.1,1623,30.9,210,0,0,0,0,0,0
926,0,295.6,306.1,1372,55.6,215,1,0,0,0,1,0
927,2,295.6,306.0,1396,52.4,0,0,0,0,0,0,0
929,0,295.6,306.0,1419,51.1,7,0,0,0,0,0,0
930,1,295.5,305.9,1453,47.3,9,0,0,0,0,0,0
931,0,295.5,305.9,1542,36.2,12,0,0,0,0,0,0
932,0,295.6,306.0,1363,50.0,14,0,0,0,0,0,0
933,0,295.5,306.0,1597,37.2,16,0,0,0,0,0,0
934,1,295.5,306.0,1326,50.8,18,0,0,0,0,0,0
935,1,295.5,306.0,1641,36.6,21,0,0,0,0,0,0
936,1,295.6,306.1,1418,46.2,24,0,0,0,0,0,0
937,0,295.6,306.2,1263,61.8,27,0,0,0,0,0,0
938,0,295.6,306.2,1823,25.8,29,0,0,0,0,0,0
939,0,295.5,306.1,1488,40.7,31,0,0,0,0,0,0
940,0,295.6,306.2,1443,48.9,33,0,0,0,0,0,0
941,0,295.6,306.2,1650,28.2,35,0,0,0,0,0,0
942,1,295.7,306.3,1462,44.3,37,0,0,0,0,0,0
943,1,295.6,306.2,1477,45.0,40,0,0,0,0,0,0
944,1,295.7,306.3,1712,28.5,43,0,0,0,0,0,0
945,1,295.7,306.3,1347,50.4,46,0,0,0,0,0,0
946,0,295.6,306.2,1287,54.8,49,0,0,0,0,0,0
947,0,295.6,306.2,1428,44.5,51,0,0,0,0,0,0
948,1,295.6,306.3,1426,45.5,53,0,0,0,0,0,0
949,0,295.6,306.3,1636,32.7,56,0,0,0,0,0,0
950,0,295.6,306.2,1424,42.5,58,0,0,0,0,0,0
951,2,295.6,306.3,1509,35.8,60,0,0,0,0,0,0
952,0,295.5,306.2,1448,48.9,65,0,0,0,0,0,0
953,0,295.5,306.1,1650,32.8,67,0,0,0,0,0,0
954,2,295.6,306.2,1414,42.5,69,0,0,0,0,0,0
956,2,295.6,306.2,1632,32.2,76,0,0,0,0,0,0
957,1,295.7,306.4,1387,40.1,81,0,0,0,0,0,0
958,0,295.8,306.4,1399,47.6,84,0,0,0,0,0,0
959,0,295.8,306.5,1505,35.2,86,0,0,0,0,0,0
960,0,295.8,306.5,1534,37.9,88,0,0,0,0,0,0
961,0,295.8,306.5,1493,40.5,90,0,0,0,0,0,0
962,1,295.8,306.6,1480,43.2,92,0,0,0,0,0,0
963,0,295.8,306.6,1621,31.6,95,0,0,0,0,0,0
964,0,295.7,306.5,1737,26.2,97,0,0,0,0,0,0
965,0,295.8,306.6,1508,46.5,99,0,0,0,0,0,0
966,1,295.8,306.5,1641,32.2,101,0,0,0,0,0,0
967,1,295.9,306.6,1532,38.6,104,0,0,0,0,0,0
968,0,295.9,306.7,1547,40.9,107,0,0,0,0,0,0
969,0,295.9,306.6,1412,41.0,109,0,0,0,0,0,0
970,0,295.8,306.5,1568,35.1,111,0,0,0,0,0,0
971,0,295.9,306.6,1557,41.1,113,0,0,0,0,0,0
972,0,295.8,306.6,1644,35.2,115,0,0,0,0,0,0
973,0,295.9,306.6,1679,30.4,117,0,0,0,0,0,0
974,0,296.0,306.6,1511,35.2,119,0,0,0,0,0,0
975,1,296.0,306.6,1628,36.8,121,0,0,0,0,0,0
976,1,296.0,306.6,1392,51.3,124,0,0,0,0,0,0
978,1,296.2,306.8,1526,42.3,129,0,0,0,0,0,0
979,0,296.2,306.8,1389,53.3,132,0,0,0,0,0,0
980,0,296.1,306.7,1409,42.8,134,0,0,0,0,0,0
981,0,296.2,306.8,1655,31.1,136,0,0,0,0,0,0
982,0,296.2,306.9,1516,39.1,138,0,0,0,0,0,0
983,0,296.2,306.9,1526,34.9,140,0,0,0,0,0,0
984,0,296.3,307.1,1419,48.6,142,0,0,0,0,0,0
985,0,296.4,307.2,1748,25.3,144,0,0,0,0,0,0
986,2,296.4,307.1,1638,32.5,146,0,0,0,0,0,0
987,1,296.3,307.1,1534,33.8,151,0,0,0,0,0,0
988,2,296.3,307.1,1774,25.9,154,0,0,0,0,0,0
990,0,296.2,307.0,1414,48.3,162,0,0,0,0,0,0
991,1,296.1,307.0,1523,42.0,164,0,0,0,0,0,0
992,0,296.1,307.1,1651,35.7,167,0,0,0,0,0,0
993,1,296.1,307.1,1485,36.0,169,0,0,0,0,0,0
994,1,296.2,307.2,1168,63.4,172,0,0,0,0,0,0
995,0,296.3,307.3,1566,35.8,175,0,0,0,0,0,0
996,1,296.3,307.2,1286,51.1,177,0,0,0,0,0,0
997,1,296.3,307.2,1446,45.9,180,0,0,0,0,0,0
999,0,296.3,307.1,1560,33.2,186,0,0,0,0,0,0
1000,0,296.3,307.1,1654,29.6,188,0,0,0,0,0,0
1001,0,296.3,307.1,1662,32.9,190,0,0,0,0,0,0
1002,0,296.3,307.2,1646,35.0,192,0,0,0,0,0,0
1003,0,296.2,307.1,1444,46.7,194,0,0,0,0,0,0
1004,2,296.3,307.2,1424,42.0,196,0,0,0,0,0,0
1005,0,296.2,307.2,1382,52.0,201,0,0,0,0,0,0
1006,0,296.2,307.1,1413,53.4,203,0,0,0,0,0,0
1007,1,296.2,307.2,1633,31.1,0,0,0,0,0,0,0
1008,0,296.2,307.1,1441,41.7,3,0,0,0,0,0,0
1009,1,296.2,307.2,1385,44.0,5,0,0,0,0,0,0
1010,1,296.2,307.2,1552,34.8,8,0,0,0,0,0,0
1011,1,296.2,307.3,1451,42.8,11,0,0,0,0,0,0
1012,1,296.1,307.1,1433,38.5,14,0,0,0,0,0,0
1013,1,296.1,307.2,1619,29.7,17,0,0,0,0,0,0
1014,0,296.2,307.2,1445,41.8,20,0,0,0,0,0,0
1015,0,296.2,307.2,1356,43.6,22,0,0,0,0,0,0
1017,0,296.3,307.2,1637,31.6,27,0,0,0,0,0,0
1018,0,296.3,307.2,1291,58.6,29,0,0,0,0,0,0
1019,0,296.3,307.3,1398,52.7,31,0,0,0,0,0,0
1020,0,296.3,307.3,1372,57.7,33,0,0,0,0,0,0
1021,1,296.3,307.2,1454,42.5,35,0,0,0,0,0,0
1022,0,296.2,307.2,1515,36.5,38,0,0,0,0,0,0
1023,0,296.2,307.3,1881,24.3,40,0,0,0,0,0,0
1024,0,296.2,307.3,1711,29.9,42,0,0,0,0,0,0
1025,0,296.2,307.3,1475,37.0,44,0,0,0,0,0,0
1026,0,296.4,307.4,1512,36.8,46,0,0,0,0,0,0
1027,1,296.3,307.4,1335,50.5,48,0,0,0,0,0,0
1028,0,296.3,307.4,1472,39.9,51,0,0,0,0,0,0
1029,1,296.2,307.3,1477,35.2,53,0,0,0,0,0,0
1030,0,296.3,307.4,1760,28.4,56,0,0,0,0,0,0
1031,0,296.4,307.5,1549,36.1,58,0,0,0,0,0,0
1032,0,296.3,307.4,1648,34.0,60,0,0,0,0,0,0
1033,2,296.4,307.5,1556,38.0,62,0,0,0,0,0,0
1035,0,296.4,307.4,1403,48.4,70,0,0,0,0,0,0
1036,1,296.4,307.5,1684,31.4,72,0,0,0,0,0,0
1037,2,296.4,307.5,1596,35.1,75,0,0,0,0,0,0
1038,0,296.6,307.6,1498,41.1,80,0,0,0,0,0,0
1039,0,296.7,307.7,1524,36.8,82,0,0,0,0,0,0
1040,0,296.7,307.7,1502,43.9,84,0,0,0,0,0,0
1041,0,296.6,307.6,1809,25.1,86,0,0,0,0,0,0
1042,0,296.6,307.6,1542,37.4,88,0,0,0,0,0,0
1043,0,296.5,307.6,1431,45.2,90,0,0,0,0,0,0
1044,0,296.5,307.6,1512,43.6,92,0,0,0,0,0,0
1045,2,296.4,307.5,1403,52.8,94,0,0,0,0,0,0
1046,0,296.4,307.5,1331,47.8,99,0,0,0,0,0,0
1047,1,296.6,307.7,1474,52.6,101,0,0,0,0,0,0
1048,0,296.5,307.6,1607,33.5,104,0,0,0,0,0,0
1049,0,296.5,307.6,1415,44.2,106,0,0,0,0,0,0
1050,0,296.6,307.6,1671,28.8,108,0,0,0,0,0,0
1051,0,296.6,307.7,1556,37.7,110,0,0,0,0,0,0
1053,1,296.7,307.7,1597,32.1,114,0,0,0,0,0,0
1054,2,296.8,307.8,1627,30.5,117,0,0,0,0,0,0
1055,0,296.8,307.8,1480,39.4,122,0,0,0,0,0,0
1056,0,296.8,307.8,1565,39.5,124,0,0,0,0,0,0
1057,0,296.8,307.8,1573,36.4,126,0,0,0,0,0,0
1058,0,296.7,307.8,1605,31.3,128,0,0,0,0,0,0
1059,1,296.7,307.9,1874,21.3,130,0,0,0,0,0,0
1060,2,296.7,307.9,1424,53.8,133,0,0,0,0,0,0
1061,0,296.7,307.9,1420,50.1,138,0,0,0,0,0,0
1062,0,296.8,307.9,1372,49.0,140,0,0,0,0,0,0
1063,1,296.8,307.8,1664,32.8,142,0,0,0,0,0,0
1064,1,296.8,307.9,1409,44.3,145,0,0,0,0,0,0
1065,0,296.8,307.9,1718,25.2,148,0,0,0,0,0,0
1066,1,296.9,307.8,1544,40.3,150,0,0,0,0,0,0
1067,0,296.9,307.8,1466,45.7,153,0,0,0,0,0,0
1068,0,296.8,307.8,1394,47.7,155,0,0,0,0,0,0
1069,1,296.9,307.8,1840,24.6,157,0,0,0,0,0,0
1070,1,296.9,307.8,1477,37.2,160,0,0,0,0,0,0
1071,0,296.9,307.8,1425,49.1,163,0,0,0,0,0,0
1072,1,297.0,307.9,1414,46.2,165,0,0,0,0,0,0
1073,0,297.0,307.8,1414,47.5,168,0,0,0,0,0,0
1074,0,297.0,307.9,1595,31.7,170,0,0,0,0,0,0
1075,2,296.9,307.8,1345,54.5,172,0,0,0,0,0,0
1076,0,296.9,307.7,1653,35.9,177,0,0,0,0,0,0
1077,0,296.8,307.6,1547,36.5,179,0,0,0,0,0,0
1078,2,296.9,307.7,1656,30.8,181,0,0,0,0,0,0
1079,0,297.0,307.7,1731,28.5,186,0,0,0,0,0,0
1080,0,297.0,307.8,1774,28.0,188,0,0,0,0,0,0
1081,0,297.0,307.8,1521,40.2,190,0,0,0,0,0,0
1082,2,297.1,307.9,1420,39.8,192,0,0,0,0,0,0
1083,0,297.0,307.8,1683,32.3,197,0,0,0,0,0,0
1084,1,297.0,307.7,1498,47.1,199,0,0,0,0,0,0
1085,0,297.0,307.8,1385,56.4,202,1,0,0,0,1,0
1086,0,297.0,307.9,1455,49.0,204,0,0,0,0,0,0
1087,2,296.9,307.8,1549,35.8,206,1,1,0,0,0,0
1088,1,296.9,307.8,1392,43.9,0,0,0,0,0,0,0
1090,0,296.9,307.7,1464,41.4,6,0,0,0,0,0,0
1091,0,297.0,307.7,1447,46.4,8,0,0,0,0,0,0
1092,1,296.9,307.6,1685,32.0,10,0,0,0,0,0,0
1093,1,296.8,307.5,1443,39.2,13,0,0,0,0,0,0
1094,0,296.9,307.5,1354,44.4,16,0,0,0,0,0,0
1096,0,297.0,307.6,1680,35.8,20,0,0,0,0,0,0
1097,2,296.9,307.5,1397,48.3,22,0,0,0,0,0,0
1098,1,296.9,307.4,1521,37.9,27,0,0,0,0,0,0
1099,1,296.8,307.4,1472,43.9,30,0,0,0,0,0,0
1100,2,296.8,307.5,1695,30.0,33,0,0,0,0,0,0
1101,2,296.7,307.5,1607,33.6,38,0,0,0,0,0,0
1102,0,296.8,307.5,1347,54.8,43,0,0,0,0,0,0
1103,1,296.7,307.4,1540,38.7,45,0,0,0,0,0,0
1104,0,296.6,307.4,1389,42.7,48,0,0,0,0,0,0
1105,1,296.6,307.5,1734,27.0,50,0,0,0,0,0,0
1106,0,296.7,307.6,1540,38.6,53,0,0,0,0,0,0
1107,1,296.7,307.5,1515,42.1,55,0,0,0,0,0,0
1108,0,296.6,307.4,1504,45.8,58,0,0,0,0,0,0
1109,0,296.6,307.5,1557,35.1,60,0,0,0,0,0,0
1110,0,296.5,307.4,1292,52.5,62,0,0,0,0,0,0
1111,2,296.5,307.4,1432,49.2,64,0,0,0,0,0,0
1112,1,296.5,307.4,1350,55.6,69,0,0,0,0,0,0
1113,1,296.6,307.4,1790,25.8,72,0,0,0,0,0,0
1114,2,296.4,307.3,1540,37.4,75,0,0,0,0,0,0
1116,0,296.4,307.3,1487,37.5,83,0,0,0,0,0,0
1117,0,296.5,307.4,1523,40.7,85,0,0,0,0,0,0
1118,0,296.5,307.5,1443,41.8,87,0,0,0,0,0,0
1119,0,296.5,307.5,1340,59.1,89,0,0,0,0,0,0
1120,2,296.6,307.7,1654,31.0,91,0,0,0,0,0,0
1121,0,296.6,307.6,1459,40.2,96,0,0,0,0,0,0
1122,0,296.5,307.6,1541,38.5,98,0,0,0,0,0,0
1123,2,296.6,307.7,1386,62.3,100,1,0,0,1,0,0
1125,1,296.7,307.8,1375,51.4,108,0,0,0,0,0,0
1126,0,296.8,307.9,1706,30.8,111,0,0,0,0,0,0
1127,1,296.7,307.8,1672,32.4,113,0,0,0,0,0,0
1128,1,296.8,307.9,1843,25.2,116,0,0,0,0,0,0
1129,0,296.7,307.9,1690,29.6,119,0,0,0,0,0,0
1130,0,296.8,307.9,1413,46.5,121,0,0,0,0,0,0
1131,0,296.8,307.9,1489,33.4,123,0,0,0,0,0,0
1132,0,296.8,307.9,1271,61.4,125,0,0,0,0,0,0
1133,1,296.8,307.9,1418,47.9,127,0,0,0,0,0,0
1134,1,296.9,307.8,1426,50.7,130,0,0,0,0,0,0
1135,0,296.9,307.9,1535,39.2,133,0,0,0,0,0,0
1136,0,296.9,307.8,1557,38.1,135,0,0,0,0,0,0
1137,0,296.9,307.8,1653,29.7,137,0,0,0,0,0,0
1138,0,296.9,307.9,1435,41.6,139,0,0,0,0,0,0
1139,1,297.0,307.9,1569,33.3,141,0,0,0,0,0,0
1140,1,296.9,307.9,1385,44.8,144,0,0,0,0,0,0
1141,0,297.0,307.9,1635,31.6,147,0,0,0,0,0,0
1142,0,296.9,307.9,1423,43.9,149,0,0,0,0,0,0
1143,0,297.0,307.9,1479,39.2,151,0,0,0,0,0,0
1145,0,297.0,307.8,1553,33.3,155,0,0,0,0,0,0
1146,0,297.0,307.9,1529,42.2,157,0,0,0,0,0,0
1147,1,297.1,308.0,1690,25.6,159,0,0,0,0,0,0
1148,0,297.1,308.0,1348,58.0,162,0,0,0,0,0,0
1149,0,297.2,308.1,1446,38.5,164,0,0,0,0,0,0
1150,0,297.1,307.9,1456,50.0,166,0,0,0,0,0,0
1151,0,297.0,307.9,1350,47.7,168,0,0,0,0,0,0
1152,0,297.1,307.9,1507,38.3,170,0,0,0,0,0,0
1153,2,297.0,307.9,1448,45.6,172,0,0,0,0,0,0
1154,0,296.9,307.9,1626,29.9,177,0,0,0,0,0,0
1155,2,297.0,307.9,1846,27.3,179,0,0,0,0,0,0
1156,2,297.0,307.8,1404,40.7,184,0,0,0,0,0,0
1157,0,297.0,307.8,1583,37.2,189,0,0,0,0,0,0
1158,0,297.0,307.9,1436,47.7,191,0,0,0,0,0,0
1159,0,297.0,307.8,1609,35.6,193,0,0,0,0,0,0
1160,2,297.0,307.7,1834,23.8,195,0,0,0,0,0,0
1161,0,297.0,307.8,1316,61.2,200,1,0,0,0,1,0
1162,0,296.9,307.8,1400,57.1,202,1,0,0,0,1,0
1163,0,296.9,307.9,1367,47.1,204,0,0,0,0,0,0
1164,0,297.1,308.1,1754,30.3,206,0,0,0,0,0,0
1165,0,297.1,308.1,1487,34.6,208,0,0,0,0,0,0
1166,1,297.1,308.1,1506,37.7,210,0,0,0,0,0,0
1167,0,297.0,308.1,1362,52.5,213,1,0,0,0,1,0
1168,0,297.1,308.1,1584,36.8,215,0,0,0,0,0,0
1169,0,297.0,308.1,1355,43.7,217,0,0,0,0,0,0
1170,1,297.1,308.1,1823,24.3,219,0,0,0,0,0,0
1171,2,297.0,308.1,1517,41.4,222,0,0,0,0,0,0
1172,0,297.1,308.1,1446,36.6,227,0,0,0,0,0,0
1173,2,297.1,308.0,1559,38.8,229,0,0,0,0,0,0
1174,1,297.1,308.1,1352,44.4,0,0,0,0,0,0,0
1175,1,297.2,308.3,1578,37.8,3,0,0,0,0,0,0
1176,1,297.2,308.3,1429,42.0,6,0,0,0,0,0,0
1177,1,297.2,308.3,1604,39.4,9,0,0,0,0,0,0
1178,0,297.3,308.5,1398,60.4,12,0,0,0,0,0,0
1179,0,297.3,308.4,1441,43.4,14,0,0,0,0,0,0
1180,2,297.3,308.4,1531,35.6,16,0,0,0,0,0,0
1181,0,297.2,308.3,1379,52.1,21,0,0,0,0,0,0
1182,0,297.3,308.3,1410,48.1,23,0,0,0,0,0,0
1183,0,297.3,308.4,1513,40.5,25,0,0,0,0,0,0
1184,0,297.3,308.5,1497,47.5,27,0,0,0,0,0,0
1185,0,297.3,308.4,1491,46.5,29,0,0,0,0,0,0
1186,0,297.3,308.4,1417,47.8,31,0,0,0,0,0,0
1187,1,297.4,308.6,1522,38.0,33,0,0,0,0,0,0
1188,0,297.3,308.4,1339,52.1,36,0,0,0,0,0,0
1189,1,297.2,308.3,1794,27.5,38,0,0,0,0,0,0
1190,0,297.2,308.4,1460,42.1,41,0,0,0,0,0,0
1191,1,297.2,308.3,1776,28.0,43,0,0,0,0,0,0
1192,1,297.2,308.3,1431,43.7,46,0,0,0,0,0,0
1193,0,297.1,308.2,1347,50.8,49,0,0,0,0,0,0
1194,1,297.0,308.1,1507,43.1,51,0,0,0,0,0,0
1195,1,297.0,308.0,1408,47.9,54,0,0,0,0,0,0
1196,1,297.0,307.9,1493,34.7,57,0,0,0,0,0,0
1197,1,296.9,307.9,1441,47.6,60,0,0,0,0,0,0
1198,2,296.9,307.9,1557,36.5,63,0,0,0,0,0,0
1200,1,296.9,308.0,1430,55.9,71,0,0,0,0,0,0
1201,0,296.9,308.0,1658,41.0,74,0,0,0,0,0,0
1202,1,297.0,308.1,1355,51.4,76,0,0,0,0,0,0
1203,2,297.0,308.1,1410,47.6,79,0,0,0,0,0,0
1204,0,296.9,308.0,1521,34.5,84,0,0,0,0,0,0
1205,0,296.8,308.0,1371,54.5,86,0,0,0,0,0,0
1206,2,296.9,308.0,1318,53.5,88,0,0,0,0,0,0
1207,1,297.0,308.1,1573,34.9,93,0,0,0,0,0,0
1208,0,297.0,308.1,1489,44.1,96,0,0,0,0,0,0
1210,0,297.0,308.1,1537,39.0,103,0,0,0,0,0,0
1211,2,296.9,308.0,1416,46.9,105,0,0,0,0,0,0
1212,0,296.9,307.9,1359,56.5,110,0,0,0,0,0,0
1213,1,296.8,307.8,1551,38.9,112,0,0,0,0,0,0
1214,1,296.8,307.8,1694,33.0,115,0,0,0,0,0,0
1215,0,296.8,307.9,1709,28.4,118,0,0,0,0,0,0
1216,0,296.9,308.0,1514,41.0,120,0,0,0,0,0,0
1217,0,297.0,308.1,1455,43.5,122,0,0,0,0,0,0
1218,1,297.0,308.2,1702,30.7,124,0,0,0,0,0,0
1219,1,296.9,308.1,1357,41.8,127,0,0,0,0,0,0
1220,0,297.0,308.2,1577,29.4,130,0,0,0,0,0,0
1221,1,297.0,308.3,1399,46.4,132,0,0,0,0,0,1
1222,0,297.0,308.3,1399,59.0,135,0,0,0,0,0,0
1223,0,297.0,308.3,1492,48.1,137,0,0,0,0,0,0
1224,0,297.1,308.3,1763,25.7,139,0,0,0,0,0,0
1225,2,297.1,308.3,1492,41.5,141,0,0,0,0,0,0
1226,0,297.1,308.4,1488,42.5,146,0,0,0,0,0,0
1227,0,297.1,308.4,1422,42.1,148,0,0,0,0,0,0
1228,1,297.1,308.4,1583,38.2,150,0,0,0,0,0,0
1229,0,297.1,308.4,1304,53.5,153,0,0,0,0,0,0
1230,1,297.1,308.4,1880,23.5,155,0,0,0,0,0,0
1231,1,297.2,308.5,1604,40.7,158,0,0,0,0,0,0
1232,0,297.2,308.6,1500,37.1,161,0,0,0,0,0,0
1233,1,297.2,308.5,1364,55.6,163,0,0,0,0,0,0
1235,2,297.1,308.4,1654,31.4,171,0,0,0,0,0,0
1236,2,297.1,308.4,1359,46.6,176,0,0,0,0,0,0
1237,1,297.1,308.4,1502,37.3,181,0,0,0,0,0,0
1238,1,297.1,308.4,1615,32.6,184,0,0,0,0,0,0
1239,2,297.2,308.5,1482,39.3,187,0,0,0,0,0,0
1240,0,297.2,308.6,1636,31.3,192,0,0,0,0,0,0
1241,1,297.1,308.5,1621,32.4,194,0,0,0,0,0,0
1242,0,297.1,308.4,1468,44.4,197,0,0,0,0,0,0
1243,1,297.1,308.4,1432,53.4,199,0,0,0,0,0,0
1244,0,297.1,308.4,1726,28.4,202,0,0,0,0,0,0
1245,1,297.1,308.4,1588,33.4,204,0,0,0,0,0,0
1246,2,297.2,308.5,1653,33.3,207,0,0,0,0,0,0
1247,0,297.2,308.5,1513,42.9,212,0,0,0,0,0,0
1248,0,297.2,308.6,1489,40.2,214,0,0,0,0,0,0
1249,0,297.3,308.7,1467,36.8,216,0,0,0,0,0,0
1250,0,297.3,308.7,1549,36.1,218,0,0,0,0,0,0
1251,1,297.4,308.8,1359,48.7,220,0,0,0,0,0,0
1252,0,297.5,308.8,1533,41.5,223,0,0,0,0,0,0
1253,0,297.5,308.8,1309,57.3,0,0,0,0,0,0,0
1254,2,297.5,308.8,1430,49.4,2,0,0,0,0,0,0
1255,2,297.5,308.9,1419,50.7,7,0,0,0,0,0,0
1256,1,297.5,308.9,1535,37.7,12,0,0,0,0,0,0
1257,0,297.5,308.9,1466,43.0,15,0,0,0,0,0,0
1258,0,297.5,308.9,1427,50.4,17,0,0,0,0,0,0
1259,1,297.5,308.9,1280,48.5,19,0,0,0,0,0,0
1260,0,297.6,309.0,1528,33.8,22,0,0,0,0,0,0
1261,2,297.6,309.0,1885,25.2,24,0,0,0,0,0,0
1262,2,297.8,309.2,1648,33.0,29,0,0,0,0,0,0
1263,0,297.8,309.2,1400,56.9,34,0,0,0,0,0,0
1265,0,297.9,309.4,1558,35.7,39,0,0,0,0,0,0
1266,0,298.0,309.6,1633,34.8,41,0,0,0,0,0,0
1267,1,298.1,309.6,1549,38.7,43,0,0,0,0,0,0
1268,0,298.0,309.5,1496,45.8,46,0,0,0,0,0,0
1269,0,298.1,309.5,1467,41.8,48,0,0,0,0,0,0
1270,1,298.0,309.4,1276,65.9,50,0,0,0,0,0,0
1271,2,298.0,309.4,1490,40.5,53,0,0,0,0,0,0
1272,2,298.0,309.4,1562,38.1,58,0,0,0,0,0,0
1273,0,298.1,309.4,1397,48.2,63,0,0,0,0,0,0
1274,2,298.1,309.5,1530,40.2,65,0,0,0,0,0,0
1275,1,298.1,309.4,1362,47.6,70,0,0,0,0,0,0
1276,1,298.2,309.4,1693,34.4,73,0,0,0,0,0,0
1277,1,298.2,309.4,1408,46.5,76,0,0,0,0,0,0
1278,0,298.2,309.4,1398,52.9,79,0,0,0,0,0,0
1279,1,298.3,309.6,1531,40.1,81,0,0,0,0,0,0
1280,2,298.3,309.5,1521,37.1,84,0,0,0,0,0,0
1281,2,298.3,309.5,1427,54.3,89,0,0,0,0,0,0
1282,0,298.3,309.4,1546,36.1,94,0,0,0,0,0,0
1283,0,298.3,309.4,1356,45.4,96,0,0,0,0,0,0
1285,1,298.5,309.6,1492,41.7,100,0,0,0,0,0,0
1286,0,298.5,309.6,1582,40.3,103,0,0,0,0,0,0
1287,0,298.5,309.6,1419,41.5,105,0,0,0,0,0,0
1288,1,298.5,309.6,1441,48.2,107,0,0,0,0,0,0
1289,1,298.6,309.7,1635,32.2,110,0,0,0,0,0,0
1290,0,298.6,309.7,1429,45.8,113,0,0,0,0,0,0
1291,1,298.6,309.7,1675,28.4,115,0,0,0,0,0,0
1292,1,298.7,309.7,1868,23.8,118,0,0,0,0,0,0
1293,2,298.7,309.8,1582,33.4,121,0,0,0,0,0,0
1294,0,298.8,309.9,1486,40.3,126,0,0,0,0,0,0
1295,0,298.7,309.8,1402,54.3,128,0,0,0,0,0,0
1296,0,298.7,309.9,1621,34.1,130,0,0,0,0,0,0
1297,0,298.8,309.9,1428,42.4,132,0,0,0,0,0,0
1298,1,298.7,309.8,1343,53.6,134,0,0,0,0,0,0
1299,1,298.7,309.9,1458,40.2,137,0,0,0,0,0,0
1300,0,298.7,309.8,1322,57.0,140,0,0,0,0,0,0
1301,0,298.7,309.9,1483,32.8,142,0,0,0,0,0,0
1302,0,298.6,309.8,1505,45.7,144,0,0,0,0,0,1
1303,0,298.7,309.9,1593,42.5,146,0,0,0,0,0,0
1305,0,298.8,310.0,1672,30.4,150,0,0,0,0,0,0
1306,0,298.8,310.0,1487,41.4,152,0,0,0,0,0,0
1307,0,298.8,310.0,1423,42.1,154,0,0,0,0,0,0
1308,0,298.9,310.1,1750,25.0,156,0,0,0,0,0,0
1309,0,298.9,310.2,1654,31.1,158,0,0,0,0,0,0
1310,0,298.9,310.2,1498,50.2,160,0,0,0,0,0,0
1311,0,298.9,310.1,1587,30.2,162,0,0,0,0,0,0
1312,0,298.9,310.1,1473,42.6,164,0,0,0,0,0,0
1313,0,298.9,310.2,1359,56.9,166,0,0,0,0,0,0
1314,1,299.0,310.3,1635,34.5,168,0,0,0,0,0,0
1315,0,299.0,310.3,1520,45.0,171,0,0,0,0,0,0
1316,0,299.0,310.3,1507,36.7,173,0,0,0,0,0,0
1317,0,299.0,310.3,1428,46.3,175,0,0,0,0,0,0
1318,1,299.0,310.3,1582,33.3,177,0,0,0,0,0,0
1320,1,299.0,310.3,1540,38.1,182,0,0,0,0,0,0
1321,0,298.9,310.2,1362,53.0,185,0,0,0,0,0,0
1322,2,298.9,310.1,1452,49.9,187,0,0,0,0,0,0
1323,0,298.9,310.1,1361,51.7,192,0,0,0,0,0,0
1325,2,298.8,310.1,1567,36.8,197,0,0,0,0,0,0
1326,0,298.9,310.2,1411,46.5,202,0,0,0,0,0,0
1327,0,298.8,310.2,1814,26.8,204,0,0,0,0,0,0
1328,1,298.8,310.1,1719,28.8,206,0,0,0,0,0,0
1329,2,298.8,310.2,1663,30.4,209,0,0,0,0,0,0
1330,0,298.9,310.2,1696,30.2,214,0,0,0,0,0,0
1331,2,298.9,310.2,1771,26.8,216,0,0,0,0,0,0
1332,0,299.0,310.3,1868,24.0,221,0,0,0,0,0,0
1333,1,299.0,310.3,1558,35.4,223,0,0,0,0,0,0
1334,0,299.0,310.4,1365,49.1,226,1,0,0,0,1,0
1335,0,299.0,310.4,1371,53.8,228,1,0,0,0,1,0
1336,0,298.9,310.3,1583,32.6,230,0,0,0,0,0,0
1337,2,298.7,310.2,1613,36.0,0,0,0,0,0,0,0
1338,0,298.6,310.1,1721,27.2,5,0,0,0,0,0,0
1339,1,298.6,310.2,1668,31.5,7,0,0,0,0,0,0
1340,0,298.6,310.2,1569,36.3,10,0,0,0,0,0,0
1341,1,298.6,310.2,1328,50.5,12,0,0,0,0,0,0
1342,1,298.6,310.1,1596,33.0,15,0,0,0,0,0,0
1343,0,298.5,310.2,1676,32.7,18,0,0,0,0,0,0
1344,0,298.5,310.1,1809,28.9,20,0,0,0,0,0,0
1345,0,298.5,310.0,1804,26.1,22,0,0,0,0,0,0
1346,0,298.6,310.1,1533,33.9,24,0,0,0,0,0,0
1347,0,298.7,310.2,1717,27.3,26,0,0,0,0,0,0
1348,0,298.7,310.2,1363,45.5,28,0,0,0,0,0,0
1349,0,298.7,310.2,1402,45.9,30,0,0,0,0,0,0
1350,0,298.7,310.2,1436,47.5,32,0,0,0,0,0,0
1351,0,298.7,310.2,1525,43.7,34,0,0,0,0,0,0
1352,1,298.7,310.2,1598,33.3,36,0,0,0,0,0,0
1353,1,298.6,310.1,1444,48.1,39,0,0,0,0,0,0
1354,0,298.6,310.0,1334,48.0,42,0,0,0,0,0,0
1355,1,298.6,310.0,1681,35.5,44,0,0,0,0,0,0
1356,0,298.6,309.9,1593,37.4,47,0,0,0,0,0,0
1357,0,298.6,309.9,1461,45.7,49,0,0,0,0,0,0
1358,1,298.7,310.1,1693,31.9,51,0,0,0,0,0,0
1359,0,298.7,310.2,1404,50.3,54,0,0,0,0,0,0
1360,2,298.8,310.2,1707,27.6,56,0,0,0,0,0,0
1361,1,298.6,310.1,1458,41.9,61,0,0,0,0,0,0
1362,0,298.6,310.0,1517,41.2,64,0,0,0,0,0,0
1363,0,298.7,310.1,1433,54.6,66,0,0,0,0,0,0
1364,0,298.7,310.2,1566,33.1,68,0,0,0,0,0,0
1365,0,298.7,310.1,1676,33.5,70,0,0,0,0,0,0
1366,1,298.7,310.1,1368,56.8,72,0,0,0,0,0,0
1367,1,298.8,310.2,1581,37.5,75,0,0,0,0,0,0
1368,2,298.8,310.3,1708,27.1,78,0,0,0,0,0,0
1369,1,298.7,310.3,1481,41.5,83,0,0,0,0,0,0
1370,0,298.7,310.3,1451,40.0,86,0,0,0,0,0,0
1371,1,298.7,310.3,1495,38.7,88,0,0,0,0,0,0
1372,1,298.8,310.3,1573,41.8,91,0,0,0,0,0,0
1373,1,298.8,310.3,1366,59.0,94,0,0,0,0,0,0
1374,0,298.8,310.3,1553,36.8,97,0,0,0,0,0,0
1375,1,298.8,310.3,1528,37.1,99,0,0,0,0,0,0
1376,1,298.8,310.2,1527,31.2,102,0,0,0,0,0,0
1377,0,298.8,310.2,1461,46.7,105,0,0,0,0,0,0
1378,2,298.8,310.2,1455,44.9,107,0,0,0,0,0,0
1379,0,298.7,310.1,1620,34.8,112,0,0,0,0,0,0
1380,0,298.7,310.1,1786,27.7,114,0,0,0,0,0,0
1381,1,298.8,310.2,1583,35.7,116,0,0,0,0,0,0
1382,0,298.8,310.1,1653,30.3,119,0,0,0,0,0,0
1383,1,298.9,310.2,1331,49.0,121,0,0,0,0,0,0
1384,0,298.9,310.3,1484,43.8,124,0,0,0,0,0,0
1385,1,298.9,310.2,1603,36.1,126,0,0,0,0,0,0
1386,0,298.9,310.2,1445,40.0,129,0,0,0,0,0,0
1387,0,298.9,310.1,1823,26.1,131,0,0,0,0,0,0
1388,2,298.9,310.1,1491,45.3,133,0,0,0,0,0,0
1389,0,298.9,310.2,1533,42.8,138,0,0,0,0,0,0
1390,0,298.9,310.2,1409,54.8,140,0,0,0,0,0,0
1392,1,299.0,310.3,1494,46.6,144,0,0,0,0,0,0
1393,0,299.1,310.4,1594,33.3,147,0,0,0,0,0,0
1394,0,299.1,310.4,1527,44.0,149,0,0,0,0,0,0
1395,0,299.1,310.4,1452,39.7,151,0,0,0,0,0,0
1396,0,299.0,310.3,1483,39.2,153,0,0,0,0,0,0
1397,0,299.1,310.2,1569,38.2,155,0,0,0,0,0,0
1398,0,299.1,310.3,1472,46.6,157,0,0,0,0,0,0
1399,0,299.0,310.2,1533,43.5,159,0,0,0,0,0,0
1400,2,298.9,310.1,1366,62.7,161,0,0,0,0,0,0
1401,2,298.9,310.2,1532,37.7,166,0,0,0,0,0,0
1402,1,298.9,310.1,1313,56.8,171,0,0,0,0,0,0
1403,0,299.0,310.2,1372,48.0,174,0,0,0,0,0,0
1404,1,298.9,310.1,1555,40.6,176,0,0,0,0,0,0
1405,0,298.9,310.1,1394,42.7,179,0,0,0,0,0,0
1406,0,298.9,310.1,1442,48.0,181,0,0,0,0,0,0
1407,0,298.9,310.0,1564,33.8,183,0,0,0,0,0,0
1408,0,298.9,310.0,1452,48.9,185,0,0,0,0,0,0
1409,0,298.9,310.1,1466,42.5,187,0,0,0,0,0,0
1410,1,298.9,310.1,1469,53.2,189,0,0,0,0,0,0
1412,1,298.8,309.9,1415,53.2,194,0,0,0,0,0,0
1413,1,298.7,309.8,1528,36.7,197,0,0,0,0,0,0
1414,1,298.7,309.8,1570,42.1,200,0,0,0,0,0,0
1415,0,298.7,309.9,1617,33.0,203,0,0,0,0,0,0
1417,0,298.7,309.9,1541,38.5,208,0,0,0,0,0,0
1418,0,298.8,309.9,1320,47.4,210,0,0,0,0,0,0
1419,0,298.7,309.8,1354,53.3,212,1,0,0,0,1,0
1420,1,298.8,309.9,1495,35.2,214,0,0,0,0,0,0
1421,0,298.7,309.8,1589,31.8,217,0,0,0,0,0,0
1422,0,298.7,309.8,1530,35.5,0,0,0,0,0,0,0
1423,0,298.7,309.8,1539,33.4,2,0,0,0,0,0,0
1424,0,298.7,309.7,1462,46.8,4,0,0,0,0,0,0
1425,0,298.6,309.7,1356,54.0,6,0,0,0,0,0,0
1426,1,298.7,309.7,1622,34.6,8,0,0,0,0,0,0
1427,0,298.7,309.8,1394,40.3,11,0,0,0,0,0,0
1428,0,298.8,309.9,1568,33.7,13,0,0,0,0,0,0
1429,1,298.9,310.0,1456,43.8,15,0,0,0,0,0,0
1430,0,298.9,310.0,1378,49.3,18,0,0,0,0,0,0
1431,1,298.9,309.9,1404,41.4,20,0,0,0,0,0,0
1432,0,298.8,309.8,1437,42.8,23,0,0,0,0,0,0
1433,0,298.8,309.8,1363,44.0,25,0,0,0,0,0,0
1434,1,298.8,309.8,1377,49.6,27,0,0,0,0,0,0
1435,2,298.8,309.9,1526,42.1,30,0,0,0,0,0,0
1436,2,298.8,309.8,1510,44.2,35,0,0,0,0,0,0
1437,2,298.8,309.9,1439,45.2,40,1,0,0,0,0,0
1438,0,298.8,309.9,1482,39.1,45,0,0,0,0,0,0
1439,1,298.8,309.8,1534,37.0,47,0,0,0,0,0,0
1440,1,298.8,309.9,1741,27.7,50,0,0,0,0,0,0
1441,0,298.8,309.9,1550,38.8,53,0,0,0,0,0,0
1442,1,298.8,310.0,1486,38.5,55,0,0,0,0,0,0
1443,0,298.9,310.1,1602,38.2,58,0,0,0,0,0,0
1444,0,299.0,310.2,1477,37.9,60,0,0,0,0,0,0
1445,0,299.0,310.1,1618,29.2,62,0,0,0,0,0,0
1446,1,299.0,310.2,1628,35.8,64,0,0,0,0,0,0
1447,1,299.0,310.3,1662,33.6,67,0,0,0,0,0,0
1448,1,299.0,310.3,1657,31.0,70,0,0,0,0,0,0
1449,2,299.0,310.4,1677,30.8,73,0,0,0,0,0,0
1450,1,299.0,310.3,1447,39.9,78,0,0,0,0,0,0
1451,0,298.9,310.4,1831,25.4,81,0,0,0,0,0,0
1452,0,299.0,310.3,1584,34.4,83,0,0,0,0,0,0
1453,0,299.1,310.4,1450,40.9,85,0,0,0,0,0,0
1454,0,299.1,310.4,1428,46.9,87,0,0,0,0,0,0
1455,0,299.0,310.4,1382,53.0,89,0,0,0,0,0,0
1456,0,299.0,310.3,1501,43.0,91,0,0,0,0,0,0
1457,0,299.0,310.3,1475,42.4,93,0,0,0,0,0,0
1458,0,298.9,310.3,1364,54.0,95,0,0,0,0,0,0
1459,0,299.0,310.3,1472,36.1,97,0,0,0,0,0,0
1460,0,299.0,310.3,1437,47.8,99,0,0,0,0,0,0
1461,0,298.9,310.2,1491,45.1,101,0,0,0,0,0,0
1462,0,298.9,310.2,1706,27.6,103,0,0,0,0,0,0
1463,0,298.8,310.1,1607,39.5,105,0,0,0,0,0,0
1464,0,298.8,310.0,1412,46.3,107,0,0,0,0,0,0
1465,0,298.7,309.8,1546,40.9,109,0,0,0,0,0,0
1466,0,298.7,309.8,1365,50.5,111,0,0,0,0,0,0
1467,0,298.6,309.8,1544,30.2,113,0,0,0,0,0,0
1468,1,298.6,309.8,1419,44.9,115,0,0,0,0,0,0
1469,0,298.6,309.8,1497,41.6,118,0,0,0,0,0,0
1470,0,298.5,309.7,1437,42.6,120,0,0,0,0,0,0
1471,0,298.5,309.6,1421,53.6,122,0,0,0,0,0,0
1472,1,298.5,309.6,1438,44.5,124,0,0,0,0,0,0
1473,1,298.5,309.5,1315,48.9,127,0,0,0,0,0,0
1474,1,298.5,309.5,1366,61.9,130,0,0,0,0,0,0
1475,1,298.4,309.5,1519,35.4,133,0,0,0,0,0,0
1476,0,298.4,309.5,1692,28.3,136,0,0,0,0,0,0
1477,0,298.3,309.4,1570,35.6,138,0,0,0,0,0,0
1478,0,298.3,309.4,1568,35.8,140,0,0,0,0,0,0
1479,0,298.2,309.3,1355,43.8,142,0,0,0,0,0,0
1481,1,298.2,309.2,1332,60.2,147,0,0,0,0,0,0
1482,1,298.1,309.1,1448,52.5,150,0,0,0,0,0,0
1483,0,298.0,308.9,1578,35.6,153,0,0,0,0,0,0
1484,1,298.0,309.0,1562,39.2,155,0,0,0,0,0,0
1486,1,298.2,309.2,1524,34.6,161,0,0,0,0,0,0
1487,0,298.2,309.1,1429,48.5,164,0,0,0,0,0,0
1488,0,298.2,309.1,1568,36.3,166,0,0,0,0,0,0
1489,1,298.2,309.0,1723,26.6,168,0,0,0,0,0,0
1490,0,298.2,309.0,1341,43.8,171,0,0,0,0,0,0
1491,1,298.1,308.9,1353,46.2,173,0,0,0,0,0,0
1492,1,298.0,308.7,1479,58.5,176,1,0,0,1,0,0
1493,0,298.0,308.8,1496,44.9,179,0,0,0,0,0,0
1494,1,298.0,308.7,1377,48.5,181,0,0,0,0,0,0
1495,2,297.9,308.5,1383,44.6,184,0,0,0,0,0,0
1497,0,298.0,308.7,1629,34.3,191,0,0,0,0,0,0
1498,0,298.0,308.8,1790,27.2,193,0,0,0,0,0,0
1501,1,298.0,308.7,1436,48.2,201,0,0,0,0,0,0
1502,0,298.0,308.7,1462,48.2,204,0,0,0,0,0,0
1503,0,298.0,308.7,1771,26.2,206,0,0,0,0,0,0
1504,0,298.0,308.7,1506,47.0,208,0,0,0,0,0,0
1505,0,298.0,308.7,1626,36.7,210,0,0,0,0,0,0
1506,0,298.0,308.8,1610,33.7,212,0,0,0,0,0,0
1507,1,298.0,308.6,1376,55.7,214,0,0,0,0,0,0
1508,1,298.0,308.6,1507,37.3,217,0,0,0,0,0,0
1509,0,298.0,308.5,1429,37.7,220,1,1,0,0,0,0
1510,1,298.1,308.7,1547,38.9,0,0,0,0,0,0,0
1511,0,298.1,308.7,1642,30.3,3,0,0,0,0,0,0
1512,2,298.0,308.7,1503,36.3,5,0,0,0,0,0,0
1513,0,298.1,308.7,1568,32.9,10,0,0,0,0,0,0
1514,1,298.1,308.8,1628,37.6,12,0,0,0,0,0,0
1515,1,298.2,308.9,1614,35.5,15,0,0,0,0,0,0
1516,0,298.2,308.9,1278,54.0,18,0,0,0,0,0,0
1517,1,298.2,308.9,1408,38.8,20,0,0,0,0,0,0
1518,2,298.2,309.0,1371,55.7,23,0,0,0,0,0,0
1519,1,298.2,308.9,1512,38.5,28,0,0,0,0,0,0
1520,0,298.3,309.1,1472,40.1,31,0,0,0,0,0,0
1521,1,298.2,308.9,1585,34.3,33,0,0,0,0,0,0
1522,2,298.2,309.0,1562,37.7,36,0,0,0,0,0,0
1523,0,298.3,309.0,1519,36.9,41,0,0,0,0,0,0
1524,0,298.2,309.0,1601,35.8,43,0,0,0,0,0,0
1526,0,298.1,309.0,1787,27.6,47,0,0,0,0,0,0
1527,2,298.1,309.1,1425,44.5,49,0,0,0,0,0,0
1528,0,298.1,309.0,1559,34.0,54,0,0,0,0,0,0
1529,0,298.1,309.0,1557,36.0,56,0,0,0,0,0,0
1530,0,298.1,309.0,1497,40.5,58,0,0,0,0,0,0
1531,2,298.1,309.0,1438,41.4,60,0,0,0,0,0,0
1532,1,298.1,308.9,1417,39.2,65,0,0,0,0,0,0
1533,1,298.0,308.9,1339,51.4,68,0,0,0,0,0,0
1534,0,298.0,308.8,1757,29.1,71,0,0,0,0,0,0
1535,0,298.0,308.8,1581,36.1,73,0,0,0,0,0,0
1536,1,298.2,308.9,1326,54.4,75,0,0,0,0,0,0
1537,1,298.4,309.1,1467,39.6,78,0,0,0,0,0,0
1538,0,298.4,309.1,1798,29.6,81,0,0,0,0,0,0
1539,1,298.5,309.2,1449,46.4,83,0,0,0,0,0,0
1540,1,298.4,309.1,1525,39.3,86,0,0,0,0,0,0
1542,0,298.3,308.9,1379,54.7,91,0,0,0,0,0,0
1543,0,298.4,308.9,1628,34.9,93,0,0,0,0,0,0
1544,0,298.4,309.0,1474,52.7,95,0,0,0,0,0,0
1545,1,298.4,309.0,1544,38.8,97,0,0,0,0,0,0
1546,0,298.4,308.9,1391,48.4,100,0,0,0,0,0,0
1547,0,298.3,308.9,1348,55.5,102,0,0,0,0,0,0
1548,1,298.3,308.8,1349,52.1,104,0,0,0,0,0,0
1549,0,298.4,308.9,1706,29.5,107,0,0,0,0,0,0
1550,0,298.4,308.9,1638,32.4,109,0,0,0,0,0,0
1551,0,298.4,308.8,1458,40.1,111,0,0,0,0,0,0
1552,0,298.5,308.9,1781,27.8,113,0,0,0,0,0,0
1553,0,298.5,308.8,1332,59.1,115,0,0,0,0,0,0
1554,1,298.4,308.7,1584,31.7,117,0,0,0,0,0,0
1555,0,298.4,308.6,1491,42.0,120,0,0,0,0,0,0
1556,2,298.4,308.5,1398,47.1,122,0,0,0,0,0,0
1557,0,298.3,308.4,1585,30.6,127,0,0,0,0,0,0
1558,1,298.2,308.3,1476,43.5,129,0,0,0,0,0,0
1559,0,298.2,308.3,1458,41.8,132,0,0,0,0,0,0
1560,1,298.2,308.4,1510,39.9,134,0,0,0,0,0,0
1561,0,298.2,308.4,1388,53.8,137,0,0,0,0,0,0
1563,0,298.2,308.3,1402,51.0,141,0,0,0,0,0,0
1565,0,298.0,308.2,1459,42.1,146,0,0,0,0,0,0
1566,1,298.0,308.1,1403,44.8,148,0,0,0,0,0,0
1567,0,298.1,308.2,1521,39.3,151,0,0,0,0,0,0
1568,0,298.2,308.2,1407,47.1,153,0,0,0,0,0,0
1569,1,298.1,308.2,1654,35.3,155,0,0,0,0,0,0
1570,0,298.2,308.4,1452,43.5,158,0,0,0,0,0,0
1571,0,298.3,308.4,1528,37.3,160,0,0,0,0,0,0
1572,0,298.2,308.3,1230,59.6,162,0,0,0,0,0,0
1573,0,298.2,308.2,1466,42.4,164,0,0,0,0,0,0
1574,0,298.2,308.2,1478,50.1,166,0,0,0,0,0,0
1576,0,298.3,308.4,1490,41.7,170,0,0,0,0,0,0
1577,0,298.3,308.4,1484,43.4,172,0,0,0,0,0,0
1578,0,298.3,308.4,1593,37.0,174,0,0,0,0,0,0
1579,0,298.3,308.3,1444,43.8,176,0,0,0,0,0,0
1580,1,298.3,308.4,1444,47.5,178,0,0,0,0,0,0
1581,1,298.2,308.3,1560,33.0,181,0,0,0,0,0,0
1582,2,298.1,308.3,1530,42.0,184,0,0,0,0,0,0
1583,0,298.2,308.4,1310,61.0,189,1,0,0,0,1,0
1584,1,298.2,308.3,1639,33.3,191,0,0,0,0,0,0
1585,0,298.2,308.3,1400,48.7,194,0,0,0,0,0,0
1586,1,298.3,308.4,1486,44.2,196,0,0,0,0,0,0
1587,1,298.2,308.3,1448,43.3,199,0,0,0,0,0,0
1588,0,298.2,308.3,1688,32.0,202,0,0,0,0,0,0
1589,1,298.1,308.3,1453,41.5,204,0,0,0,0,0,0
1590,0,298.2,308.4,1497,37.7,207,0,0,0,0,0,0
1591,0,298.2,308.4,1355,49.4,209,0,0,0,0,0,0
1592,0,298.1,308.4,1592,38.2,211,0,0,0,0,0,0
1593,0,298.0,308.3,1544,34.7,213,0,0,0,0,0,0
1594,1,298.0,308.2,1373,51.2,215,0,0,0,0,0,0
1595,0,298.0,308.2,1365,52.9,218,1,0,0,0,1,0
1596,0,298.0,308.1,1877,24.3,0,0,0,0,0,0,0
1597,0,297.9,308.1,1531,40.8,2,0,0,0,0,0,0
1598,0,297.9,308.0,1501,36.7,4,0,0,0,0,0,0
1599,0,297.9,308.0,1490,46.2,6,0,0,0,0,0,0
1600,1,297.8,307.8,1543,43.7,8,0,0,0,0,0,0
1601,0,297.8,307.8,1597,38.2,11,0,0,0,0,0,0
1602,2,297.8,307.9,1600,33.5,13,0,0,0,0,0,0
1603,1,297.8,307.8,1622,32.1,18,0,0,0,0,0,0
1604,0,297.8,307.8,1452,39.8,21,0,0,0,0,0,0
1605,0,297.8,307.8,1396,42.5,23,0,0,0,0,0,0
1606,0,297.8,307.7,1505,39.7,25,0,0,0,0,0,0
1607,0,297.8,307.8,1412,48.3,27,0,0,0,0,0,0
1608,0,297.8,307.7,1393,38.0,29,0,0,0,0,0,0
1609,0,297.7,307.7,1581,34.9,31,0,0,0,0,0,0
1610,0,297.8,307.8,1573,37.9,33,0,0,0,0,0,0
1611,1,297.8,307.9,1726,27.3,35,0,0,0,0,0,0
1612,1,297.9,307.9,1540,39.8,38,0,0,0,0,0,0
1613,0,297.9,308.0,1296,62.9,41,0,0,0,0,0,0
1614,1,297.8,307.9,1802,25.8,43,0,0,0,0,0,0
1615,0,297.8,307.9,1447,48.6,46,0,0,0,0,0,0
1616,2,297.8,307.8,1662,30.7,48,0,0,0,0,0,0
1617,0,297.8,307.8,1563,34.3,53,0,0,0,0,0,0
1618,0,297.9,307.8,1286,59.5,55,0,0,0,0,0,0
1619,0,297.9,307.7,1590,34.6,57,0,0,0,0,0,0
1620,0,297.9,307.7,1492,43.7,59,0,0,0,0,0,0
1621,0,297.7,307.6,1844,21.9,61,0,0,0,0,0,0
1622,2,297.7,307.6,1538,38.3,63,0,0,0,0,0,0
1624,1,297.8,307.8,1310,57.9,70,0,0,0,0,0,0
1625,0,297.9,307.8,1365,46.9,73,0,0,0,0,0,0
1626,1,297.9,307.8,1303,59.3,75,0,0,0,0,0,0
1627,0,297.9,307.8,1499,37.5,78,0,0,0,0,0,0
1628,0,297.9,307.8,1451,38.2,80,0,0,0,0,0,0
1629,1,297.9,307.9,1336,54.4,82,0,0,0,0,0,0
1630,0,297.9,307.9,1412,44.5,85,0,0,0,0,0,0
1631,0,298.0,308.0,1433,39.2,87,0,0,0,0,0,0
1632,0,297.9,307.9,1426,43.6,89,0,0,0,0,0,0
1633,0,297.9,307.9,1476,45.2,91,0,0,0,0,0,0
1634,2,297.9,307.9,1406,58.5,93,0,0,0,0,0,0
1635,0,297.8,307.8,1383,56.5,98,0,0,0,0,0,0
1636,0,297.9,307.8,1505,37.3,100,0,0,0,0,0,0
1637,0,297.9,307.8,1665,33.9,102,0,0,0,0,0,0
1638,0,297.9,307.8,1397,45.0,104,0,0,0,0,0,0
1639,1,297.9,307.8,1450,43.5,106,0,0,0,0,0,0
1640,0,298.0,307.8,1567,36.4,109,0,0,0,0,0,0
1641,1,298.0,308.0,1555,37.0,111,0,0,0,0,0,0
1642,2,298.0,307.8,1588,35.4,114,0,0,0,0,0,0
1643,0,298.0,307.8,1453,37.7,119,0,0,0,0,0,0
1644,0,298.0,307.8,1622,33.3,121,0,0,0,0,0,0
1645,0,297.9,307.8,1538,38.5,123,0,0,0,0,0,0
1646,1,297.9,307.7,1527,42.8,125,0,0,0,0,0,0
1647,0,297.8,307.8,1761,28.9,128,0,0,0,0,0,0
1648,0,297.9,307.8,1373,50.2,130,0,0,0,0,0,0
1649,2,298.0,307.9,1482,37.8,132,0,0,0,0,0,0
1650,1,298.0,307.9,1417,51.0,137,0,0,0,0,0,0
1651,0,298.0,307.8,1414,51.7,140,0,0,0,0,0,0
1652,2,297.9,307.8,1635,34.0,142,0,0,0,0,0,0
1653,0,298.0,307.8,1386,57.3,147,0,0,0,0,0,0
1654,0,298.2,308.1,1379,62.3,149,0,0,0,0,0,0
1655,1,298.2,308.0,1577,35.9,151,0,0,0,0,0,0
1656,0,298.2,308.1,1532,42.5,154,0,0,0,0,0,0
1657,1,298.1,308.0,1374,48.8,156,0,0,0,0,0,0
1658,2,298.1,308.0,1570,35.3,159,0,0,0,0,0,0
1659,0,298.1,308.0,1697,31.0,164,0,0,0,0,0,0
1660,0,298.2,308.0,1499,44.1,166,0,0,0,0,0,0
1661,1,298.2,308.0,1411,47.2,168,0,0,0,0,0,0
1662,2,298.2,307.9,1462,45.5,171,0,0,0,0,0,0
1663,1,298.1,307.9,1759,28.6,176,0,0,0,0,0,0
1664,0,298.2,308.0,1535,38.0,179,0,0,0,0,0,0
1665,2,298.2,307.9,1491,39.7,181,0,0,0,0,0,0
1666,0,298.2,307.9,1551,36.0,186,0,0,0,0,0,0
1667,0,298.2,307.9,1769,27.2,188,0,0,0,0,0,0
1668,0,298.2,307.9,1551,34.1,190,0,0,0,0,0,0
1669,0,298.2,307.9,1544,31.4,192,0,0,0,0,0,0
1670,0,298.2,307.8,1528,31.1,194,0,0,0,0,0,0
1671,0,298.1,307.9,1614,35.8,196,0,0,0,0,0,0
1672,0,298.1,307.8,1432,49.8,198,0,0,0,0,0,0
1673,1,298.1,307.8,1384,43.7,200,0,0,0,0,0,0
1674,0,298.1,307.8,1540,37.8,203,0,0,0,0,0,0
1675,0,298.0,307.7,1407,43.9,205,0,0,0,0,0,0
1676,2,297.9,307.6,1418,43.0,207,0,0,0,0,0,0
1677,1,297.9,307.5,1647,30.8,212,0,0,0,0,0,0
1678,0,298.0,307.5,1644,32.8,215,0,0,0,0,0,0
1679,0,298.0,307.5,1792,27.9,217,0,0,0,0,0,0
1680,1,297.9,307.4,1610,34.6,219,0,0,0,0,0,0
1681,1,297.8,307.3,1804,26.0,222,0,0,0,0,0,0
1682,2,297.9,307.4,1604,36.1,225,1,1,0,0,0,0
1683,1,297.9,307.4,1403,52.8,0,0,0,0,0,0,0
1684,0,297.8,307.3,1438,44.5,3,0,0,0,0,0,0
1685,0,297.9,307.3,1824,26.3,5,0,0,0,0,0,0
1686,2,297.9,307.3,1663,28.7,7,0,0,0,0,0,0
1687,0,297.9,307.3,1502,36.7,12,0,0,0,0,0,0
1688,0,297.9,307.4,1606,35.5,14,0,0,0,0,0,0
1689,0,297.9,307.5,1561,37.7,16,0,0,0,0,0,0
1690,1,297.9,307.4,1435,42.9,18,0,0,0,0,0,0
1691,0,297.9,307.5,1602,38.3,21,0,0,0,0,0,0
1692,1,298.1,307.6,1764,27.7,23,0,0,0,0,0,0
1693,2,298.0,307.5,1683,27.8,26,0,0,0,0,0,0
1694,0,298.0,307.5,1618,35.2,31,0,0,0,0,0,0
1695,0,298.0,307.6,1509,41.6,33,0,0,0,0,0,0
1696,0,297.9,307.6,1550,39.0,35,0,0,0,0,0,0
1697,1,297.9,307.6,1519,44.0,37,0,0,0,0,0,0
1698,0,297.9,307.6,1481,38.0,40,0,0,0,0,0,0
1699,0,298.1,307.7,1289,48.3,42,0,0,0,0,0,0
1700,1,298.0,307.6,1844,23.8,44,0,0,0,0,0,0
1701,0,298.0,307.7,1479,42.5,47,0,0,0,0,0,0
1702,0,298.0,307.7,1430,47.3,49,0,0,0,0,0,0
1703,1,298.1,307.8,1636,36.7,51,0,0,0,0,0,0
1704,1,298.1,307.8,1503,44.7,54,0,0,0,0,0,0
1705,1,298.1,307.8,1608,32.6,57,0,0,0,0,0,0
1706,0,298.2,307.8,1521,42.9,60,0,0,0,0,0,0
1707,0,298.2,307.8,1439,41.6,62,0,0,0,0,0,0
1708,0,298.2,307.8,1627,31.5,64,0,0,0,0,0,0
1709,0,298.2,307.8,1749,26.1,66,0,0,0,0,0,0
1710,0,298.2,307.8,1530,35.9,68,0,0,0,0,0,0
1711,0,298.2,307.8,1355,51.3,70,0,0,0,0,0,0
1712,0,298.3,307.9,1551,33.8,72,0,0,0,0,0,0
1713,0,298.2,307.8,1515,46.7,74,0,0,0,0,0,0
1714,0,298.2,307.8,1388,48.6,76,0,0,0,0,0,0
1715,0,298.2,307.8,1585,34.6,78,0,0,0,0,0,0
1716,0,298.1,307.7,1523,37.7,80,0,0,0,0,0,0
1717,0,298.2,307.6,1369,54.5,82,0,0,0,0,0,0
1718,1,298.2,307.7,1681,31.0,84,0,0,0,0,0,0
1719,0,298.2,307.7,1503,38.3,87,0,0,0,0,0,0
1720,0,298.2,307.7,1459,44.5,89,0,0,0,0,0,0
1721,0,298.2,307.7,1688,32.4,91,0,0,0,0,0,0
1724,1,298.3,307.8,1457,52.5,98,0,0,0,0,0,0
1725,1,298.3,307.8,1392,50.4,101,0,0,0,0,0,0
1727,1,298.3,307.7,1602,33.4,106,0,0,0,0,0,0
1728,0,298.3,307.7,1465,49.4,109,0,0,0,0,0,0
1729,1,298.3,307.7,1439,43.8,111,0,0,0,0,0,0
1730,1,298.3,307.8,1330,55.4,114,0,0,0,0,0,0
1731,1,298.3,307.9,1485,42.0,117,0,0,0,0,0,0
1732,2,298.4,307.9,1700,28.2,120,0,0,0,0,0,0
1733,0,298.4,308.0,1515,42.8,125,0,0,0,0,0,0
1734,1,298.5,308.1,1501,39.2,127,0,0,0,0,0,0
1735,0,298.4,308.0,1380,47.6,130,0,0,0,0,0,0
1736,0,298.4,307.9,1544,35.9,132,0,0,0,0,0,0
1737,0,298.4,307.9,1743,27.3,134,0,0,0,0,0,0
1739,2,298.5,307.9,1260,54.2,141,0,0,0,0,0,0
1740,1,298.5,307.9,1640,33.1,146,0,0,0,0,0,0
1741,1,298.5,308.0,1363,49.2,149,0,0,0,0,0,0
1742,0,298.5,308.0,1379,49.6,152,0,0,0,0,0,0
1743,1,298.5,308.0,1713,25.8,154,0,0,0,0,0,0
1744,1,298.5,308.0,1461,51.9,157,0,0,0,0,0,0
1745,0,298.5,308.0,1624,29.8,160,0,0,0,0,0,0
1746,0,298.4,308.0,1526,41.1,162,0,0,0,0,0,0
1748,2,298.4,307.7,1626,31.1,166,0,0,0,0,0,1
1749,0,298.3,307.7,1576,33.8,171,0,0,0,0,0,0
1750,1,298.4,307.8,1617,31.6,173,0,0,0,0,0,0
1752,0,298.2,307.6,1492,37.2,178,0,0,0,0,0,0
1753,0,298.2,307.5,1470,51.3,180,0,0,0,0,0,0
1754,1,298.0,307.4,1463,46.5,182,0,0,0,0,0,0
1755,0,298.0,307.3,1424,46.5,185,0,0,0,0,0,0
1756,1,298.1,307.4,1363,60.1,187,0,0,0,0,0,0
1757,1,298.1,307.4,1335,56.2,190,0,0,0,0,0,0
1758,0,298.1,307.4,1608,33.9,193,0,0,0,0,0,0
1759,2,298.0,307.4,1606,35.2,195,0,0,0,0,0,0
1760,0,298.1,307.5,1684,33.1,200,0,0,0,0,0,0
1762,2,298.2,307.6,1460,48.6,204,0,0,0,0,0,0
1763,0,298.2,307.6,1511,31.0,209,1,1,0,0,0,0
1764,2,298.2,307.6,1318,55.7,0,0,0,0,0,0,0
1765,0,298.2,307.6,1368,51.8,5,0,0,0,0,0,0
1766,1,298.3,307.7,1717,27.1,7,0,0,0,0,0,0
1767,1,298.3,307.7,1520,41.4,10,0,0,0,0,0,0
1768,1,298.3,307.8,1485,42.0,13,0,0,0,0,0,0
1770,2,298.4,307.9,1605,31.0,18,0,0,0,0,0,0
1771,0,298.4,307.9,1446,45.3,23,0,0,0,0,0,0
1772,0,298.4,308.0,1508,47.9,25,0,0,0,0,0,0
1773,0,298.5,308.0,1384,59.5,27,0,0,0,0,0,0
1774,1,298.5,308.0,1519,37.3,29,0,0,0,0,0,0
1775,0,298.5,308.0,1404,48.1,32,0,0,0,0,0,0
1776,0,298.5,308.1,1564,31.1,34,0,0,0,0,0,0
1777,2,298.6,308.2,1555,36.8,36,0,0,0,0,0,0
1778,0,298.6,308.2,1325,54.0,41,0,0,0,0,0,0
1779,1,298.6,308.2,1488,44.0,43,0,0,0,0,0,0
1780,0,298.5,308.2,1595,32.3,46,0,0,0,0,0,0
1781,0,298.5,308.1,1662,28.6,48,0,0,0,0,0,0
1782,0,298.4,308.0,1571,37.4,50,0,0,0,0,0,0
1783,2,298.3,308.0,1553,41.0,52,0,0,0,0,0,0
1785,0,298.2,308.0,1538,38.2,59,0,0,0,0,0,0
1786,0,298.4,308.2,1618,33.0,61,0,0,0,0,0,0
1787,0,298.4,308.2,1364,45.9,63,0,0,0,0,0,0
1788,0,298.3,308.0,1442,47.3,65,0,0,0,0,0,0
1790,0,298.2,307.9,1847,23.6,69,0,0,0,0,0,0
1791,0,298.1,307.8,1524,40.8,71,0,0,0,0,0,0
1792,1,298.1,307.7,1445,48.0,73,0,0,0,0,0,0
1793,0,298.1,307.8,1761,28.2,76,0,0,0,0,0,0
1794,1,298.1,307.8,1514,43.5,78,0,0,0,0,0,0
1795,1,298.1,307.7,1498,38.3,81,0,0,0,0,0,0
1796,2,298.1,307.6,1542,37.1,84,0,0,0,0,0,0
1797,1,298.0,307.6,1508,41.8,89,0,0,0,0,0,0
1798,1,298.0,307.5,1431,52.9,92,0,0,0,0,0,0
1799,1,298.0,307.5,1427,45.1,95,0,0,0,0,0,0
1800,1,298.0,307.5,1524,36.3,98,0,0,0,0,0,0
1801,1,298.0,307.5,1427,43.6,101,0,0,0,0,0,0
1802,2,298.1,307.6,1496,44.1,104,0,0,0,0,0,0
1803,0,298.1,307.7,1388,40.3,109,0,0,0,0,0,0
1804,0,298.1,307.7,1495,48.1,111,0,0,0,0,0,0
1805,2,298.1,307.7,1376,56.2,113,0,0,0,0,0,0
1806,2,298.0,307.6,1593,32.2,118,0,0,0,0,0,0
1807,0,298.0,307.6,1654,28.9,123,0,0,0,0,0,0
1809,0,298.1,307.7,1767,27.0,127,0,0,0,0,0,0
1810,0,298.1,307.6,1364,53.8,129,0,0,0,0,0,0
1811,1,298.1,307.8,1569,31.2,131,0,0,0,0,0,0
1812,0,298.2,307.8,1476,36.8,134,0,0,0,0,0,0
1813,0,298.1,307.7,1479,45.0,136,0,0,0,0,0,0
1814,0,298.1,307.7,1650,34.1,138,0,0,0,0,0,0
1815,1,298.1,307.6,1565,36.3,140,0,0,0,0,0,0
1816,0,298.1,307.6,1460,46.5,143,0,0,0,0,0,0
1817,0,298.1,307.7,1664,27.6,145,0,0,0,0,0,0
1818,1,298.1,307.7,1435,40.9,147,0,0,0,0,0,0
1820,0,298.1,307.5,1493,43.7,153,0,0,0,0,0,0
1821,0,298.1,307.6,1354,43.3,155,0,0,0,0,0,0
1822,0,298.1,307.6,1488,39.4,157,0,0,0,0,0,0
1823,0,298.1,307.7,1414,48.7,159,0,0,0,0,0,0
1824,0,298.1,307.5,1391,57.4,161,0,0,0,0,0,0
1825,1,298.0,307.5,1784,27.8,163,0,0,0,0,0,0
1826,2,297.8,307.3,1516,40.1,166,0,0,0,0,0,0
1827,1,297.9,307.3,1420,47.8,171,0,0,0,0,0,0
1828,0,297.8,307.2,1351,56.3,174,0,0,0,0,0,0
1829,0,297.8,307.2,1880,23.0,176,0,0,0,0,0,0
1830,0,297.8,307.3,1859,24.0,178,0,0,0,0,0,0
1831,1,297.8,307.3,1315,54.0,180,0,0,0,0,0,0
1832,1,297.8,307.4,1330,51.7,183,0,0,0,0,0,0
1833,0,297.8,307.3,1327,61.0,186,1,0,0,0,1,0
1834,0,297.8,307.2,1498,38.1,188,0,0,0,0,0,0
1835,2,297.8,307.3,1555,35.8,190,0,0,0,0,0,0
1836,0,297.7,307.2,1518,35.8,195,0,0,0,0,0,0
1837,0,297.7,307.2,1392,43.0,197,0,0,0,0,0,0
1838,1,297.8,307.2,1456,39.6,199,0,0,0,0,0,0
1839,0,297.7,307.1,1715,30.2,0,0,0,0,0,0,0
1840,1,297.7,307.2,1405,43.7,2,0,0,0,0,0,0
1841,0,297.7,307.2,1668,37.8,5,0,0,0,0,0,0
1842,2,297.7,307.1,1855,22.5,7,0,0,0,0,0,0
1843,0,297.6,307.1,1496,39.2,12,0,0,0,0,0,0
1844,1,297.6,307.1,1471,44.9,14,0,0,0,0,0,0
1845,0,297.7,307.2,1444,40.0,17,0,0,0,0,0,0
1846,2,297.7,307.3,1514,38.6,19,0,0,0,0,0,0
1847,0,297.8,307.3,1412,50.7,24,0,0,0,0,0,0
1848,2,297.7,307.2,1429,44.1,26,0,0,0,0,0,0
1849,0,297.7,307.2,1668,32.7,31,0,0,0,0,0,0
1850,1,297.7,307.2,1372,52.8,33,0,0,0,0,0,0
1851,1,297.7,307.3,1365,49.2,36,0,0,0,0,0,0
1852,1,297.6,307.1,1526,39.1,39,0,0,0,0,0,0
1853,0,297.6,307.2,1486,40.6,42,0,0,0,0,0,0
1854,1,297.6,307.2,1470,42.6,44,0,0,0,0,0,0
1855,2,297.7,307.3,1249,62.8,47,0,0,0,0,0,0
1856,1,297.8,307.4,1752,26.1,52,0,0,0,0,0,0
1857,0,297.7,307.4,1643,36.5,55,0,0,0,0,0,0
1858,1,297.8,307.4,1488,36.1,57,0,0,0,0,0,0
1859,0,297.8,307.4,1355,45.8,60,0,0,0,0,0,0
1860,0,297.8,307.6,1607,30.3,62,0,0,0,0,0,0
1861,1,297.9,307.6,1609,30.3,64,0,0,0,0,0,0
1862,0,297.9,307.7,1517,44.4,67,0,0,0,0,0,0
1863,1,297.9,307.7,1517,39.5,69,0,0,0,0,0,0
1864,0,297.9,307.7,1546,37.6,72,0,0,0,0,0,0
1865,0,297.9,307.7,1567,34.7,74,0,0,0,0,0,0
1866,1,298.1,307.9,1662,28.9,76,0,0,0,0,0,0
1867,0,298.1,307.9,1502,41.8,79,0,0,0,0,0,0
1868,0,298.3,308.0,1361,56.9,81,0,0,0,0,0,0
1869,1,298.3,308.1,1630,32.7,83,0,0,0,0,0,0
1870,0,298.3,308.0,1486,42.3,86,0,0,0,0,0,0
1871,0,298.3,308.1,1840,21.5,88,0,0,0,0,0,0
1872,0,298.3,308.1,1326,58.4,90,0,0,0,0,0,0
1873,0,298.4,308.1,1367,57.8,92,0,0,0,0,0,0
1874,0,298.4,308.1,1598,32.7,94,0,0,0,0,0,0
1875,0,298.3,308.0,1363,50.1,96,0,0,0,0,0,0
1876,0,298.3,308.0,1242,62.0,98,0,0,0,0,0,0
1877,1,298.2,307.8,1566,33.8,100,0,0,0,0,0,0
1878,1,298.1,307.7,1424,47.7,103,0,0,0,0,0,0
1879,1,298.2,307.7,1608,33.8,106,0,0,0,0,0,0
1880,0,298.1,307.7,1705,29.1,109,0,0,0,0,0,0
1881,0,298.0,307.6,1548,45.8,111,0,0,0,0,0,0
1882,1,298.0,307.6,1581,43.4,113,0,0,0,0,0,0
1883,1,298.0,307.6,1472,46.7,116,0,0,0,0,0,0
1884,1,298.0,307.6,1792,26.0,119,0,0,0,0,0,0
1885,0,298.0,307.6,1683,32.8,122,0,0,0,0,0,0
1886,0,297.9,307.6,1503,40.7,124,0,0,0,0,0,0
1887,1,297.9,307.5,1642,32.4,126,0,0,0,0,0,0
1889,2,297.7,307.4,1432,40.2,132,0,0,0,0,0,0
1890,0,297.8,307.4,1512,40.8,137,0,0,0,0,0,0
1891,0,297.7,307.4,1764,29.0,139,0,0,0,0,0,0
1892,1,297.8,307.4,1438,43.6,141,0,0,0,0,0,0
1893,0,297.8,307.5,1631,29.9,144,0,0,0,0,0,0
1894,2,297.9,307.5,1880,23.3,146,0,0,0,0,0,0
1895,0,297.9,307.6,1344,54.3,151,0,0,0,0,0,0
1896,0,297.9,307.5,1574,35.8,153,0,0,0,0,0,0
1897,0,297.8,307.4,1418,41.2,155,0,0,0,0,0,0
1898,0,297.8,307.5,1372,54.1,157,0,0,0,0,0,0
1899,0,297.8,307.5,1388,40.0,159,0,0,0,0,0,0
1900,2,297.9,307.6,1493,36.0,161,0,0,0,0,0,0
1901,1,297.9,307.6,1505,40.1,166,0,0,0,0,0,0
1902,0,298.0,307.6,1694,29.1,169,0,0,0,0,0,0
1904,1,298.0,307.6,1569,35.6,173,0,0,0,0,0,0
1905,0,297.9,307.6,1687,29.1,176,0,0,0,0,0,0
1906,0,297.9,307.6,1430,52.4,178,0,0,0,0,0,0
1907,0,297.9,307.6,1504,42.4,180,0,0,0,0,0,0
1909,0,298.0,307.7,1435,45.6,184,0,0,0,0,0,0
1910,2,298.0,307.7,1547,36.8,186,0,0,0,0,0,0
1911,1,298.1,307.8,1316,57.2,191,0,0,0,0,0,0
1912,1,298.0,307.7,1621,34.9,194,0,0,0,0,0,0
1913,1,298.0,307.8,1492,40.2,197,0,0,0,0,0,0
1914,0,298.0,307.7,1643,32.3,200,0,0,0,0,0,0
1915,0,298.0,307.7,1492,38.7,202,0,0,0,0,0,0
1916,0,298.0,307.7,1387,50.8,204,0,0,0,0,0,0
1917,1,298.1,307.9,1463,47.3,206,0,0,0,0,0,0
1918,1,298.1,307.9,1496,40.0,0,0,0,0,0,0,0
1919,0,298.2,308.0,1658,30.0,3,0,0,0,0,0,0
1921,0,298.1,307.9,1665,32.0,7,0,0,0,0,0,0
1922,0,298.0,307.8,1716,26.6,9,0,0,0,0,0,0
1923,0,298.0,307.7,1529,34.1,11,0,0,0,0,0,0
1924,0,297.9,307.7,1353,50.7,13,0,0,0,0,0,0
1925,0,297.9,307.7,1537,37.7,15,0,0,0,0,0,0
1926,0,298.0,307.7,1606,30.8,17,0,0,0,0,0,0
1927,2,298.0,307.8,1314,47.8,19,0,0,0,0,0,0
1928,0,298.0,307.8,1623,29.9,24,0,0,0,0,0,0
1929,1,298.0,307.8,1483,50.9,26,0,0,0,0,0,0
1930,1,298.1,307.9,1569,37.0,29,0,0,0,0,0,0
1932,1,298.1,308.0,1686,29.3,35,0,0,0,0,0,0
1933,0,298.1,308.0,1638,35.1,38,0,0,0,0,0,0
1934,0,298.1,307.9,1698,33.3,40,0,0,0,0,0,0
1935,1,298.1,307.9,1377,55.1,42,0,0,0,0,0,0
1937,0,298.2,308.0,1411,42.4,48,0,0,0,0,0,0
1938,0,298.1,307.9,1517,40.8,50,0,0,0,0,0,0
1939,1,298.1,307.9,1303,53.9,52,0,0,0,0,0,0
1940,0,298.1,307.9,1578,35.6,55,0,0,0,0,0,0
1941,0,298.1,307.9,1425,58.2,57,0,0,0,0,0,0
1942,0,298.1,308.0,1456,42.4,59,0,0,0,0,0,0
1943,0,298.1,308.0,1704,30.9,61,0,0,0,0,0,0
1944,0,298.1,308.1,1791,27.3,63,0,0,0,0,0,0
1945,0,298.1,308.1,1616,32.8,65,0,0,0,0,0,0
1946,0,298.2,308.1,1622,34.9,67,0,0,0,0,0,0
1947,0,298.2,308.1,1462,49.9,69,0,0,0,0,0,0
1948,0,298.1,308.1,1410,45.8,71,0,0,0,0,0,0
1949,1,298.1,308.0,1543,41.9,73,0,0,0,0,0,0
1950,1,298.0,307.9,1479,47.6,76,0,0,0,0,0,0
1951,0,298.0,307.8,1839,22.7,79,0,0,0,0,0,0
1952,0,298.0,307.8,1266,60.5,81,0,0,0,0,0,0
1953,0,297.9,307.7,1593,34.9,83,0,0,0,0,0,0
1954,0,297.9,307.8,1459,46.9,85,0,0,0,0,0,0
1955,0,297.9,307.7,1308,55.2,87,0,0,0,0,0,0
1956,1,297.9,307.7,1364,46.8,89,0,0,0,0,0,0
1957,2,297.9,307.7,1618,35.9,92,0,0,0,0,0,0
1958,2,297.9,307.7,1464,43.2,97,0,0,0,0,0,0
1959,1,297.8,307.6,1352,49.4,102,0,0,0,0,0,0
1960,0,297.8,307.6,1446,51.4,105,0,0,0,0,0,0
1961,0,297.8,307.5,1448,51.2,107,0,0,0,0,0,0
1962,0,297.8,307.5,1391,48.6,109,0,0,0,0,0,0
1963,0,297.7,307.5,1379,43.3,111,0,0,0,0,0,0
1964,1,297.8,307.5,1405,46.9,113,0,0,0,0,0,0
1965,0,297.8,307.5,1581,33.1,116,0,0,0,0,0,0
1966,0,297.9,307.6,1515,40.5,118,0,0,0,0,0,0
1967,0,297.9,307.6,1589,37.8,120,0,0,0,0,0,0
1968,0,298.0,307.6,1281,50.8,122,0,0,0,0,0,0
1969,2,297.8,307.5,1631,31.3,124,0,0,0,0,0,0
1971,0,297.9,307.6,1298,52.7,132,0,0,0,0,0,0
1972,0,297.9,307.6,1612,30.7,134,0,0,0,0,0,0
1973,0,297.9,307.6,1747,25.3,136,0,0,0,0,0,0
1974,0,298.0,307.6,1450,48.7,138,0,0,0,0,0,0
1975,0,298.0,307.7,1422,45.6,140,0,0,0,0,0,0
1976,1,298.1,307.7,1419,47.4,142,0,0,0,0,0,0
1977,1,298.1,307.7,1633,30.7,145,0,0,0,0,0,0
1978,0,298.0,307.7,1442,43.6,148,0,0,0,0,0,0
1979,2,298.0,307.6,1420,45.8,150,0,0,0,0,0,0
1980,1,298.0,307.6,1301,58.5,155,0,0,0,0,0,0
1981,0,298.0,307.6,1385,45.0,158,0,0,0,0,0,0
1982,1,298.0,307.7,1487,41.3,160,0,0,0,0,0,0
1983,1,298.0,307.6,1459,44.4,163,0,0,0,0,0,0
1984,1,298.0,307.5,1387,45.5,166,0,0,0,0,0,0
1985,0,298.1,307.7,1537,40.8,169,0,0,0,0,0,0
1986,0,298.1,307.6,1498,42.9,171,0,0,0,0,0,0
1987,1,298.2,307.8,1599,31.2,173,0,0,0,0,0,0
1988,2,298.3,307.9,1420,39.2,176,0,0,0,0,0,0
1989,0,298.2,307.9,1785,23.4,181,0,0,0,0,0,0
1990,0,298.2,307.8,1423,48.1,183,0,0,0,0,0,0
1991,1,298.2,307.8,1583,36.6,185,0,0,0,0,0,0
1992,0,298.2,307.8,1375,46.6,188,0,0,0,0,0,0
1993,1,298.3,308.0,1463,42.5,190,0,0,0,0,0,0
1994,1,298.2,307.9,1403,45.1,193,0,0,0,0,0,0
1995,0,298.3,308.0,1451,47.1,196,0,0,0,0,0,0
1996,1,298.4,308.0,1416,38.2,198,1,1,0,0,0,0
1997,0,298.3,308.1,1672,41.3,0,0,0,0,0,0,0
1998,2,298.3,308.0,1637,30.8,2,0,0,0,0,0,0
1999,0,298.4,308.0,1540,37.8,7,0,0,0,0,0,0
2000,0,298.4,308.1,1279,53.1,9,0,0,0,0,0,0
2001,0,298.4,308.2,1604,34.9,11,0,0,0,0,0,0
2002,0,298.5,308.2,1654,27.1,13,0,0,0,0,0,0
2003,1,298.5,308.2,1564,37.5,15,0,0,0,0,0,0
2004,0,298.5,308.2,1451,47.5,18,0,0,0,0,0,0
2005,0,298.5,308.3,1504,38.0,20,0,0,0,0,0,0
2006,1,298.5,308.3,1381,50.5,22,0,0,0,0,0,0
2007,0,298.6,308.4,1562,34.4,25,0,0,0,0,0,0
2008,0,298.5,308.3,1811,24.7,27,0,0,0,0,0,0
2009,1,298.6,308.3,1717,28.7,29,0,0,0,0,0,0
2010,0,298.6,308.3,1278,60.5,32,0,0,0,0,0,0
2011,0,298.7,308.5,1616,30.2,34,0,0,0,0,0,0
2012,0,298.6,308.4,1397,46.4,36,0,0,0,0,0,0
2013,0,298.6,308.4,1485,42.9,38,0,0,0,0,0,0
2014,0,298.6,308.4,1310,59.7,40,0,0,0,0,0,0
2015,0,298.5,308.2,1301,66.3,42,1,0,0,1,0,0
2016,0,298.5,308.3,1458,44.0,44,0,0,0,0,0,0
2017,0,298.7,308.5,1483,42.5,46,0,0,0,0,0,0
2018,0,298.7,308.5,1375,46.4,48,0,0,0,0,0,0
2019,1,298.7,308.5,1660,27.0,50,0,0,0,0,0,0
2020,2,298.7,308.4,1560,33.3,53,0,0,0,0,0,0
2021,0,298.7,308.5,1480,42.2,58,0,0,0,0,0,0
2022,0,298.7,308.4,1373,46.9,60,0,0,0,0,0,0
2023,0,298.7,308.5,1444,54.2,62,0,0,0,0,0,0
2024,1,298.7,308.6,1722,24.7,64,0,0,0,0,0,0
2025,0,298.7,308.5,1469,39.9,67,0,0,0,0,0,0
2026,1,298.7,308.5,1360,52.9,69,0,0,0,0,0,0
2027,0,298.7,308.4,1750,25.8,72,0,0,0,0,0,0
2028,1,298.7,308.3,1349,46.6,74,0,0,0,0,0,0
2029,0,298.7,308.5,1668,35.2,77,0,0,0,0,0,0
2030,0,298.9,308.6,1400,49.5,79,0,0,0,0,0,0
2031,0,298.8,308.6,1331,62.8,81,0,0,0,0,0,0
2032,0,298.8,308.5,1444,42.2,83,0,0,0,0,0,0
2033,2,298.8,308.5,1359,47.6,85,0,0,0,0,0,0
2034,1,298.8,308.5,1425,47.4,90,0,0,0,0,0,0
2035,1,298.9,308.6,1469,34.2,93,0,0,0,0,0,0
2036,0,299.0,308.7,1892,22.8,96,0,0,0,0,0,0
2038,0,299.0,308.8,1405,55.2,103,0,0,0,0,0,0
2039,1,299.0,308.9,1449,39.6,105,0,0,0,0,0,0
2040,0,299.1,308.9,1686,29.6,108,0,0,0,0,0,0
2041,0,299.1,308.9,1680,27.2,110,0,0,0,0,0,0
2042,1,299.1,308.9,1397,52.4,112,0,0,0,0,0,0
2043,1,299.2,309.0,1597,30.3,115,0,0,0,0,0,0
2044,0,299.3,309.1,1470,41.1,118,0,0,0,0,0,0
2045,1,299.3,309.1,1703,31.3,120,0,0,0,0,0,0
2046,0,299.3,309.1,1388,45.5,123,0,0,0,0,0,0
2047,0,299.3,309.2,1775,24.2,125,0,0,0,0,0,0
2048,0,299.3,309.2,1465,41.5,127,0,0,0,0,0,0
2049,1,299.3,309.2,1586,37.9,129,0,0,0,0,0,0
2050,1,299.5,309.3,1675,29.2,132,0,0,0,0,0,0
2051,1,299.4,309.2,1470,44.4,135,0,0,0,0,0,0
2052,0,299.5,309.3,1477,40.4,138,0,0,0,0,0,0
2053,0,299.5,309.3,1382,61.0,140,0,0,0,0,0,0
2054,1,299.6,309.4,1605,29.8,142,0,0,0,0,0,0
2055,0,299.6,309.4,1643,32.9,145,0,0,0,0,0,0
2056,0,299.5,309.3,1333,54.1,147,0,0,0,0,0,0
2057,0,299.5,309.3,1520,42.3,149,0,0,0,0,0,0
2059,2,299.5,309.4,1386,44.4,154,0,0,0,0,0,0
2060,0,299.6,309.5,1803,27.7,159,0,0,0,0,0,0
2061,0,299.7,309.6,1359,50.7,161,0,0,0,0,0,0
2062,1,299.7,309.6,1477,42.7,163,0,0,0,0,0,0
2063,0,299.7,309.6,1321,53.4,166,0,0,0,0,0,0
2064,0,299.6,309.5,1453,41.4,168,0,0,0,0,0,0
2065,0,299.7,309.6,1419,45.1,170,0,0,0,0,0,0
2066,0,299.7,309.6,1512,36.2,172,0,0,0,0,0,0
2067,0,299.7,309.6,1553,36.8,174,0,0,0,0,0,0
2068,1,299.7,309.6,1534,39.1,176,0,0,0,0,0,0
2069,2,299.7,309.6,1553,41.0,179,0,0,0,0,0,0
2070,0,299.7,309.5,1352,49.7,184,0,0,0,0,0,0
2071,1,299.7,309.6,1313,60.0,186,0,0,0,0,0,0
2072,0,299.6,309.5,1570,35.5,189,0,0,0,0,0,1
2073,0,299.6,309.4,1677,31.1,191,0,0,0,0,0,0
2074,0,299.5,309.4,1602,31.5,193,0,0,0,0,0,0
2075,0,299.5,309.4,1390,58.8,195,1,0,0,0,1,0
2076,0,299.4,309.3,1544,36.0,197,0,0,0,0,0,0
2077,0,299.4,309.4,1701,31.2,199,0,0,0,0,0,0
2078,1,299.4,309.3,1692,28.4,201,0,0,0,0,0,0
2079,1,299.3,309.3,1523,37.9,204,0,0,0,0,0,0
2081,1,299.4,309.3,1485,47.1,209,0,0,0,0,0,0
2082,2,299.4,309.2,1513,36.1,212,0,0,0,0,0,0
2083,2,299.4,309.3,1743,28.2,0,0,0,0,0,0,0
2084,0,299.5,309.3,1442,46.2,5,0,0,0,0,0,0
2085,0,299.5,309.3,1462,46.7,7,0,0,0,0,0,0
2086,2,299.4,309.3,1439,49.7,9,0,0,0,0,0,0
2087,0,299.5,309.3,1577,36.6,14,0,0,0,0,0,0
2088,0,299.6,309.4,1331,46.4,16,0,0,0,0,0,0
2090,0,299.5,309.2,1393,47.3,20,0,0,0,0,0,0
2091,0,299.4,309.2,1433,42.1,22,0,0,0,0,0,0
2092,0,299.4,309.2,1444,48.2,24,0,0,0,0,0,0
2093,0,299.4,309.2,1564,39.0,26,0,0,0,0,0,0
2094,0,299.4,309.3,1377,43.6,28,0,0,0,0,0,0
2095,0,299.4,309.3,1525,41.5,30,0,0,0,0,0,0
2096,1,299.5,309.4,1387,56.2,32,0,0,0,0,0,0
2097,1,299.4,309.4,1326,47.5,35,0,0,0,0,0,0
2098,0,299.4,309.3,1401,59.0,38,0,0,0,0,0,0
2099,0,299.4,309.3,1596,31.8,40,0,0,0,0,0,0
2100,1,299.3,309.3,1471,46.0,42,0,0,0,0,0,0
2101,0,299.3,309.3,1528,37.8,45,0,0,0,0,0,0
2102,0,299.3,309.3,1325,62.0,47,0,0,0,0,0,0
2103,1,299.3,309.1,1376,46.7,49,0,0,0,0,0,0
2104,1,299.3,309.1,1600,35.3,52,0,0,0,0,0,0
2105,0,299.3,309.1,1495,44.0,55,0,0,0,0,0,0
2106,0,299.4,309.1,1645,28.6,57,0,0,0,0,0,0
2107,1,299.4,309.1,1417,47.3,59,0,0,0,0,0,0
2108,2,299.4,309.0,1415,51.7,62,0,0,0,0,0,0
2109,1,299.3,309.0,1496,43.4,67,0,0,0,0,0,0
2110,2,299.3,309.0,1508,35.0,70,0,0,0,0,0,0
2111,0,299.4,309.0,1436,47.9,75,0,0,0,0,0,0
2112,0,299.5,309.1,1852,22.6,77,0,0,0,0,0,0
2113,0,299.5,309.1,1863,22.5,79,0,0,0,0,0,0
2114,2,299.4,309.1,1373,44.1,81,0,0,0,0,0,0
2115,0,299.4,309.0,1404,47.3,86,0,0,0,0,0,0
2116,1,299.4,309.0,1381,44.9,88,0,0,0,0,0,0
2117,2,299.4,308.9,1762,29.3,91,0,0,0,0,0,0
2118,2,299.3,308.9,1429,43.0,96,0,0,0,0,0,0
2119,1,299.3,308.9,1858,24.7,101,0,0,0,0,0,0
2121,1,299.2,308.8,1503,37.4,109,0,0,0,0,0,0
2122,1,299.2,308.8,1523,38.9,112,0,0,0,0,0,0
2123,0,299.3,309.0,1491,38.4,115,0,0,0,0,0,0
2124,0,299.2,308.9,1430,39.1,117,0,0,0,0,0,0
2126,0,299.3,309.0,1449,46.5,121,0,0,0,0,0,0
2127,2,299.3,309.0,1425,40.6,123,0,0,0,0,0,0
2128,0,299.4,309.0,1800,24.3,128,0,0,0,0,0,0
2129,2,299.4,309.0,1607,33.7,130,0,0,0,0,0,0
2130,0,299.4,309.0,1391,58.2,135,0,0,0,0,0,0
2131,0,299.4,309.1,1432,45.4,137,0,0,0,0,0,0
2132,0,299.4,309.0,1660,28.4,139,0,0,0,0,0,0
2133,2,299.3,309.0,1732,29.7,141,0,0,0,0,0,0
2134,0,299.3,309.0,1473,46.3,146,0,0,0,0,0,0
2135,0,299.3,309.0,1511,47.8,148,0,0,0,0,0,0
2136,0,299.2,308.9,1588,41.5,150,0,0,0,0,0,0
2137,0,299.3,308.9,1623,31.1,152,0,0,0,0,0,0
2138,0,299.3,309.0,1734,30.6,154,0,0,0,0,0,0
2139,0,299.3,309.0,1415,47.6,156,0,0,0,0,0,0
2140,0,299.3,309.0,1419,46.6,158,0,0,0,0,0,0
2141,1,299.3,308.9,1577,34.9,160,0,0,0,0,0,0
2142,0,299.3,308.9,1376,60.3,163,0,0,0,0,0,0
2143,1,299.3,308.8,1442,49.0,165,0,0,0,0,0,0
2144,0,299.4,308.9,1451,40.5,168,0,0,0,0,0,0
2145,0,299.3,308.8,1550,45.8,170,0,0,0,0,0,0
2146,0,299.3,308.8,1647,32.9,172,0,0,0,0,0,0
2147,0,299.4,308.9,1550,33.7,174,0,0,0,0,0,0
2148,0,299.4,308.9,1583,34.1,176,0,0,0,0,0,0
2149,0,299.4,309.0,1613,32.2,178,0,0,0,0,0,0
2150,2,299.3,308.8,1636,35.5,180,0,0,0,0,0,0
2151,1,299.3,308.7,1289,51.5,185,0,0,0,0,0,0
2152,1,299.3,308.8,1648,28.4,188,0,0,0,0,0,0
2153,2,299.3,308.8,1397,45.4,191,0,0,0,0,0,0
2154,1,299.3,308.9,1767,24.8,196,0,0,0,0,0,0
2155,0,299.3,308.8,1341,47.7,199,0,0,0,0,0,0
2156,1,299.4,308.9,1457,41.5,201,0,0,0,0,0,0
2158,1,299.5,309.0,1399,49.7,207,0,0,0,0,0,0
2159,1,299.5,309.0,1602,31.3,210,0,0,0,0,0,0
2160,0,299.4,309.0,1507,41.0,213,0,0,0,0,0,0
2161,0,299.4,309.1,1464,40.5,215,0,0,0,0,0,0
2162,0,299.5,309.1,1336,42.1,217,0,0,0,0,0,0
2163,0,299.6,309.2,1422,39.8,219,0,0,0,0,0,0
2164,0,299.6,309.2,1540,36.7,221,0,0,0,0,0,0
2165,0,299.5,309.1,1476,47.8,223,0,0,0,0,0,0
2166,1,299.6,309.2,1867,23.4,225,1,1,0,0,0,0
2167,2,299.6,309.1,1588,41.3,0,0,0,0,0,0,0
2168,1,299.5,309.1,1420,49.5,5,0,0,0,0,0,0
2169,0,299.5,309.1,1415,49.2,8,0,0,0,0,0,0
2170,1,299.4,309.1,1500,43.3,10,0,0,0,0,0,0
2171,0,299.5,309.1,1502,44.6,13,0,0,0,0,0,0
2172,0,299.5,309.2,1816,23.0,15,0,0,0,0,0,0
2173,1,299.5,309.2,1495,41.6,17,0,0,0,0,0,0
2174,0,299.6,309.2,1572,33.4,20,0,0,0,0,0,0
2175,1,299.5,309.2,1590,35.9,22,0,0,0,0,0,0
2176,1,299.6,309.3,1387,48.3,25,0,0,0,0,0,0
2177,1,299.6,309.2,1393,47.7,28,0,0,0,0,0,0
2178,0,299.6,309.2,1602,37.3,31,0,0,0,0,0,0
2179,0,299.6,309.2,1601,33.3,33,0,0,0,0,0,0
2180,2,299.6,309.2,1597,36.3,35,0,0,0,0,0,0
2181,2,299.5,309.1,1548,44.3,40,0,0,0,0,0,0
2182,1,299.5,309.2,1314,61.8,45,0,0,0,0,0,0
2183,1,299.6,309.3,1577,39.8,48,0,0,0,0,0,0
2184,0,299.8,309.4,1475,43.4,51,0,0,0,0,0,0
2185,0,299.8,309.4,1630,32.4,53,0,0,0,0,0,0
2186,0,299.7,309.4,1445,42.9,55,0,0,0,0,0,0
2187,1,299.8,309.4,1439,47.4,57,0,0,0,0,0,0
2188,0,299.7,309.3,1420,44.1,60,0,0,0,0,0,0
2189,2,299.7,309.2,1554,41.6,62,0,0,0,0,0,0
2190,1,299.6,309.1,1471,44.3,67,0,0,0,0,0,0
2191,0,299.6,309.0,1648,33.6,70,0,0,0,0,0,0
2192,0,299.6,309.0,1472,48.8,72,0,0,0,0,0,0
2193,1,299.5,308.9,1448,42.9,74,0,0,0,0,0,0
2194,1,299.6,308.9,1568,35.3,77,0,0,0,0,0,0
2195,0,299.6,308.9,1613,30.8,80,0,0,0,0,0,0
2196,1,299.7,308.9,1551,35.4,82,0,0,0,0,0,0
2197,0,299.7,309.0,1412,49.2,85,0,0,0,0,0,0
2198,1,299.7,308.9,1478,41.0,87,0,0,0,0,0,0
2199,1,299.8,309.1,1268,58.0,90,0,0,0,0,0,0
2200,0,299.8,309.1,1546,35.6,93,0,0,0,0,0,0
2201,0,299.8,309.0,1567,36.1,95,0,0,0,0,0,0
2202,1,299.9,309.2,1548,35.7,97,0,0,0,0,0,0
2203,0,299.8,309.0,1614,30.8,100,0,0,0,0,0,0
2204,1,299.7,309.1,1352,46.1,102,0,0,0,0,0,0
2205,0,299.9,309.2,1624,34.6,105,0,0,0,0,0,0
2206,0,299.9,309.2,1436,52.0,107,0,0,0,0,0,0
2207,0,299.8,309.2,1591,37.5,109,0,0,0,0,0,0
2208,2,299.8,309.2,1435,42.6,111,0,0,0,0,0,0
2209,0,299.8,309.3,1386,49.4,116,0,0,0,0,0,0
2210,0,299.7,309.2,1401,54.1,118,0,0,0,0,0,0
2211,1,299.6,309.0,1245,64.0,120,0,0,0,0,0,0
2212,0,299.7,309.1,1475,40.0,123,0,0,0,0,0,0
2213,0,299.7,309.1,1473,39.4,125,0,0,0,0,0,0
2214,2,299.7,309.2,1355,44.8,127,0,0,0,0,0,0
2215,2,299.7,309.2,1468,49.6,132,0,0,0,0,0,0
2216,0,299.7,309.2,1645,30.8,137,0,0,0,0,0,0
2217,0,299.7,309.1,1347,55.3,139,0,0,0,0,0,0
2218,0,299.7,309.1,1713,33.5,141,0,0,0,0,0,0
2219,1,299.6,309.1,1435,48.4,143,0,0,0,0,0,0
2220,1,299.6,309.0,1736,26.1,146,0,0,0,0,0,0
2221,0,299.6,309.0,1372,60.4,149,0,0,0,0,0,0
2222,0,299.7,309.0,1605,33.0,151,0,0,0,0,0,0
2223,0,299.6,309.0,1413,48.5,153,0,0,0,0,0,0
2224,1,299.7,309.0,1645,31.9,155,0,0,0,0,0,0
2225,1,299.7,309.0,1465,49.0,158,0,0,0,0,0,0
2226,1,299.6,308.9,1685,27.8,161,0,0,0,0,0,0
2228,2,299.4,308.6,1542,41.8,166,0,0,0,0,0,0
2229,0,299.4,308.7,1681,30.8,171,0,0,0,0,0,0
2230,0,299.5,308.7,1446,45.7,173,0,0,0,0,0,0
2231,0,299.4,308.6,1415,56.4,175,0,0,0,0,0,0
2232,0,299.5,308.6,1672,30.5,177,0,0,0,0,0,0
2234,0,299.4,308.6,1492,40.5,181,0,0,0,0,0,0
2235,1,299.4,308.6,1455,42.7,183,0,0,0,0,0,0
2236,1,299.3,308.5,1422,43.1,186,0,0,0,0,0,0
2237,0,299.3,308.6,1403,50.6,189,0,0,0,0,0,0
2238,0,299.3,308.6,1474,49.6,191,0,0,0,0,0,0
2239,0,299.2,308.6,1381,50.0,193,0,0,0,0,0,0
2240,0,299.2,308.5,1457,44.7,195,0,0,0,0,0,0
2241,0,299.2,308.4,1711,28.9,197,0,0,0,0,0,0
2242,0,299.2,308.4,1667,29.0,199,0,0,0,0,0,0
2243,0,299.2,308.4,1465,35.0,201,0,0,0,0,0,0
2244,1,299.3,308.4,1542,37.5,203,1,1,0,0,0,0
2245,1,299.3,308.4,1438,42.3,0,0,0,0,0,0,0
2246,0,299.3,308.4,1406,47.4,3,0,0,0,0,0,0
2247,1,299.2,308.4,1396,48.5,5,0,0,0,0,0,0
2248,1,299.3,308.5,1304,60.6,8,0,0,0,0,0,0
2249,0,299.2,308.5,1442,46.5,11,0,0,0,0,0,0
2250,1,299.2,308.4,1396,48.7,13,0,0,0,0,0,0
2251,2,299.1,308.3,1424,43.4,16,0,0,0,0,0,0
2252,2,299.1,308.3,1451,42.8,21,0,0,0,0,0,0
2253,0,299.2,308.4,1386,54.1,26,0,0,0,0,0,0
2254,0,299.1,308.3,1325,46.9,28,0,0,0,0,0,0
2255,0,299.1,308.3,1559,33.7,30,0,0,0,0,0,0
2256,0,299.1,308.3,1489,38.1,32,0,0,0,0,0,0
2257,0,299.1,308.3,1892,25.2,34,0,0,0,0,0,0
2258,0,299.1,308.2,1319,60.3,36,0,0,0,0,0,0
2259,0,299.1,308.3,1431,52.3,38,0,0,0,0,0,0
2260,2,299.1,308.3,1521,36.5,40,0,0,0,0,0,0
2261,1,299.1,308.2,1435,45.2,45,0,0,0,0,0,0
2262,0,299.1,308.3,1533,42.4,48,0,0,0,0,0,0
2263,1,299.2,308.4,1529,43.0,50,0,0,0,0,0,0
2264,1,299.2,308.4,1415,43.5,53,0,0,0,0,0,0
2265,1,299.2,308.4,1330,51.2,56,0,0,0,0,0,0
2266,0,299.2,308.5,1381,60.6,59,0,0,0,0,0,0
2267,0,299.2,308.5,1370,52.4,61,0,0,0,0,0,0
2268,0,299.2,308.5,1438,46.6,63,0,0,0,0,0,0
2269,0,299.3,308.6,1314,48.2,65,0,0,0,0,0,0
2270,0,299.3,308.6,1437,48.1,67,0,0,0,0,0,0
2271,0,299.2,308.5,1821,26.1,69,0,0,0,0,0,0
2272,1,299.3,308.6,1448,52.1,71,0,0,0,0,0,0
2273,0,299.3,308.5,1589,32.7,74,0,0,0,0,0,0
2274,0,299.3,308.6,1520,33.7,76,0,0,0,0,0,0
2275,0,299.3,308.6,1605,37.0,78,0,0,0,0,0,0
2276,0,299.3,308.7,1393,54.2,80,0,0,0,0,0,0
2277,2,299.3,308.7,1408,44.4,82,0,0,0,0,0,0
2278,1,299.3,308.7,1459,35.6,87,0,0,0,0,0,0
2279,0,299.4,308.7,1525,39.0,90,0,0,0,0,0,0
2280,0,299.4,308.8,1390,57.0,92,0,0,0,0,0,0
2281,0,299.3,308.7,1536,38.9,94,0,0,0,0,0,0
2282,0,299.4,308.7,1459,47.6,96,0,0,0,0,0,0
2283,0,299.2,308.5,1387,51.1,98,0,0,0,0,0,0
2284,0,299.2,308.5,1378,53.4,100,0,0,0,0,0,0
2285,0,299.4,308.7,1381,56.7,102,0,0,0,0,0,0
2286,1,299.4,308.7,1289,60.5,104,0,0,0,0,0,0
2287,0,299.4,308.6,1746,26.8,107,0,0,0,0,0,0
2288,1,299.4,308.6,1541,39.1,109,0,0,0,0,0,0
2289,0,299.4,308.7,1504,37.8,112,0,0,0,0,0,0
2290,1,299.5,308.7,1321,51.9,114,0,0,0,0,0,0
2291,1,299.5,308.8,1886,20.9,117,0,0,0,0,0,0
2292,0,299.6,308.9,1422,53.2,120,0,0,0,0,0,0
2293,0,299.5,308.9,1520,38.3,122,0,0,0,0,0,0
2294,0,299.4,308.8,1627,32.6,124,0,0,0,0,0,0
2295,0,299.4,308.7,1512,37.2,126,0,0,0,0,0,0
2296,0,299.4,308.7,1553,42.7,128,0,0,0,0,0,0
2297,0,299.3,308.7,1802,26.0,130,0,0,0,0,0,0
2298,0,299.3,308.6,1482,37.6,132,0,0,0,0,0,0
2299,0,299.4,308.7,1446,62.9,134,1,0,0,1,0,0
2300,0,299.3,308.6,1371,50.5,136,0,0,0,0,0,0
2301,1,299.2,308.6,1586,35.7,138,0,0,0,0,0,0
2302,0,299.2,308.5,1515,39.8,141,0,0,0,0,0,0
2303,0,299.2,308.5,1374,53.6,143,0,0,0,0,0,0
2304,0,299.1,308.5,1455,39.8,145,0,0,0,0,0,0
2305,2,299.2,308.5,1342,47.5,147,0,0,0,0,0,0
2306,0,299.1,308.6,1260,57.8,152,0,0,0,0,0,0
2307,2,299.0,308.5,1623,33.5,154,0,0,0,0,0,0
2308,0,299.1,308.5,1371,55.5,159,0,0,0,0,0,0
2309,0,299.1,308.6,1611,31.4,161,0,0,0,0,0,0
2310,1,299.0,308.4,1535,47.5,163,0,0,0,0,0,0
2311,1,299.1,308.6,1491,38.5,166,0,0,0,0,0,0
2312,1,299.1,308.6,1441,36.2,169,0,0,0,0,0,0
2313,1,299.1,308.8,1725,26.6,172,0,0,0,0,0,0
2314,0,299.2,308.9,1368,47.2,175,0,0,0,0,0,0
2315,0,299.2,308.9,1526,37.9,177,0,0,0,0,0,0
2316,0,299.2,308.8,1542,39.2,179,0,0,0,0,0,0
2317,0,299.2,308.8,1605,31.1,181,0,0,0,0,0,0
2318,0,299.2,308.8,1405,51.4,183,0,0,0,0,0,0
2319,1,299.2,308.8,1700,33.5,185,0,0,0,0,0,0
2320,2,299.2,308.8,1440,39.1,188,0,0,0,0,0,0
2321,1,299.2,308.8,1314,52.5,193,0,0,0,0,0,0
2322,0,299.2,308.7,1514,41.9,196,0,0,0,0,0,0
2323,1,299.2,308.7,1401,47.0,198,0,0,0,0,0,0
2324,0,299.3,308.8,1636,29.9,201,0,0,0,0,0,0
2325,0,299.3,308.8,1603,33.9,203,0,0,0,0,0,0
2326,1,299.4,308.7,1487,52.6,205,0,0,0,0,0,0
2327,1,299.3,308.7,1420,50.3,208,0,0,0,0,0,0
2328,0,299.3,308.7,1579,36.3,211,0,0,0,0,0,0
2329,0,299.3,308.7,1484,40.5,213,0,0,0,0,0,0
2330,1,299.3,308.7,1390,49.3,215,0,0,0,0,0,0
2331,0,299.3,308.6,1384,53.6,218,1,0,0,0,1,0
2332,0,299.2,308.5,1378,50.4,220,1,0,0,0,1,0
2333,0,299.2,308.5,1445,45.2,222,0,0,0,0,0,0
2334,0,299.2,308.4,1445,43.5,224,0,0,0,0,0,0
2335,0,299.2,308.4,1509,39.4,0,0,0,0,0,0,0
2336,0,299.2,308.4,1434,46.8,2,0,0,0,0,0,0
2337,0,299.2,308.4,1877,23.9,4,0,0,0,0,0,0
2338,0,299.3,308.3,1651,28.0,6,0,0,0,0,0,0
2339,0,299.2,308.2,1466,41.3,8,0,0,0,0,0,0
2340,0,299.1,308.1,1479,40.7,10,0,0,0,0,0,0
2341,0,299.1,308.2,1409,46.4,12,0,0,0,0,0,0
2342,1,299.2,308.2,1674,28.2,14,0,0,0,0,0,0
2343,0,299.1,308.3,1305,61.4,17,0,0,0,0,0,0
2344,1,299.2,308.3,1755,26.4,19,0,0,0,0,0,0
2345,0,299.2,308.4,1475,38.7,22,0,0,0,0,0,0
2346,0,299.2,308.4,1402,47.7,24,0,0,0,0,0,0
2347,0,299.2,308.3,1410,43.0,26,0,0,0,0,0,0
2348,0,299.2,308.4,1436,41.8,28,0,0,0,0,0,0
2349,1,299.3,308.5,1386,42.2,30,0,0,0,0,0,0
2350,0,299.3,308.6,1744,26.4,33,0,0,0,0,0,0
2351,0,299.2,308.4,1393,48.4,35,0,0,0,0,0,0
2352,1,299.3,308.5,1422,45.4,37,0,0,0,0,0,0
2353,0,299.2,308.4,1841,22.8,40,0,0,0,0,0,0
2354,0,299.3,308.6,1433,37.7,42,0,0,0,0,0,0
2355,1,299.3,308.5,1305,60.6,44,0,0,0,0,0,0
2356,2,299.3,308.6,1498,39.5,47,0,0,0,0,0,0
2357,0,299.3,308.5,1772,26.1,52,0,0,0,0,0,0
2358,1,299.2,308.4,1381,42.5,54,0,0,0,0,0,0
2359,0,299.3,308.5,1413,38.5,57,0,0,0,0,0,0
2360,2,299.2,308.4,1388,53.2,59,0,0,0,0,0,0
2361,1,299.2,308.6,1631,35.4,64,0,0,0,0,0,0
2362,2,299.3,308.6,1520,41.4,67,0,0,0,0,0,0
2363,0,299.3,308.5,1510,45.4,72,0,0,0,0,0,0
2364,0,299.2,308.5,1366,49.7,74,0,0,0,0,0,0
2365,0,299.4,308.5,1845,22.9,76,0,0,0,0,0,0
2366,0,299.3,308.5,1485,44.7,78,0,0,0,0,0,0
2367,1,299.3,308.5,1496,39.4,80,0,0,0,0,0,0
2368,1,299.3,308.4,1468,42.2,83,0,0,0,0,0,0
2369,1,299.2,308.4,1856,22.7,86,0,0,0,0,0,0
2370,0,299.2,308.4,1620,34.1,89,0,0,0,0,0,0
2371,0,299.3,308.5,1409,44.8,91,0,0,0,0,0,0
2372,1,299.3,308.5,1404,49.4,93,0,0,0,0,0,0
2373,0,299.2,308.4,1350,51.3,96,0,0,0,0,0,0
2374,1,299.2,308.4,1538,38.0,98,0,0,0,0,0,0
2375,1,299.2,308.4,1476,32.7,101,0,0,0,0,0,0
2376,1,299.2,308.3,1364,51.8,104,0,0,0,0,0,0
2377,1,299.2,308.3,1582,45.5,107,0,0,0,0,0,0
2378,0,299.1,308.2,1348,56.1,110,0,0,0,0,0,0
2379,2,299.1,308.2,1450,46.1,112,0,0,0,0,0,0
2380,0,299.0,308.1,1242,60.9,117,0,0,0,0,0,0
2381,0,299.1,308.2,1493,34.9,119,0,0,0,0,0,0
2382,0,299.1,308.3,1601,31.4,121,0,0,0,0,0,0
2383,0,299.1,308.2,1568,33.3,123,0,0,0,0,0,0
2384,1,299.1,308.3,1506,38.0,125,0,0,0,0,0,0
2385,0,299.1,308.3,1524,34.1,128,0,0,0,0,0,0
2386,0,299.1,308.4,1543,37.9,130,0,0,0,0,0,0
2387,1,299.2,308.5,1474,47.2,132,0,0,0,0,0,0
2388,1,299.2,308.5,1526,37.3,135,0,0,0,0,0,0
2389,0,299.2,308.5,1867,27.0,138,0,0,0,0,0,0
2390,0,299.2,308.5,1487,41.2,140,0,0,0,0,0,0
2391,0,299.2,308.4,1580,32.6,142,0,0,0,0,0,0
2392,0,299.2,308.5,1340,50.0,144,0,0,0,0,0,0
2393,0,299.2,308.5,1544,41.6,146,0,0,0,0,0,0
2394,0,299.2,308.5,1488,40.3,148,0,0,0,0,0,0
2395,1,299.2,308.5,1742,28.9,150,0,0,0,0,0,0
2396,1,299.1,308.5,1592,34.2,153,0,0,0,0,0,0
2397,0,299.2,308.6,1582,38.8,156,0,0,0,0,0,0
2398,0,299.2,308.5,1490,43.2,158,0,0,0,0,0,0
2399,1,299.2,308.5,1594,35.8,160,0,0,0,0,0,0
2400,2,299.2,308.6,1462,55.0,163,0,0,0,0,0,0
2401,1,299.2,308.6,1367,47.6,168,0,0,0,0,0,0
2402,0,299.2,308.7,1325,51.0,171,0,0,0,0,0,0
2403,2,299.2,308.7,1448,51.4,173,0,0,0,0,0,0
2405,0,299.1,308.7,1498,38.9,181,0,0,0,0,0,0
2406,0,299.1,308.6,1437,41.6,183,0,0,0,0,0,0
2407,1,299.1,308.6,1499,45.1,185,0,0,0,0,0,0
2408,0,299.0,308.4,1356,52.6,188,0,0,0,0,0,0
2409,0,299.1,308.5,1539,46.8,190,0,0,0,0,0,0
2410,0,299.1,308.5,1689,32.1,192,0,0,0,0,0,0
2411,0,299.0,308.5,1559,38.1,194,0,0,0,0,0,0
2412,0,299.1,308.6,1408,46.7,196,0,0,0,0,0,0
2413,0,299.0,308.5,1886,23.0,198,0,0,0,0,0,0
2414,0,299.1,308.5,1415,43.4,0,0,0,0,0,0,0
2415,1,299.1,308.5,1587,35.6,2,0,0,0,0,0,0
2416,0,299.0,308.4,1571,38.6,5,0,0,0,0,0,0
2417,0,298.9,308.3,1576,36.6,7,0,0,0,0,0,0
2418,0,298.9,308.3,1660,34.4,9,0,0,0,0,0,0
2419,1,298.9,308.2,1328,49.2,11,0,0,0,0,0,0
2420,2,298.8,308.2,1450,44.7,14,0,0,0,0,0,0
2422,0,298.8,308.2,1443,53.4,21,0,0,0,0,0,0
2424,0,298.9,308.2,1828,23.8,26,0,0,0,0,0,0
2425,0,298.8,308.1,1472,53.5,28,0,0,0,0,0,0
2426,1,298.9,308.2,1372,63.6,30,1,0,0,1,0,0
2427,0,298.9,308.3,1855,23.8,33,0,0,0,0,0,0
2428,1,299.0,308.3,1377,47.2,35,0,0,0,0,0,0
2429,0,298.9,308.3,1432,48.9,38,0,0,0,0,0,0
2430,1,298.9,308.2,1335,47.8,40,0,0,0,0,0,0
2431,1,298.9,308.2,1411,51.3,43,0,0,0,0,0,0
2432,0,298.9,308.2,1510,43.5,46,0,0,0,0,0,0
2433,0,299.0,308.3,1441,44.0,48,0,0,0,0,0,0
2434,1,299.0,308.2,1358,42.7,50,0,0,0,0,0,0
2435,0,298.9,308.2,1686,30.4,53,0,0,0,0,0,0
2436,2,299.0,308.2,1662,30.4,55,0,0,0,0,0,0
2437,0,299.1,308.3,1426,40.1,60,0,0,0,0,0,0
2438,1,299.1,308.4,1330,53.6,62,0,0,0,0,0,0
2439,0,299.1,308.4,1693,31.6,65,0,0,0,0,0,0
2440,0,299.1,308.4,1426,47.9,67,0,0,0,0,0,0
2441,0,299.1,308.5,1676,31.0,69,0,0,0,0,0,0
2442,1,299.1,308.4,1332,51.7,71,0,0,0,0,0,0
2443,0,299.1,308.5,1647,35.0,74,0,0,0,0,0,0
2445,2,299.2,308.7,1375,55.1,78,0,0,0,0,0,0
2446,0,299.3,308.6,1422,48.9,83,0,0,0,0,0,0
2447,0,299.3,308.7,1408,48.7,85,0,0,0,0,0,0
2448,0,299.4,308.9,1440,42.5,87,0,0,0,0,0,0
2449,0,299.3,308.8,1772,25.2,89,0,0,0,0,0,0
2450,0,299.2,308.7,1492,37.8,91,0,0,0,0,0,0
2451,0,299.2,308.7,1650,30.5,93,0,0,0,0,0,0
2453,0,299.0,308.6,1648,30.8,98,0,0,0,0,0,0
2454,0,299.0,308.6,1653,31.7,100,0,0,0,0,0,0
2456,0,299.1,308.6,1555,36.6,104,0,0,0,0,0,0
2457,0,299.0,308.6,1661,32.2,106,0,0,0,0,0,0
2458,0,299.0,308.6,1434,45.9,108,0,0,0,0,0,0
2459,0,299.0,308.6,1297,54.2,110,0,0,0,0,0,0
2460,0,299.0,308.6,1466,46.4,112,0,0,0,0,0,0
2461,1,298.9,308.6,1517,39.8,114,0,0,0,0,0,0
2462,0,298.9,308.5,1742,34.5,117,0,0,0,0,0,0
2463,0,298.9,308.5,1580,39.1,119,0,0,0,0,0,0
2464,1,298.9,308.5,1534,42.9,121,0,0,0,0,0,0
2465,0,298.9,308.6,1481,40.7,124,0,0,0,0,0,0
2466,0,299.0,308.6,1429,37.7,126,0,0,0,0,0,0
2467,1,298.9,308.6,1574,33.5,128,0,0,0,0,0,0
2468,1,298.9,308.6,1524,40.4,131,0,0,0,0,0,0
2469,0,299.0,308.7,1507,37.5,134,0,0,0,0,0,0
2470,0,298.9,308.5,1467,44.7,136,0,0,0,0,0,0
2471,0,298.9,308.4,1301,51.1,138,0,0,0,0,0,0
2472,0,298.9,308.5,1429,55.1,140,0,0,0,0,0,0
2473,1,298.9,308.5,1555,37.6,142,0,0,0,0,0,0
2474,0,298.9,308.5,1503,40.6,145,0,0,0,0,0,0
2475,0,298.9,308.5,1459,43.1,147,0,0,0,0,0,0
2476,2,298.9,308.4,1449,42.4,149,0,0,0,0,0,0
2477,0,298.9,308.5,1387,57.3,154,0,0,0,0,0,0
2478,1,298.9,308.5,1456,50.0,156,0,0,0,0,0,0
2479,0,299.0,308.5,1604,34.7,159,0,0,0,0,0,0
2480,0,299.0,308.6,1734,32.4,161,0,0,0,0,0,0
2481,0,299.0,308.6,1378,47.8,163,0,0,0,0,0,0
2482,0,298.9,308.7,1504,41.8,165,0,0,0,0,0,0
2483,1,298.9,308.7,1402,49.8,167,0,0,0,0,0,0
2484,2,298.8,308.6,1524,37.7,170,0,0,0,0,0,0
2485,0,298.8,308.6,1593,35.5,175,0,0,0,0,0,0
2486,1,298.9,308.7,1772,28.4,177,0,0,0,0,0,0
2487,2,298.9,308.6,1623,31.0,180,0,0,0,0,0,0
2488,0,298.9,308.7,1356,50.7,185,0,0,0,0,0,0
2489,2,298.9,308.7,1500,41.6,187,0,0,0,0,0,0
2490,2,299.1,308.8,1566,46.6,192,0,0,0,0,0,0
2491,0,299.1,308.9,1445,43.4,197,0,0,0,0,0,0
2492,2,299.0,308.8,1382,58.5,199,0,0,0,0,0,0
2493,1,299.0,308.8,1418,45.7,204,0,0,0,0,0,0
2494,0,299.1,308.8,1329,53.6,207,1,0,0,0,1,0
2495,1,299.1,308.8,1491,41.0,209,0,0,0,0,0,0
2496,1,299.2,308.9,1573,37.4,212,0,0,0,0,0,0
2497,1,299.2,308.9,1521,42.3,215,0,0,0,0,0,0
2498,0,299.1,308.9,1467,47.2,218,0,0,0,0,0,0
2499,1,299.1,308.9,1325,48.4,220,0,0,0,0,0,0
2500,0,299.1,308.9,1617,32.3,223,0,0,0,0,0,0
2501,1,299.1,308.9,1476,42.7,225,0,0,0,0,0,0
2502,0,299.2,309.0,1515,48.9,228,1,0,0,0,1,0
2503,0,299.2,309.0,1408,47.2,0,0,0,0,0,0,0
2504,0,299.2,309.1,1468,45.6,2,0,0,0,0,0,0
2505,0,299.2,309.1,1387,48.7,4,0,0,0,0,0,0
2506,1,299.2,309.1,1503,34.7,6,0,0,0,0,0,0
2507,2,299.2,309.1,1410,47.1,9,0,0,0,0,0,0
2508,0,299.0,308.9,1615,30.6,14,0,0,0,0,0,0
2509,0,299.0,308.9,1511,35.9,16,0,0,0,0,0,0
2510,0,299.1,309.0,1405,53.8,18,0,0,0,0,0,0
2511,1,299.0,308.9,1526,41.1,20,0,0,0,0,0,0
2512,0,298.9,308.8,1530,38.3,23,0,0,0,0,0,0
2513,0,299.0,308.7,1583,32.5,25,0,0,0,0,0,0
2515,0,298.8,308.5,1490,35.0,29,0,0,0,0,0,0
2516,0,298.8,308.5,1736,29.0,31,0,0,0,0,0,0
2517,0,298.8,308.5,1395,44.4,33,0,0,0,0,0,0
2518,1,298.9,308.6,1425,49.6,35,0,0,0,0,0,0
2519,0,298.8,308.6,1631,32.4,38,0,0,0,0,0,0
2520,0,298.8,308.6,1535,41.2,40,0,0,0,0,0,0
2521,0,298.8,308.6,1584,34.4,42,0,0,0,0,0,0
2522,1,298.8,308.7,1543,38.2,44,0,0,0,0,0,0
2523,0,298.8,308.7,1635,35.2,47,0,0,0,0,0,0
2524,1,298.8,308.7,1446,45.5,49,0,0,0,0,0,0
2525,1,298.8,308.6,1598,35.1,52,0,0,0,0,0,0
2526,0,298.8,308.6,1501,35.0,55,0,0,0,0,0,0
2527,0,298.8,308.5,1450,50.8,57,0,0,0,0,0,0
2528,0,298.8,308.6,1730,25.9,59,0,0,0,0,0,0
2529,1,298.8,308.6,1571,33.7,61,0,0,0,0,0,0
2530,0,298.9,308.7,1438,51.7,64,0,0,0,0,0,0
2531,1,298.8,308.5,1510,38.7,66,0,0,0,0,0,0
2532,0,298.9,308.7,1389,44.9,69,0,0,0,0,0,0
2533,0,298.8,308.7,1490,33.6,71,0,0,0,0,0,0
2534,0,298.9,308.7,1729,26.6,73,0,0,0,0,0,0
2535,0,299.0,308.8,1495,38.4,75,0,0,0,0,0,0
2536,0,298.9,308.8,1281,53.9,77,0,0,0,0,0,0
2537,2,298.9,308.7,1353,48.1,79,0,0,0,0,0,0
2538,0,299.1,308.8,1429,50.1,84,0,0,0,0,0,0
2539,0,299.1,308.8,1413,42.1,86,0,0,0,0,0,0
2540,0,299.1,308.8,1502,38.3,88,0,0,0,0,0,0
2541,2,299.1,308.8,1553,32.6,90,0,0,0,0,0,0
2542,2,299.2,308.9,1712,26.4,95,0,0,0,0,0,0
2543,0,299.3,309.0,1786,23.5,100,0,0,0,0,0,0
2545,1,299.2,309.0,1541,36.3,104,0,0,0,0,0,0
2546,0,299.2,309.1,1605,34.3,107,0,0,0,0,0,0
2547,0,299.2,309.1,1578,38.1,109,0,0,0,0,0,0
2548,1,299.3,309.2,1440,37.5,111,0,0,0,0,0,0
2549,0,299.4,309.2,1489,42.3,114,0,0,0,0,0,0
2550,0,299.4,309.3,1366,48.4,116,0,0,0,0,0,0
2551,0,299.3,309.2,1541,37.2,118,0,0,0,0,0,0
2552,2,299.3,309.1,1552,40.7,120,0,0,0,0,0,0
2553,0,299.3,309.1,1473,40.3,125,0,0,0,0,0,0
2554,0,299.3,309.1,1531,37.9,127,0,0,0,0,0,0
2555,0,299.3,309.2,1511,37.2,129,0,0,0,0,0,0
2556,1,299.3,309.1,1449,47.9,131,0,0,0,0,0,0
2557,1,299.4,309.1,1440,50.0,134,0,0,0,0,0,0
2558,1,299.2,309.0,1881,23.9,137,0,0,0,0,0,0
2559,0,299.3,309.0,1447,50.4,140,0,0,0,0,0,1
2560,1,299.4,309.1,1326,62.0,142,0,0,0,0,0,0
2561,0,299.4,309.2,1607,31.7,145,0,0,0,0,0,0
2562,0,299.3,309.1,1551,39.1,147,0,0,0,0,0,0
2563,0,299.3,309.1,1496,37.2,149,0,0,0,0,0,0
2564,0,299.3,309.1,1493,38.0,151,0,0,0,0,0,0
2565,0,299.4,309.1,1304,50.5,153,0,0,0,0,0,0
2566,1,299.3,309.0,1420,41.6,155,0,0,0,0,0,0
2567,0,299.4,309.1,1766,24.6,158,0,0,0,0,0,0
2568,0,299.6,309.2,1450,43.1,160,0,0,0,0,0,0
2569,2,299.5,309.2,1872,22.6,162,0,0,0,0,0,0
2570,0,299.6,309.2,1713,26.5,167,0,0,0,0,0,0
2571,1,299.5,309.2,1497,40.9,169,0,0,0,0,0,0
2572,1,299.4,309.1,1352,44.7,172,0,0,0,0,0,0
2573,0,299.5,309.2,1499,41.5,175,0,0,0,0,0,0
2575,0,299.5,309.3,1422,49.2,179,0,0,0,0,0,0
2576,0,299.5,309.3,1523,41.5,181,0,0,0,0,0,0
2577,0,299.5,309.4,1563,41.5,183,0,0,0,0,0,0
2578,0,299.4,309.3,1391,46.6,185,0,0,0,0,0,0
2579,0,299.3,309.1,1795,24.7,187,0,0,0,0,0,0
2580,0,299.3,309.1,1293,53.7,189,0,0,0,0,0,0
2581,0,299.2,309.1,1345,60.7,191,1,0,0,0,1,0
2582,0,299.2,309.0,1615,33.7,193,0,0,0,0,0,0
2583,0,299.2,308.9,1342,50.8,195,0,0,0,0,0,0
2584,0,299.1,308.8,1502,46.7,197,0,0,0,0,0,0
2585,1,299.0,308.7,1620,35.4,199,0,0,0,0,0,0
2586,0,299.0,308.7,1537,42.8,202,0,0,0,0,0,0
2588,0,299.0,308.7,1706,28.6,206,0,0,0,0,0,0
2590,0,299.0,308.7,1396,48.6,0,0,0,0,0,0,0
2591,0,298.9,308.6,1522,46.4,2,0,0,0,0,0,0
2592,0,298.9,308.6,1539,45.4,4,0,0,0,0,0,0
2593,2,298.9,308.5,1415,54.0,6,0,0,0,0,0,0
2594,0,298.8,308.5,1446,37.0,11,0,0,0,0,0,0
2595,1,298.8,308.6,1486,41.1,13,0,0,0,0,0,0
2596,0,299.0,308.7,1426,38.6,16,0,0,0,0,0,0
2597,0,299.0,308.7,1449,38.9,18,0,0,0,0,0,0
2599,1,299.2,308.9,1447,39.6,22,0,0,0,0,0,0
2600,0,299.3,309.0,1422,47.3,25,0,0,0,0,0,0
2601,0,299.3,309.1,1399,52.1,27,0,0,0,0,0,0
2602,0,299.4,309.2,1427,41.5,29,0,0,0,0,0,0
2603,1,299.3,309.2,1334,46.3,31,0,0,0,0,0,0
2604,1,299.3,309.1,1385,45.6,34,0,0,0,0,0,0
2605,0,299.4,309.2,1552,37.4,37,0,0,0,0,0,0
2606,2,299.4,309.3,1534,37.5,39,0,0,0,0,0,0
2607,0,299.4,309.3,1448,48.6,44,0,0,0,0,0,0
2608,0,299.5,309.3,1409,44.7,46,0,0,0,0,0,0
2609,0,299.4,309.2,1621,34.5,48,0,0,0,0,0,0
2610,2,299.4,309.1,1547,40.9,50,0,0,0,0,0,0
2613,1,299.3,309.1,1571,38.3,59,0,0,0,0,0,0
2614,0,299.3,309.1,1634,36.8,62,0,0,0,0,0,0
2615,0,299.3,309.0,1516,38.7,64,0,0,0,0,0,0
2617,0,299.4,309.1,1670,35.9,68,0,0,0,0,0,0
2618,1,299.4,309.1,1461,48.6,70,0,0,0,0,0,0
2619,0,299.4,309.2,1569,40.8,73,0,0,0,0,0,0
2620,0,299.4,309.2,1556,35.7,75,0,0,0,0,0,0
2621,1,299.5,309.3,1506,41.5,77,0,0,0,0,0,0
2622,1,299.6,309.4,1642,30.3,80,0,0,0,0,0,0
2623,1,299.6,309.4,1283,62.1,83,0,0,0,0,0,0
2624,2,299.7,309.5,1375,46.8,86,0,0,0,0,0,0
2625,0,299.7,309.4,1399,39.9,91,0,0,0,0,0,0
2626,0,299.7,309.4,1650,29.8,93,0,0,0,0,0,0
2627,1,299.8,309.6,1346,53.2,95,0,0,0,0,0,0
2628,2,299.9,309.6,1410,51.2,98,0,0,0,0,0,0
2629,0,300.0,309.7,1586,37.8,103,0,0,0,0,0,0
2630,0,300.0,309.8,1372,39.6,105,0,0,0,0,0,0
2631,2,300.0,309.7,1529,42.4,107,0,0,0,0,0,0
2632,1,300.0,309.7,1652,28.6,112,0,0,0,0,0,0
2633,0,300.1,309.8,1532,39.8,115,0,0,0,0,0,0
2634,0,300.0,309.7,1554,32.0,117,0,0,0,0,0,0
2635,2,299.9,309.6,1462,51.0,119,0,0,0,0,0,0
2636,0,299.9,309.6,1254,61.3,124,0,0,0,0,0,0
2637,0,299.9,309.6,1294,49.7,126,0,0,0,0,0,0
2638,0,299.8,309.5,1739,27.5,128,0,0,0,0,0,0
2639,1,299.8,309.4,1412,47.8,130,0,0,0,0,0,0
2640,1,299.9,309.5,1372,56.2,133,0,0,0,0,0,0
2641,2,299.8,309.5,1420,46.7,136,0,0,0,0,0,0
2642,0,299.8,309.5,1542,40.3,141,0,0,0,0,0,0
2643,1,299.8,309.4,1401,48.1,143,0,0,0,0,0,0
2644,0,299.8,309.4,1510,42.5,146,0,0,0,0,0,0
2645,2,299.9,309.5,1547,38.5,148,0,0,0,0,0,0
2646,1,299.8,309.5,1453,43.2,153,0,0,0,0,0,0
2647,0,299.8,309.4,1408,45.6,156,0,0,0,0,0,0
2648,0,299.8,309.4,1436,51.6,158,0,0,0,0,0,0
2649,1,299.9,309.5,1582,38.2,160,0,0,0,0,0,0
2650,0,299.9,309.6,1280,59.3,163,0,0,0,0,0,0
2652,0,299.9,309.5,1772,23.5,167,0,0,0,0,0,0
2653,0,299.9,309.5,1779,26.1,169,0,0,0,0,0,0
2654,0,299.9,309.5,1567,35.5,171,0,0,0,0,0,0
2655,1,299.8,309.4,1751,27.0,173,0,0,0,0,0,0
2656,0,299.9,309.5,1349,51.3,176,0,0,0,0,0,0
2657,1,300.0,309.5,1425,40.8,178,0,0,0,0,0,0
2658,0,300.0,309.4,1395,44.5,181,0,0,0,0,0,0
2659,2,299.8,309.3,1595,32.1,183,0,0,0,0,0,0
2660,0,299.8,309.3,1291,56.4,188,0,0,0,0,0,0
2661,1,299.9,309.4,1509,42.8,190,0,0,0,0,0,0
2662,1,299.9,309.4,1483,38.1,193,0,0,0,0,0,0
2663,0,299.9,309.3,1620,31.1,196,0,0,0,0,0,0
2664,1,299.9,309.4,1487,42.2,198,0,0,0,0,0,0
2666,2,299.7,309.2,1691,27.7,203,0,0,0,0,0,0
2667,1,299.8,309.3,1663,35.2,208,0,0,0,0,0,0
2668,1,299.8,309.3,1640,31.1,211,0,0,0,0,0,0
2669,2,299.7,309.3,1494,37.8,214,0,0,0,0,0,0
2670,0,299.8,309.4,1467,46.2,219,0,0,0,0,0,0
2671,1,299.7,309.3,1399,41.9,221,1,1,0,0,0,0
2672,0,299.7,309.3,1445,42.6,0,0,0,0,0,0,0
2673,0,299.8,309.4,1480,40.9,2,0,0,0,0,0,0
2674,0,299.7,309.3,1546,37.2,4,0,0,0,0,0,0
2675,0,299.7,309.3,1574,35.8,6,0,0,0,0,0,0
2676,0,299.7,309.3,1592,34.2,8,0,0,0,0,0,0
2677,0,299.8,309.5,1495,39.6,10,0,0,0,0,0,0
2678,0,299.8,309.6,1447,43.1,12,0,0,0,0,0,0
2679,0,299.8,309.5,1476,44.4,14,0,0,0,0,0,0
2680,0,299.8,309.5,1641,27.1,16,0,0,0,0,0,0
2681,0,299.8,309.5,1545,32.2,18,0,0,0,0,0,0
2682,1,299.9,309.6,1364,44.4,20,0,0,0,0,0,0
2683,0,299.8,309.5,1590,28.5,23,0,0,0,0,0,0
2684,0,299.8,309.4,1460,37.4,25,0,0,0,0,0,0
2685,0,299.8,309.4,1609,32.5,27,0,0,0,0,0,0
2686,0,299.8,309.4,1633,27.5,29,0,0,0,0,0,0
2687,0,299.9,309.4,1348,52.8,31,0,0,0,0,0,0
2688,0,299.9,309.4,1322,53.9,33,0,0,0,0,0,0
2689,0,300.0,309.5,1641,30.1,35,0,0,0,0,0,0
2690,0,300.0,309.5,1728,26.0,37,0,0,0,0,0,0
2691,0,300.0,309.6,1431,47.7,39,0,0,0,0,0,0
2692,0,300.1,309.7,1641,30.4,41,0,0,0,0,0,0
2693,1,300.1,309.6,1622,36.1,43,0,0,0,0,0,0
2694,1,300.1,309.6,1625,38.0,46,0,0,0,0,0,0
2695,0,300.0,309.5,1869,22.7,49,0,0,0,0,0,0
2696,0,300.0,309.6,1452,46.0,51,0,0,0,0,0,0
2697,0,300.0,309.6,1618,28.7,53,0,0,0,0,0,0
2699,0,299.9,309.4,1363,60.9,57,0,0,0,0,0,0
2700,0,299.9,309.3,1473,40.4,59,0,0,0,0,0,0
2701,0,299.9,309.2,1333,50.8,61,0,0,0,0,0,0
2702,0,299.8,309.2,1760,25.9,63,0,0,0,0,0,0
2703,1,299.8,309.2,1372,58.2,65,0,0,0,0,0,0
2704,1,299.7,309.2,1608,34.4,68,0,0,0,0,0,0
2705,0,299.7,309.2,1326,64.8,71,0,0,0,0,0,0
2706,1,299.6,309.1,1560,37.1,73,0,0,0,0,0,0
2707,1,299.6,309.0,1539,36.1,76,0,0,0,0,0,0
2709,0,299.6,309.1,1641,35.8,81,0,0,0,0,0,0
2710,0,299.6,309.1,1574,39.2,83,0,0,0,0,0,0
2711,0,299.6,309.1,1407,50.6,85,0,0,0,0,0,0
2712,2,299.7,309.2,1302,55.5,87,0,0,0,0,0,0
2713,1,299.6,309.2,1651,30.8,92,0,0,0,0,0,0
2714,1,299.6,309.1,1366,55.2,95,0,0,0,0,0,0
2715,1,299.5,309.0,1701,28.6,98,0,0,0,0,0,0
2716,0,299.5,309.0,1498,44.6,101,0,0,0,0,0,0
2717,1,299.5,309.1,1422,45.3,103,0,0,0,0,0,0
2718,0,299.5,309.1,1357,47.3,106,0,0,0,0,0,0
2719,0,299.5,309.2,1690,29.2,108,0,0,0,0,0,0
2720,0,299.6,309.2,1559,39.1,110,0,0,0,0,0,0
2721,1,299.6,309.3,1553,32.4,112,0,0,0,0,0,0
2722,0,299.6,309.3,1558,34.8,115,0,0,0,0,0,0
2723,0,299.7,309.4,1362,51.9,117,0,0,0,0,0,0
2724,1,299.8,309.3,1470,42.7,119,0,0,0,0,0,0
2725,0,299.8,309.4,1555,34.8,122,0,0,0,0,0,0
2726,1,299.8,309.4,1423,42.9,124,0,0,0,0,0,0
2727,0,299.7,309.3,1434,38.5,127,0,0,0,0,0,0
2728,0,299.7,309.3,1779,25.5,129,0,0,0,0,0,0
2729,0,299.7,309.3,1417,54.6,131,0,0,0,0,0,0
2730,0,299.6,309.2,1425,45.9,133,0,0,0,0,0,0
2731,1,299.7,309.2,1597,32.9,135,0,0,0,0,0,0
2732,0,299.7,309.2,1346,57.4,138,0,0,0,0,0,0
2733,0,299.7,309.2,1422,40.4,140,0,0,0,0,0,0
2734,2,299.7,309.2,1572,32.8,142,0,0,0,0,0,0
2735,0,299.7,309.2,1412,45.4,147,0,0,0,0,0,0
2736,1,299.7,309.1,1576,36.4,149,0,0,0,0,0,0
2737,1,299.7,309.1,1508,41.2,152,0,0,0,0,0,0
2738,1,299.8,309.1,1496,44.4,155,0,0,0,0,0,0
2739,0,299.8,309.2,1572,35.4,158,0,0,0,0,0,0
2740,0,299.6,309.0,1525,42.8,160,0,0,0,0,0,0
2741,0,299.6,309.0,1378,51.9,162,0,0,0,0,0,0
2742,0,299.6,309.1,1369,51.4,164,0,0,0,0,0,0
2743,0,299.6,309.1,1476,45.3,166,0,0,0,0,0,0
2744,0,299.7,309.2,1620,30.0,168,0,0,0,0,0,0
2745,1,299.7,309.1,1603,38.5,170,0,0,0,0,0,0
2746,0,299.7,309.2,1411,46.1,173,0,0,0,0,0,0
2747,0,299.7,309.2,1616,31.6,175,0,0,0,0,0,0
2748,0,299.7,309.2,1631,35.1,177,0,0,0,0,0,0
2749,1,299.7,309.2,1685,28.9,179,1,0,0,0,0,0
2750,2,299.7,309.2,1456,40.6,182,0,0,0,0,0,0
2751,0,299.7,309.1,1417,50.1,187,0,0,0,0,0,0
2752,1,299.7,309.1,1851,24.7,189,0,0,0,0,0,0
2753,0,299.7,309.1,1715,27.8,192,0,0,0,0,0,0
2754,2,299.6,309.1,1630,32.3,194,0,0,0,0,0,0
2755,0,299.7,309.2,1478,38.8,199,0,0,0,0,0,0
2756,0,299.7,309.2,1781,29.6,201,0,0,0,0,0,0
2757,0,299.8,309.2,1439,36.1,203,0,0,0,0,0,0
2758,1,299.7,309.2,1412,45.3,205,0,0,0,0,0,0
2759,0,299.7,309.1,1483,41.1,208,0,0,0,0,0,0
2760,0,299.8,309.2,1400,42.6,210,0,0,0,0,0,0
2761,0,299.8,309.3,1299,65.1,212,1,0,0,0,1,0
2762,0,299.8,309.2,1479,44.4,214,0,0,0,0,0,0
2763,0,299.8,309.2,1491,47.5,216,0,0,0,0,0,0
2764,1,299.9,309.3,1389,52.8,0,0,0,0,0,0,0
2765,1,299.9,309.4,1399,54.8,3,0,0,0,0,0,0
2766,1,299.9,309.4,1889,26.0,6,0,0,0,0,0,0
2768,0,300.0,309.5,1675,30.2,11,0,0,0,0,0,0
2769,1,300.0,309.6,1477,38.1,13,0,0,0,0,0,0
2770,0,300.0,309.6,1364,45.9,16,0,0,0,0,0,0
2771,0,299.9,309.5,1451,39.4,18,0,0,0,0,0,0
2772,0,299.9,309.4,1467,41.2,20,0,0,0,0,0,0
2773,0,299.9,309.4,1858,22.5,22,0,0,0,0,0,0
2774,0,300.1,309.4,1559,39.7,24,0,0,0,0,0,0
2775,0,300.1,309.4,1560,47.7,26,0,0,0,0,0,0
2776,0,300.1,309.4,1453,47.6,28,0,0,0,0,0,0
2777,0,300.1,309.4,1464,41.7,30,0,0,0,0,0,0
2778,0,300.0,309.4,1308,50.2,32,0,0,0,0,0,0
2779,0,300.1,309.5,1353,50.9,34,0,0,0,0,0,0
2780,1,300.2,309.6,1556,35.8,36,0,0,0,0,0,0
2782,1,300.2,309.6,1491,41.8,41,0,0,0,0,0,0
2783,1,300.2,309.6,1528,35.1,44,0,0,0,0,0,0
2784,0,300.2,309.6,1430,52.7,47,0,0,0,0,0,0
2785,0,300.2,309.5,1495,32.6,49,0,0,0,0,0,0
2786,1,300.2,309.5,1630,28.3,51,0,0,0,0,0,0
2787,1,300.3,309.6,1524,38.4,54,0,0,0,0,0,0
2788,0,300.3,309.6,1326,52.4,57,0,0,0,0,0,0
2789,2,300.3,309.5,1438,44.0,59,0,0,0,0,0,0
2790,0,300.4,309.6,1356,45.9,64,0,0,0,0,0,0
2791,2,300.4,309.6,1416,43.3,66,0,0,0,0,0,0
2792,0,300.4,309.7,1584,32.6,71,0,0,0,0,0,0
2793,0,300.3,309.6,1597,31.8,73,0,0,0,0,0,0
2794,0,300.4,309.6,1553,43.9,75,0,0,0,0,0,0
2795,1,300.3,309.5,1405,49.4,77,0,0,0,0,0,0
2796,0,300.2,309.5,1539,35.3,80,0,0,0,0,0,0
2797,1,300.3,309.6,1398,53.7,82,0,0,0,0,0,0
2798,0,300.3,309.6,1568,39.6,85,0,0,0,0,0,0
2799,0,300.3,309.6,1404,44.6,87,0,0,0,0,0,0
2800,1,300.2,309.5,1500,45.7,89,0,0,0,0,0,0
2801,1,300.2,309.5,1642,28.8,92,0,0,0,0,0,0
2802,1,300.3,309.6,1509,46.6,95,0,0,0,0,0,0
2803,0,300.2,309.5,1343,50.2,98,0,0,0,0,0,0
2804,0,300.1,309.5,1450,40.1,100,0,0,0,0,0,0
2805,0,300.0,309.4,1460,43.5,102,0,0,0,0,0,0
2806,0,300.0,309.3,1364,41.2,104,0,0,0,0,0,0
2807,1,299.9,309.3,1452,41.9,106,0,0,0,0,0,0
2808,0,299.9,309.3,1471,41.8,109,0,0,0,0,0,0
2809,0,299.9,309.2,1598,34.6,111,0,0,0,0,0,0
2810,0,299.8,309.1,1772,24.8,113,0,0,0,0,0,0
2811,0,299.9,309.2,1761,25.6,115,0,0,0,0,0,0
2812,1,300.0,309.3,1413,40.7,117,0,0,0,0,0,0
2813,0,300.0,309.3,1887,22.6,120,0,0,0,0,0,0
2814,0,300.0,309.3,1395,56.5,122,0,0,0,0,0,0
2815,1,300.1,309.4,1569,31.6,124,0,0,0,0,0,0
2816,0,300.1,309.4,1434,47.3,127,0,0,0,0,0,0
2817,0,300.2,309.5,1417,41.1,129,0,0,0,0,0,0
2818,0,300.2,309.5,1729,28.4,131,0,0,0,0,0,0
2819,0,300.2,309.5,1356,51.1,133,0,0,0,0,0,0
2820,0,300.2,309.5,1436,48.8,135,0,0,0,0,0,0
2821,1,300.3,309.6,1419,42.5,137,0,0,0,0,0,0
2822,0,300.3,309.6,1593,38.1,140,0,0,0,0,0,0
2823,1,300.3,309.5,1320,62.2,142,0,0,0,0,0,0
2824,1,300.3,309.5,1448,42.4,145,0,0,0,0,0,0
2825,0,300.3,309.4,1470,33.5,148,0,0,0,0,0,0
2826,1,300.3,309.4,1612,33.1,150,0,0,0,0,0,0
2827,0,300.4,309.4,1412,51.6,153,0,0,0,0,0,0
2828,1,300.4,309.4,1875,23.9,155,0,0,0,0,0,0
2829,0,300.3,309.3,1612,36.0,158,0,0,0,0,0,0
2830,1,300.4,309.3,1411,41.6,160,0,0,0,0,0,0
2831,1,300.3,309.2,1490,47.9,163,0,0,0,0,0,0
2832,1,300.4,309.3,1467,40.3,166,0,0,0,0,0,0
2833,0,300.3,309.2,1807,26.4,169,0,0,0,0,0,0
2834,0,300.3,309.1,1368,46.0,171,0,0,0,0,0,0
2835,0,300.3,309.2,1572,32.0,173,0,0,0,0,0,0
2836,1,300.3,309.1,1458,44.3,175,0,0,0,0,0,0
2837,0,300.3,309.1,1699,30.3,178,0,0,0,0,0,0
2838,0,300.3,309.3,1478,39.5,180,0,0,0,0,0,0
2839,1,300.4,309.4,1362,42.1,182,0,0,0,0,0,0
2840,2,300.4,309.4,1487,38.9,185,0,0,0,0,0,0
2841,0,300.3,309.4,1705,29.4,190,0,0,0,0,0,0
2842,0,300.3,309.3,1345,53.5,192,0,0,0,0,0,0
2843,0,300.3,309.2,1532,40.2,194,0,0,0,0,0,0
2844,0,300.3,309.2,1650,35.2,196,0,0,0,0,0,0
2845,0,300.3,309.2,1398,54.4,198,0,0,0,0,0,0
2846,0,300.3,309.2,1412,44.8,200,0,0,0,0,0,0
2847,0,300.4,309.3,1525,39.6,202,0,0,0,0,0,0
2848,1,300.3,309.3,1391,57.9,204,0,0,0,0,0,0
2849,0,300.4,309.3,1766,28.2,207,0,0,0,0,0,0
2850,0,300.4,309.3,1671,35.0,209,0,0,0,0,0,0
2851,0,300.5,309.3,1373,48.8,211,0,0,0,0,0,0
2852,1,300.5,309.4,1347,50.1,213,0,0,0,0,0,0
2853,1,300.5,309.3,1539,39.1,216,0,0,0,0,0,0
2854,0,300.5,309.3,1470,40.8,219,0,0,0,0,0,0
2855,0,300.5,309.3,1528,37.0,221,0,0,0,0,0,0
2856,2,300.5,309.3,1471,45.2,223,0,0,0,0,0,0
2857,1,300.4,309.2,1528,37.2,228,0,0,0,0,0,0
2858,0,300.5,309.3,1417,51.5,231,1,0,0,0,1,0
2859,0,300.6,309.4,1549,43.4,233,0,0,0,0,0,0
2860,2,300.6,309.4,1463,49.2,235,0,0,0,0,0,0
2861,0,300.7,309.5,1479,43.6,240,0,0,0,0,0,0
2862,0,300.6,309.5,1867,23.0,242,0,0,0,0,0,0
2863,0,300.6,309.4,1471,44.1,244,0,0,0,0,0,0
2864,2,300.6,309.4,1380,47.6,246,1,1,0,0,0,0
2865,2,300.7,309.7,1623,32.7,0,0,0,0,0,0,0
2867,2,300.7,309.6,1390,48.5,7,0,0,0,0,0,0
2868,0,300.8,309.7,1418,46.6,12,0,0,0,0,0,0
2869,0,300.8,309.7,1519,35.8,14,0,0,0,0,0,0
2870,1,300.8,309.7,1519,39.7,16,0,0,0,0,0,0
2871,1,300.7,309.6,1536,37.2,19,0,0,0,0,0,0
2872,0,300.8,309.6,1680,28.7,22,0,0,0,0,0,0
2873,2,300.6,309.4,1555,37.9,24,0,0,0,0,0,0
2874,0,300.6,309.5,1471,49.6,29,0,0,0,0,0,0
2875,1,300.5,309.4,1877,23.8,31,0,0,0,0,0,0
2876,1,300.5,309.3,1578,30.5,34,0,0,0,0,0,0
2877,1,300.5,309.4,1655,32.1,37,0,0,0,0,0,0
2878,2,300.5,309.4,1502,34.3,40,0,0,0,0,0,0
2879,1,300.6,309.4,1367,63.2,45,1,0,0,1,0,0
2880,0,300.7,309.5,1541,37.2,48,0,0,0,0,0,0
2881,1,300.6,309.6,1588,37.0,50,0,0,0,0,0,0
2882,0,300.6,309.6,1684,32.8,53,0,0,0,0,0,0
2883,0,300.6,309.5,1437,40.0,55,0,0,0,0,0,0
2884,0,300.6,309.6,1409,42.4,57,0,0,0,0,0,0
2885,1,300.5,309.5,1320,49.9,59,0,0,0,0,0,0
2886,2,300.5,309.5,1635,34.2,62,0,0,0,0,0,0
2887,1,300.5,309.5,1691,27.6,67,0,0,0,0,0,0
2888,1,300.6,309.6,1365,50.0,70,0,0,0,0,0,0
2889,1,300.7,309.7,1523,38.2,73,0,0,0,0,0,0
2890,0,300.6,309.7,1593,32.4,76,0,0,0,0,0,0
2891,0,300.6,309.6,1682,30.7,78,0,0,0,0,0,0
2892,0,300.7,309.6,1329,54.3,80,0,0,0,0,0,0
2893,1,300.7,309.6,1568,35.2,82,0,0,0,0,0,0
2894,0,300.7,309.6,1733,24.8,85,0,0,0,0,0,0
2895,1,300.7,309.6,1473,48.1,87,0,0,0,0,0,0
2896,1,300.7,309.5,1633,31.3,90,0,0,0,0,0,0
2897,1,300.6,309.5,1530,40.2,93,0,0,0,0,0,0
2898,1,300.6,309.5,1550,40.2,96,0,0,0,0,0,0
2899,0,300.6,309.4,1410,40.6,99,0,0,0,0,0,0
2900,0,300.5,309.3,1574,33.5,101,0,0,0,0,0,0
2901,0,300.6,309.4,1425,40.3,103,0,0,0,0,0,0
2902,1,300.6,309.4,1541,35.2,105,0,0,0,0,0,0
2903,1,300.7,309.5,1733,26.7,108,0,0,0,0,0,0
2905,0,300.6,309.4,1552,36.4,113,0,0,0,0,0,0
2906,0,300.6,309.3,1409,38.7,115,0,0,0,0,0,0
2907,1,300.6,309.4,1581,35.7,117,0,0,0,0,0,0
2908,0,300.7,309.5,1251,59.9,120,0,0,0,0,0,0
2909,0,300.7,309.6,1500,44.1,122,0,0,0,0,0,0
2910,0,300.6,309.5,1576,38.8,124,0,0,0,0,0,0
2911,1,300.7,309.5,1352,44.0,126,0,0,0,0,0,0
2912,0,300.7,309.6,1661,30.3,129,0,0,0,0,0,0
2913,0,300.7,309.6,1541,34.6,131,0,0,0,0,0,0
2914,2,300.6,309.6,1888,20.5,133,0,0,0,0,0,0
2915,0,300.5,309.5,1255,62.1,138,0,0,0,0,0,0
2916,0,300.6,309.6,1411,41.6,140,0,0,0,0,0,0
2917,0,300.6,309.5,1516,39.0,142,0,0,0,0,0,0
2918,1,300.6,309.5,1492,34.0,144,0,0,0,0,0,0
2919,0,300.6,309.6,1726,30.0,147,0,0,0,0,0,0
2920,0,300.7,309.7,1598,33.7,149,0,0,0,0,0,0
2921,0,300.8,309.8,1657,31.1,151,0,0,0,0,0,0
2922,0,300.8,309.7,1481,38.1,153,0,0,0,0,0,0
2923,1,300.7,309.7,1397,51.3,155,0,0,0,0,0,0
2924,0,300.8,309.7,1461,44.3,158,0,0,0,0,0,0
2925,1,300.7,309.6,1388,51.1,160,0,0,0,0,0,0
2926,0,300.7,309.7,1507,52.4,163,0,0,0,0,0,0
2927,1,300.7,309.6,1421,49.8,165,0,0,0,0,0,0
2928,1,300.8,309.7,1258,54.9,168,0,0,0,0,0,0
2929,1,300.8,309.7,1482,39.0,171,0,0,0,0,0,0
2930,2,300.7,309.6,1403,51.3,174,0,0,0,0,0,0
2931,0,300.8,309.7,1373,45.4,179,0,0,0,0,0,0
2932,0,300.9,309.7,1460,42.1,181,0,0,0,0,0,0
2933,1,300.8,309.7,1751,27.9,183,0,0,0,0,0,0
2934,1,300.8,309.6,1546,42.3,186,0,0,0,0,0,0
2935,1,300.8,309.7,1680,28.2,189,0,0,0,0,0,0
2936,1,300.9,309.7,1394,48.8,192,0,0,0,0,0,0
2937,0,300.7,309.6,1810,26.0,195,0,0,0,0,0,0
2938,0,300.7,309.5,1479,34.5,197,0,0,0,0,0,0
2939,0,300.9,309.7,1431,41.4,199,0,0,0,0,0,0
2942,0,300.7,309.5,1461,49.9,0,0,0,0,0,0,0
2944,0,300.7,309.6,1505,34.9,7,0,0,0,0,0,0
2946,1,300.7,309.5,1622,30.5,14,0,0,0,0,0,0
2947,0,300.7,309.5,1592,29.0,17,0,0,0,0,0,0
2948,0,300.7,309.5,1850,24.5,19,0,0,0,0,0,0
2949,1,300.7,309.5,1470,48.7,21,0,0,0,0,0,0
2950,1,300.7,309.5,1445,46.4,24,0,0,0,0,0,0
2951,0,300.7,309.5,1685,31.1,27,0,0,0,0,0,0
2952,2,300.7,309.5,1667,30.5,29,0,0,0,0,0,0
2953,0,300.7,309.5,1578,35.4,34,0,0,0,0,0,0
2954,2,300.6,309.4,1691,28.0,36,0,0,0,0,0,0
2955,1,300.7,309.5,1439,43.8,41,0,0,0,0,0,0
2956,1,300.8,309.6,1404,38.7,44,0,0,0,0,0,0
2957,0,300.8,309.6,1498,45.8,47,0,0,0,0,0,0
2958,1,300.8,309.5,1481,44.5,49,0,0,0,0,0,0
2959,1,300.7,309.4,1589,35.0,52,0,0,0,0,0,0
2960,0,300.7,309.5,1467,44.3,55,0,0,0,0,0,0
2961,0,300.6,309.4,1654,32.8,57,0,0,0,0,0,0
2962,0,300.7,309.5,1508,39.9,59,0,0,0,0,0,0
2963,1,300.7,309.6,1439,43.0,61,0,0,0,0,0,0
2964,0,300.7,309.5,1692,30.3,64,0,0,0,0,0,0
2965,1,300.7,309.5,1838,24.9,66,0,0,0,0,0,0
2966,0,300.6,309.3,1601,40.2,69,0,0,0,0,0,0
2967,0,300.6,309.4,1369,51.6,71,0,0,0,0,0,0
2968,1,300.6,309.4,1312,45.2,73,0,0,0,0,0,0
2969,0,300.6,309.4,1468,44.1,76,0,0,0,0,0,0
2970,1,300.6,309.4,1452,39.4,78,0,0,0,0,0,0
2971,1,300.7,309.5,1393,43.9,81,0,0,0,0,0,0
2972,1,300.6,309.4,1432,44.2,84,0,0,0,0,0,0
2973,1,300.6,309.3,1510,46.0,87,0,0,0,0,0,0
2974,1,300.6,309.4,1521,37.2,90,0,0,0,0,0,0
2975,2,300.5,309.4,1360,46.2,93,0,0,0,0,0,0
2976,1,300.5,309.3,1881,25.5,98,0,0,0,0,0,0
2977,0,300.4,309.3,1413,50.3,101,0,0,0,0,0,0
2978,2,300.5,309.4,1642,36.2,103,0,0,0,0,0,0
2979,0,300.5,309.5,1542,38.5,108,0,0,0,0,0,0
2980,0,300.4,309.5,1447,39.3,110,0,0,0,0,0,0
2981,2,300.4,309.4,1530,40.4,112,0,0,0,0,0,0
2982,0,300.5,309.5,1795,27.7,117,0,0,0,0,0,0
2983,0,300.6,309.6,1290,57.4,119,0,0,0,0,0,0
2984,0,300.6,309.7,1639,30.4,121,0,0,0,0,0,0
2985,0,300.7,309.8,1596,31.5,123,0,0,0,0,0,0
2986,0,300.6,309.8,1455,48.0,125,0,0,0,0,0,0
2987,1,300.6,309.8,1659,28.9,127,0,0,0,0,0,0
2988,1,300.6,309.8,1532,42.5,130,0,0,0,0,0,0
2989,0,300.6,309.8,1502,42.4,133,0,0,0,0,0,0
2990,0,300.6,309.8,1688,28.6,135,0,0,0,0,0,0
2991,1,300.5,309.7,1341,50.9,137,0,0,0,0,0,0
2992,1,300.5,309.7,1685,29.4,140,0,0,0,0,0,0
2993,1,300.5,309.8,1370,55.9,143,0,0,0,0,0,0
2994,0,300.5,309.8,1461,52.5,146,0,0,0,0,0,0
2995,0,300.5,309.8,1550,37.4,148,0,0,0,0,0,0
2996,1,300.5,309.8,1508,37.8,150,0,0,0,0,0,0
2997,0,300.5,309.8,1345,62.7,153,0,0,0,0,0,0
2998,0,300.5,309.7,1616,34.5,155,0,0,0,0,0,0
2999,0,300.5,309.7,1395,61.0,157,0,0,0,0,0,0
3001,0,300.5,309.8,1445,43.9,164,0,0,0,0,0,0
3002,1,300.5,309.8,1555,38.9,166,0,0,0,0,0,0
3003,1,300.6,309.9,1449,42.4,169,0,0,0,0,0,0
3004,1,300.5,309.9,1466,53.2,172,0,0,0,0,0,0
3005,0,300.5,309.9,1503,37.4,175,0,0,0,0,0,0
3006,0,300.4,309.7,1488,35.7,177,0,0,0,0,0,0
3007,0,300.4,309.7,1314,50.2,179,0,0,0,0,0,0
3008,1,300.4,309.7,1547,38.0,181,0,0,0,0,0,0
3009,1,300.4,309.7,1466,39.8,184,0,0,0,0,0,0
3010,0,300.3,309.6,1537,37.1,187,0,0,0,0,0,0
3011,1,300.2,309.5,1434,51.5,189,0,0,0,0,0,0
3012,0,300.4,309.6,1432,44.7,192,0,0,0,0,0,0
3013,0,300.5,309.6,1390,48.4,194,0,0,0,0,0,0
3014,0,300.5,309.7,1580,42.8,196,0,0,0,0,0,0
3015,0,300.5,309.7,1589,30.5,198,0,0,0,0,0,0
3016,0,300.5,309.8,1441,48.8,200,0,0,0,0,0,0
3017,0,300.5,309.8,1305,51.7,202,0,0,0,0,0,0
3018,1,300.5,309.8,1566,35.9,204,0,0,0,0,0,0
3019,0,300.5,309.8,1379,54.2,207,1,0,0,0,1,0
3020,0,300.4,309.6,1543,38.1,209,0,0,0,0,0,0
3021,0,300.5,309.8,1421,49.6,211,0,0,0,0,0,0
3022,0,300.5,309.6,1760,30.6,213,0,0,0,0,0,0
3023,0,300.4,309.5,1711,29.2,215,0,0,0,0,0,0
3024,0,300.5,309.6,1465,41.6,217,0,0,0,0,0,0
3025,0,300.5,309.6,1366,50.2,219,0,0,0,0,0,0
3026,1,300.4,309.5,1888,21.9,221,0,0,0,0,0,0
3027,0,300.5,309.5,1777,23.6,0,0,0,0,0,0,0
3028,0,300.5,309.5,1379,55.6,2,0,0,0,0,0,0
3029,0,300.4,309.5,1525,51.3,4,0,0,0,0,0,0
3030,1,300.4,309.6,1563,34.0,6,0,0,0,0,0,0
3031,1,300.5,309.7,1389,43.3,9,0,0,0,0,0,0
3032,1,300.6,309.8,1447,42.9,12,0,0,0,0,0,0
3034,2,300.6,309.7,1470,43.8,18,0,0,0,0,0,0
3035,1,300.6,309.7,1428,42.6,23,0,0,0,0,0,0
3036,0,300.4,309.6,1319,48.1,26,0,0,0,0,0,0
3037,0,300.5,309.7,1887,24.3,28,0,0,0,0,0,0
3038,0,300.4,309.5,1349,50.4,30,0,0,0,0,0,0
3039,1,300.3,309.5,1665,31.4,32,0,0,0,0,0,0
3040,0,300.3,309.5,1474,38.7,35,0,0,0,0,0,0
3041,0,300.4,309.5,1543,38.9,37,0,0,0,0,0,0
3042,1,300.2,309.4,1459,43.9,39,0,0,0,0,0,0
3043,0,300.3,309.5,1551,37.9,42,0,0,0,0,0,0
3045,0,300.2,309.4,1526,35.3,46,0,0,0,0,0,0
3046,1,300.2,309.4,1501,40.0,48,0,0,0,0,0,0
3047,0,300.2,309.4,1558,38.3,51,0,0,0,0,0,0
3048,0,300.2,309.3,1532,43.2,53,0,0,0,0,0,0
3049,0,300.1,309.2,1326,55.9,55,0,0,0,0,0,0
3050,0,300.2,309.2,1431,51.3,57,0,0,0,0,0,0
3051,0,300.2,309.3,1366,49.3,59,0,0,0,0,0,0
3052,0,300.1,309.2,1421,42.5,61,0,0,0,0,0,0
3053,2,300.2,309.3,1506,35.6,63,0,0,0,0,0,0
3054,2,300.2,309.3,1342,48.7,68,0,0,0,0,0,0
3055,0,300.1,309.2,1427,37.6,73,0,0,0,0,0,0
3056,0,300.2,309.2,1667,29.9,75,0,0,0,0,0,0
3057,0,300.1,309.1,1400,46.7,77,0,0,0,0,0,0
3058,0,300.0,309.0,1709,32.1,79,0,0,0,0,0,0
3059,1,300.0,309.0,1368,45.8,81,0,0,0,0,0,0
3060,0,300.0,309.1,1882,23.8,84,0,0,0,0,0,0
3061,0,300.1,309.1,1353,58.7,86,0,0,0,0,0,0
3062,0,299.9,309.0,1553,40.0,88,0,0,0,0,0,0
3063,0,300.0,309.1,1431,45.4,90,0,0,0,0,0,0
3064,1,300.1,309.1,1731,30.4,92,0,0,0,0,0,0
3065,1,300.1,309.2,1687,27.7,95,0,0,0,0,0,1
3066,1,300.1,309.2,1457,44.3,98,0,0,0,0,0,0
3067,0,300.1,309.2,1533,37.0,101,0,0,0,0,0,0
3068,2,300.0,309.0,1622,31.8,103,0,0,0,0,0,0
3069,0,300.0,309.1,1791,28.2,108,0,0,0,0,0,0
3070,0,300.0,309.1,1631,28.3,110,0,0,0,0,0,0
3072,0,300.1,309.0,1314,58.2,114,0,0,0,0,0,0
3073,0,300.1,309.1,1478,46.9,116,0,0,0,0,0,0
3074,0,300.1,309.2,1783,27.3,118,0,0,0,0,0,0
3075,1,300.1,309.2,1385,46.1,120,0,0,0,0,0,0
3076,0,300.0,309.2,1444,43.6,123,0,0,0,0,0,0
3077,0,300.1,309.3,1841,23.0,125,0,0,0,0,0,0
3078,1,300.1,309.4,1349,56.2,127,0,0,0,0,0,0
3079,0,300.1,309.3,1340,56.0,130,0,0,0,0,0,0
3080,1,299.9,309.2,1539,43.2,132,0,0,0,0,0,0
3082,1,300.0,309.3,1407,43.9,138,0,0,0,0,0,0
3083,0,300.1,309.3,1712,28.5,141,0,0,0,0,0,0
3084,2,300.1,309.4,1329,55.2,143,0,0,0,0,0,0
3085,0,300.1,309.2,1441,42.9,148,0,0,0,0,0,0
3086,0,300.0,309.2,1610,32.1,150,0,0,0,0,0,0
3087,1,300.0,309.1,1474,45.2,152,0,0,0,0,0,0
3088,1,300.0,309.1,1624,30.8,155,0,0,0,0,0,0
3089,2,300.1,309.3,1520,38.2,158,0,0,0,0,0,0
3090,2,300.1,309.3,1448,45.8,163,0,0,0,0,0,0
3091,0,300.0,309.3,1558,29.7,168,0,0,0,0,0,0
3093,0,300.0,309.3,1397,51.2,173,0,0,0,0,0,0
3095,1,299.9,309.2,1574,36.5,177,0,0,0,0,0,0
3096,0,299.9,309.2,1560,38.9,180,0,0,0,0,0,0
3097,1,299.9,309.2,1353,49.8,182,0,0,0,0,0,0
3098,1,299.9,309.2,1389,51.2,185,0,0,0,0,0,0
3099,1,299.9,309.1,1513,43.8,188,0,0,0,0,0,0
3100,0,299.8,309.1,1578,42.1,191,0,0,0,0,0,0
3101,2,299.8,309.0,1467,37.3,193,0,0,0,0,0,0
3102,0,299.9,309.1,1412,48.3,198,0,0,0,0,0,0
3103,0,299.8,309.1,1668,30.3,200,0,0,0,0,0,0
3104,1,299.8,309.2,1678,29.8,202,0,0,0,0,0,0
3105,0,299.8,309.1,1612,35.4,205,0,0,0,0,0,0
3106,0,299.8,309.1,1485,39.9,207,0,0,0,0,0,0
3107,1,299.8,309.1,1456,39.4,209,0,0,0,0,0,0
3108,0,299.8,309.2,1504,38.7,212,0,0,0,0,0,0
3109,0,299.9,309.2,1491,44.3,214,0,0,0,0,0,0
3110,2,299.9,309.2,1525,33.2,0,0,0,0,0,0,0
3111,0,300.0,309.2,1759,27.9,5,0,0,0,0,0,0
3112,1,299.8,309.1,1355,56.7,7,0,0,0,0,0,0
3113,1,299.9,309.1,1345,56.8,10,0,0,0,0,0,0
3114,1,299.9,309.2,1683,30.5,13,0,0,0,0,0,0
3115,0,299.9,309.2,1658,34.8,16,0,0,0,0,0,0
3116,0,300.0,309.2,1566,34.4,18,0,0,0,0,0,0
3117,1,300.1,309.3,1469,43.9,20,0,0,0,0,0,0
3118,1,300.2,309.5,1458,46.9,23,0,0,0,0,0,0
3119,0,300.1,309.4,1858,23.6,26,0,0,0,0,0,0
3120,2,300.1,309.4,1563,40.8,28,0,0,0,0,0,0
3122,0,300.0,309.3,1473,46.0,35,0,0,0,0,0,0
3123,2,300.0,309.4,1498,38.5,37,0,0,0,0,0,0
3124,0,300.1,309.4,1568,39.7,42,0,0,0,0,0,0
3125,0,300.1,309.4,1694,27.4,44,0,0,0,0,0,0
3126,0,300.0,309.4,1499,35.7,46,0,0,0,0,0,0
3127,0,300.0,309.5,1717,28.3,48,0,0,0,0,0,0
3128,1,300.1,309.5,1462,42.8,50,0,0,0,0,0,0
3129,0,300.1,309.6,1642,34.5,53,0,0,0,0,0,0
3130,0,300.1,309.6,1760,25.4,55,0,0,0,0,0,0
3131,0,300.1,309.5,1660,32.7,57,0,0,0,0,0,0
3132,0,300.1,309.5,1557,40.6,59,0,0,0,0,0,0
3133,2,300.2,309.6,1442,49.2,61,0,0,0,0,0,0
3134,0,300.2,309.6,1359,51.5,66,0,0,0,0,0,0
3135,0,300.4,309.8,1342,52.5,68,0,0,0,0,0,0
3136,0,300.4,309.9,1435,54.8,70,0,0,0,0,0,0
3137,0,300.4,309.9,1567,36.5,72,0,0,0,0,0,0
3138,0,300.4,309.9,1376,43.5,74,0,0,0,0,0,0
3139,2,300.4,309.9,1513,38.7,76,0,0,0,0,0,0
3141,0,300.5,310.0,1521,45.1,86,0,0,0,0,0,0
3142,0,300.6,310.0,1658,34.7,88,0,0,0,0,0,0
3143,2,300.6,310.0,1419,42.4,90,0,0,0,0,0,0
3144,1,300.6,310.0,1478,36.3,95,0,0,0,0,0,0
3145,1,300.5,310.0,1415,43.5,98,0,0,0,0,0,0
3146,1,300.5,309.9,1780,26.5,101,0,0,0,0,0,0
3147,1,300.4,309.7,1440,42.8,104,0,0,0,0,0,0
3148,2,300.4,309.8,1448,39.7,107,0,0,0,0,0,0
3149,2,300.4,309.7,1500,35.2,112,0,0,0,0,0,0
3150,0,300.4,309.8,1513,32.9,117,0,0,0,0,0,0
3151,0,300.5,309.8,1428,43.8,119,0,0,0,0,0,0
3152,1,300.5,309.8,1473,42.3,121,0,0,0,0,0,0
3153,1,300.5,309.9,1483,49.3,124,0,0,0,0,0,0
3154,0,300.4,309.7,1534,42.5,127,0,0,0,0,0,0
3155,0,300.5,309.8,1367,54.0,129,0,0,0,0,0,0
3156,0,300.4,309.7,1467,36.9,131,0,0,0,0,0,0
3157,1,300.4,309.7,1488,42.2,133,0,0,0,0,0,0
3158,0,300.4,309.7,1679,30.1,136,0,0,0,0,0,0
3159,2,300.4,309.8,1409,47.5,138,0,0,0,0,0,0
3160,1,300.4,309.7,1367,51.2,143,0,0,0,0,0,0
3161,0,300.4,309.8,1314,63.1,146,0,0,0,0,0,0
3162,0,300.5,309.9,1480,40.0,148,0,0,0,0,0,0
3163,0,300.4,309.8,1549,38.9,150,0,0,0,0,0,0
3164,0,300.4,309.7,1685,31.3,152,0,0,0,0,0,0
3165,0,300.4,309.6,1536,34.5,154,0,0,0,0,0,0
3166,1,300.4,309.7,1539,37.7,156,0,0,0,0,0,0
3167,0,300.4,309.7,1384,45.1,159,0,0,0,0,0,0
3168,1,300.4,309.6,1614,30.3,161,0,0,0,0,0,0
3169,1,300.4,309.6,1675,35.5,164,0,0,0,0,0,0
3170,1,300.4,309.7,1685,32.3,167,0,0,0,0,0,0
3171,0,300.4,309.6,1386,56.9,170,0,0,0,0,0,0
3172,1,300.3,309.6,1488,41.3,172,0,0,0,0,0,0
3173,0,300.3,309.6,1624,32.6,175,0,0,0,0,0,0
3174,0,300.3,309.6,1600,34.6,177,0,0,0,0,0,0
3175,0,300.3,309.6,1468,44.7,179,0,0,0,0,0,0
3176,0,300.3,309.6,1435,45.4,181,0,0,0,0,0,0
3177,1,300.2,309.5,1564,33.4,183,0,0,0,0,0,0
3178,1,300.2,309.4,1329,53.6,186,0,0,0,0,0,0
3179,0,300.1,309.3,1570,36.8,189,0,0,0,0,0,0
3180,1,300.2,309.4,1433,48.8,191,0,0,0,0,0,0
3181,0,300.2,309.4,1527,37.0,194,0,0,0,0,0,0
3182,1,300.1,309.3,1443,50.3,196,0,0,0,0,0,0
3183,0,300.1,309.3,1616,32.0,199,0,0,0,0,0,0
3184,0,300.1,309.3,1654,31.0,201,0,0,0,0,0,0
3185,0,300.1,309.3,1685,27.1,203,0,0,0,0,0,0
3186,1,300.2,309.4,1456,48.8,205,0,0,0,0,0,0
3187,1,300.2,309.4,1752,27.8,208,0,0,0,0,0,0
3188,1,300.1,309.2,1438,51.0,211,0,0,0,0,0,0
3189,0,300.1,309.1,1551,33.7,214,0,0,0,0,0,0
3190,0,300.1,309.2,1599,30.1,216,0,0,0,0,0,0
3191,1,300.1,309.2,1732,33.7,218,0,0,0,0,0,0
3192,1,300.1,309.2,1418,39.8,221,0,0,0,0,0,0
3193,0,300.0,309.1,1401,44.5,0,0,0,0,0,0,0
3194,0,300.0,309.0,1454,51.7,2,0,0,0,0,0,0
3195,1,300.0,309.2,1635,32.4,4,0,0,0,0,0,0
3196,0,300.0,309.1,1489,40.3,7,0,0,0,0,0,0
3197,0,300.0,309.1,1465,40.6,9,0,0,0,0,0,0
3198,1,300.0,309.1,1463,45.7,11,0,0,0,0,0,0
3199,2,300.1,309.1,1560,35.4,14,0,0,0,0,0,0
3200,1,300.1,309.2,1454,44.4,19,0,0,0,0,0,0
3201,0,300.2,309.1,1479,47.0,22,0,0,0,0,0,0
3202,0,300.2,309.2,1430,43.4,24,0,0,0,0,0,0
3203,1,300.1,309.1,1533,38.0,26,0,0,0,0,0,0
3204,0,300.1,309.0,1404,54.8,29,0,0,0,0,0,0
3205,1,300.1,308.9,1548,38.4,31,0,0,0,0,0,0
3206,1,300.1,309.0,1612,33.0,34,0,0,0,0,0,0
3207,1,300.2,309.0,1642,31.2,37,0,0,0,0,0,0
3208,1,300.2,309.1,1406,42.2,40,0,0,0,0,0,0
3209,0,300.3,309.2,1587,31.4,43,0,0,0,0,0,0
3210,1,300.3,309.2,1364,47.6,45,0,0,0,0,0,0
3211,0,300.3,309.2,1462,51.4,48,0,0,0,0,0,0
3212,0,300.3,309.2,1649,32.4,50,0,0,0,0,0,0
3213,0,300.4,309.2,1752,29.0,52,0,0,0,0,0,0
3214,2,300.4,309.3,1396,51.2,54,0,0,0,0,0,0
3216,0,300.5,309.5,1653,27.6,62,0,0,0,0,0,0
3218,0,300.6,309.6,1426,53.6,66,0,0,0,0,0,0
3219,1,300.6,309.6,1503,38.4,68,0,0,0,0,0,0
3220,1,300.7,309.6,1525,36.5,71,0,0,0,0,0,0
3221,0,300.6,309.6,1423,49.1,74,0,0,0,0,0,0
3222,1,300.7,309.7,1435,44.7,76,0,0,0,0,0,0
3223,2,300.6,309.5,1495,36.5,79,0,0,0,0,0,0
3224,1,300.6,309.5,1557,33.8,84,0,0,0,0,0,0
3225,0,300.6,309.4,1474,40.7,87,0,0,0,0,0,0
3226,0,300.5,309.3,1465,46.0,89,0,0,0,0,0,0
3227,1,300.5,309.3,1589,34.9,91,0,0,0,0,0,0
3228,0,300.5,309.3,1475,46.8,94,0,0,0,0,0,0
3229,0,300.6,309.4,1442,43.2,96,0,0,0,0,0,0
3230,0,300.6,309.4,1556,36.0,98,0,0,0,0,0,0
3231,0,300.7,309.3,1425,45.3,100,0,0,0,0,0,0
3232,0,300.7,309.3,1580,38.3,102,0,0,0,0,0,0
3233,2,300.8,309.4,1474,40.7,104,0,0,0,0,0,0
3234,0,300.8,309.4,1489,38.4,109,0,0,0,0,0,0
3236,1,300.8,309.4,1342,62.4,113,1,0,1,0,0,0
3237,1,300.9,309.5,1758,26.8,116,0,0,0,0,0,0
3238,1,300.9,309.4,1724,25.6,119,0,0,0,0,0,0
3239,0,301.0,309.5,1430,48.5,122,0,0,0,0,0,0
3240,0,300.9,309.5,1612,35.2,124,0,0,0,0,0,0
3241,2,300.9,309.5,1469,43.4,126,0,0,0,0,0,0
3242,0,300.9,309.6,1384,42.4,131,0,0,0,0,0,0
3243,0,301.0,309.6,1724,28.1,133,0,0,0,0,0,0
3244,1,301.0,309.6,1397,48.0,135,0,0,0,0,0,0
3245,1,301.0,309.6,1588,32.7,138,0,0,0,0,0,0
3246,0,301.0,309.7,1468,42.0,141,0,0,0,0,0,0
3247,1,301.0,309.8,1594,31.1,143,0,0,0,0,0,0
3248,1,301.0,309.7,1511,39.3,146,0,0,0,0,0,0
3249,0,301.1,309.8,1493,38.9,149,0,0,0,0,0,0
3250,2,301.2,309.8,1709,27.0,151,0,0,0,0,0,0
3251,0,301.1,309.6,1501,36.1,156,0,0,0,0,0,0
3252,0,301.1,309.7,1668,30.8,158,0,0,0,0,0,0
3253,0,301.1,309.6,1502,48.9,160,0,0,0,0,0,0
3254,1,301.0,309.7,1288,58.4,162,0,0,0,0,0,0
3255,0,301.0,309.7,1491,42.9,165,0,0,0,0,0,0
3256,0,301.1,309.8,1519,39.6,167,0,0,0,0,0,0
3258,0,301.2,309.9,1643,32.9,171,0,0,0,0,0,0
3259,1,301.2,310.0,1625,31.6,173,0,0,0,0,0,0
3261,2,301.3,310.1,1469,39.7,179,0,0,0,0,0,0
3262,0,301.3,310.1,1558,36.3,184,0,0,0,0,0,0
3263,0,301.3,310.0,1344,54.8,186,0,0,0,0,0,0
3264,2,301.3,310.1,1455,44.1,188,0,0,0,0,0,0
3265,0,301.3,310.1,1355,53.6,193,0,0,0,0,0,0
3266,0,301.3,310.1,1269,56.8,195,1,0,0,0,1,0
3267,0,301.3,310.0,1550,41.5,197,0,0,0,0,0,0
3268,1,301.3,310.1,1525,37.8,199,0,0,0,0,0,0
3269,1,301.3,310.0,1696,32.4,202,0,0,0,0,0,0
3271,1,301.4,310.0,1689,32.1,207,0,0,0,0,0,0
3272,1,301.3,310.0,1593,30.8,210,0,0,0,0,0,0
3273,1,301.3,309.9,1565,36.0,213,0,0,0,0,0,0
3274,0,301.3,310.0,1665,31.4,0,0,0,0,0,0,0
3275,2,301.3,310.0,1532,36.3,2,0,0,0,0,0,0
3276,0,301.3,310.0,1438,40.9,7,0,0,0,0,0,0
3277,0,301.3,310.1,1531,41.6,9,0,0,0,0,0,0
3278,0,301.3,310.0,1506,40.8,11,0,0,0,0,0,0
3279,0,301.2,309.9,1382,52.4,13,0,0,0,0,0,0
3280,1,301.2,309.9,1456,50.8,15,0,0,0,0,0,0
3281,1,301.2,310.0,1445,45.6,18,0,0,0,0,0,0
3282,0,301.2,309.9,1515,40.9,21,0,0,0,0,0,0
3283,0,301.2,309.9,1449,45.5,23,0,0,0,0,0,0
3284,2,301.2,309.9,1362,50.7,25,0,0,0,0,0,0
3285,0,301.2,309.9,1687,29.7,30,0,0,0,0,0,0
3286,0,301.2,310.0,1618,37.6,32,0,0,0,0,0,0
3287,1,301.2,310.1,1558,32.6,34,0,0,0,0,0,0
3288,0,301.3,310.1,1662,31.0,37,0,0,0,0,0,0
3289,1,301.2,310.1,1295,56.6,39,0,0,0,0,0,0
3290,0,301.2,310.2,1385,42.3,42,0,0,0,0,0,0
3291,1,301.2,310.1,1479,45.5,44,0,0,0,0,0,0
3292,0,301.3,310.3,1400,44.3,47,0,0,0,0,0,0
3293,1,301.2,310.3,1357,54.5,49,0,0,0,0,0,0
3294,0,301.1,310.2,1657,34.1,52,0,0,0,0,0,0
3295,0,301.1,310.2,1496,43.4,54,0,0,0,0,0,0
3296,1,301.2,310.3,1379,43.2,56,0,0,0,0,0,0
3297,0,301.2,310.3,1548,38.6,59,0,0,0,0,0,0
3298,0,301.2,310.3,1499,38.1,61,0,0,0,0,0,0
3299,0,301.3,310.5,1390,45.8,63,0,0,0,0,0,0
3300,2,301.3,310.4,1538,38.4,65,0,0,0,0,0,0
3301,0,301.3,310.5,1365,47.7,70,0,0,0,0,0,0
3302,0,301.3,310.5,1503,48.6,72,0,0,0,0,0,0
3303,0,301.2,310.4,1390,49.9,74,0,0,0,0,0,0
3304,0,301.2,310.3,1497,45.7,76,0,0,0,0,0,0
3305,1,301.3,310.4,1577,48.3,78,0,0,0,0,0,0
3306,0,301.4,310.5,1432,54.3,81,0,0,0,0,0,0
3307,1,301.4,310.5,1563,39.9,83,0,0,0,0,0,0
3308,0,301.4,310.4,1433,43.4,86,0,0,0,0,0,0
3309,0,301.3,310.4,1384,50.1,88,0,0,0,0,0,0
3310,0,301.3,310.4,1346,46.7,90,0,0,0,0,0,0
3311,0,301.3,310.4,1459,44.7,92,0,0,0,0,0,0
3312,0,301.4,310.4,1639,28.9,94,0,0,0,0,0,0
3313,0,301.4,310.4,1737,31.9,96,0,0,0,0,0,0
3314,0,301.4,310.5,1489,43.5,98,0,0,0,0,0,0
3315,1,301.5,310.6,1492,43.0,100,0,0,0,0,0,0
3316,1,301.4,310.5,1217,60.6,103,0,0,0,0,0,0
3317,0,301.5,310.5,1636,28.7,106,0,0,0,0,0,0
3318,0,301.4,310.4,1436,49.7,108,0,0,0,0,0,0
3319,0,301.4,310.4,1689,30.6,110,0,0,0,0,0,0
3321,0,301.5,310.6,1522,41.0,114,0,0,0,0,0,0
3322,0,301.5,310.5,1351,52.9,116,0,0,0,0,0,0
3323,0,301.5,310.5,1589,36.7,118,0,0,0,0,0,0
3324,0,301.5,310.6,1578,34.1,120,0,0,0,0,0,0
3325,0,301.5,310.6,1587,33.7,122,0,0,0,0,0,0
3328,0,301.6,310.6,1418,43.9,129,0,0,0,0,0,0
3329,0,301.6,310.7,1683,29.7,131,0,0,0,0,0,0
3330,0,301.7,310.8,1385,50.7,133,0,0,0,0,0,0
3331,0,301.7,310.8,1559,44.5,135,0,0,0,0,0,0
3332,1,301.7,310.8,1671,31.6,137,0,0,0,0,0,0
3333,1,301.6,310.8,1343,49.5,140,0,0,0,0,0,0
3334,1,301.6,310.8,1548,34.2,143,0,0,0,0,0,0
3335,0,301.7,310.9,1705,31.2,146,0,0,0,0,0,0
3336,0,301.6,310.8,1535,35.4,148,0,0,0,0,0,0
3337,0,301.6,310.8,1564,34.1,150,0,0,0,0,0,0
3338,1,301.6,310.9,1510,40.9,152,0,0,0,0,0,0
3339,0,301.6,310.9,1492,45.2,155,0,0,0,0,0,0
3340,1,301.5,310.8,1452,44.1,157,0,0,0,0,0,0
3341,2,301.4,310.7,1329,52.0,160,0,0,0,0,0,0
3342,0,301.5,310.8,1382,52.4,165,0,0,0,0,0,0
3343,1,301.5,310.8,1628,36.4,167,0,0,0,0,0,0
3344,0,301.4,310.7,1706,27.9,170,0,0,0,0,0,0
3345,0,301.3,310.7,1594,34.1,172,0,0,0,0,0,0
3346,0,301.3,310.7,1761,24.3,174,0,0,0,0,0,0
3347,0,301.3,310.6,1529,41.8,176,0,0,0,0,0,0
3348,1,301.3,310.7,1532,40.7,178,0,0,0,0,0,0
3349,0,301.4,310.7,1673,27.8,181,0,0,0,0,0,0
3350,0,301.4,310.8,1285,62.6,183,1,0,0,0,1,0
3351,0,301.4,310.8,1680,31.4,185,0,0,0,0,0,0
3352,0,301.4,310.8,1610,34.6,187,0,0,0,0,0,0
3353,0,301.6,310.9,1632,31.6,189,0,0,0,0,0,0
3354,0,301.6,310.9,1559,40.2,191,0,0,0,0,0,0
3355,0,301.5,310.8,1367,49.0,193,0,0,0,0,0,0
3356,0,301.6,310.8,1355,57.8,195,1,0,0,0,1,0
3357,2,301.6,310.7,1414,51.7,197,0,0,0,0,0,0
3358,0,301.5,310.6,1522,36.6,202,0,0,0,0,0,0
3359,0,301.5,310.6,1525,41.9,204,0,0,0,0,0,0
3360,0,301.5,310.6,1394,46.5,206,0,0,0,0,0,0
3361,0,301.5,310.6,1519,40.7,208,0,0,0,0,0,0
3362,0,301.4,310.6,1445,43.9,210,0,0,0,0,0,0
3363,0,301.4,310.6,1555,43.3,212,0,0,0,0,0,0
3364,0,301.4,310.5,1633,39.5,0,0,0,0,0,0,0
3365,1,301.4,310.6,1630,30.3,2,0,0,0,0,0,0
3366,1,301.4,310.7,1692,32.3,5,0,0,0,0,0,0
3367,2,301.5,310.7,1790,26.2,8,0,0,0,0,0,0
3368,0,301.5,310.8,1350,58.5,13,0,0,0,0,0,0
3370,0,301.4,310.7,1584,32.2,17,0,0,0,0,0,0
3372,0,301.4,310.8,1431,44.3,21,0,0,0,0,0,0
3373,0,301.4,310.7,1568,35.2,23,0,0,0,0,0,0
3374,0,301.4,310.7,1376,50.6,25,0,0,0,0,0,0
3375,1,301.4,310.6,1459,46.9,27,0,0,0,0,0,0
3376,1,301.5,310.8,1385,47.5,30,0,0,0,0,0,0
3377,2,301.5,310.8,1591,29.6,33,0,0,0,0,0,0
3378,0,301.5,310.7,1568,33.1,38,0,0,0,0,0,0
3379,1,301.4,310.7,1459,37.7,40,0,0,0,0,0,0
3380,0,301.4,310.7,1590,36.3,43,0,0,0,0,0,0
3381,0,301.3,310.6,1376,47.6,45,0,0,0,0,0,0
3382,0,301.3,310.6,1510,38.5,47,0,0,0,0,0,0
3383,2,301.4,310.6,1674,33.6,49,0,0,0,0,0,0
3384,0,301.3,310.6,1426,40.7,54,0,0,0,0,0,0
3385,0,301.5,310.7,1466,43.6,56,0,0,0,0,0,0
3386,2,301.5,310.8,1474,38.7,58,0,0,0,0,0,0
3387,1,301.6,310.8,1290,65.3,63,0,0,0,0,0,0
3388,1,301.7,310.9,1435,48.0,66,0,0,0,0,0,0
3389,1,301.5,310.7,1416,53.2,69,0,0,0,0,0,0
3390,2,301.5,310.7,1599,40.4,72,0,0,0,0,0,0
3391,0,301.5,310.7,1466,47.3,77,0,0,0,0,0,0
3392,0,301.5,310.7,1408,47.3,79,0,0,0,0,0,0
3393,0,301.5,310.6,1490,48.1,81,0,0,0,0,0,0
3394,0,301.5,310.6,1405,42.3,83,0,0,0,0,0,0
3395,0,301.4,310.5,1647,33.3,85,0,0,0,0,0,0
3396,1,301.4,310.6,1459,35.0,87,0,0,0,0,0,0
3397,0,301.4,310.6,1648,30.7,90,0,0,0,0,0,0
3398,0,301.4,310.7,1675,30.7,92,0,0,0,0,0,0
3399,0,301.4,310.7,1605,34.2,94,0,0,0,0,0,0
3400,2,301.4,310.7,1536,44.4,96,0,0,0,0,0,0
3401,1,301.4,310.7,1617,34.3,101,0,0,0,0,0,0
3402,0,301.4,310.6,1347,53.3,104,0,0,0,0,0,0
3403,0,301.3,310.5,1337,52.7,106,0,0,0,0,0,0
3404,0,301.3,310.4,1695,30.9,108,0,0,0,0,0,0
3405,1,301.3,310.4,1635,32.5,110,0,0,0,0,0,0
3406,0,301.2,310.4,1470,44.0,113,0,0,0,0,0,0
3407,0,301.2,310.4,1381,49.8,115,0,0,0,0,0,0
3408,1,301.2,310.4,1382,41.6,117,0,0,0,0,0,0
3409,1,301.2,310.4,1697,30.0,120,0,0,0,0,0,0
3410,0,301.2,310.3,1451,39.7,123,0,0,0,0,0,0
3411,0,301.3,310.3,1419,55.7,125,0,0,0,0,0,0
3412,0,301.3,310.3,1313,55.6,127,0,0,0,0,0,0
3413,0,301.3,310.3,1560,36.3,129,0,0,0,0,0,0
3414,0,301.3,310.3,1555,41.2,131,0,0,0,0,0,0
3415,0,301.4,310.4,1579,36.9,133,0,0,0,0,0,0
3416,0,301.5,310.5,1435,44.6,135,0,0,0,0,0,0
3417,0,301.6,310.6,1621,33.7,137,0,0,0,0,0,0
3418,2,301.6,310.6,1555,40.4,139,0,0,0,0,0,0
3419,0,301.5,310.5,1611,33.8,144,0,0,0,0,0,0
3420,0,301.6,310.6,1834,23.5,146,0,0,0,0,0,0
3421,1,301.5,310.5,1612,29.8,148,0,0,0,0,0,0
3422,0,301.5,310.4,1629,34.1,151,0,0,0,0,0,0
3423,0,301.4,310.4,1496,35.2,153,0,0,0,0,0,0
3424,0,301.5,310.5,1593,32.9,155,0,0,0,0,0,0
3425,1,301.5,310.5,1623,33.5,157,0,0,0,0,0,0
3426,0,301.5,310.5,1380,48.7,160,0,0,0,0,0,0
3427,0,301.6,310.6,1562,34.4,162,0,0,0,0,0,0
3428,0,301.6,310.6,1391,49.4,164,0,0,0,0,0,0
3429,2,301.5,310.5,1551,34.3,166,0,0,0,0,0,0
3430,2,301.6,310.6,1821,26.2,171,0,0,0,0,0,0
3431,0,301.6,310.7,1429,43.6,176,0,0,0,0,0,0
3434,1,301.5,310.5,1412,44.1,184,0,0,0,0,0,0
3435,0,301.5,310.5,1389,54.9,187,0,0,0,0,0,0
3436,0,301.5,310.5,1466,48.1,189,0,0,0,0,0,0
3438,0,301.4,310.4,1471,37.5,193,0,0,0,0,0,0
3439,0,301.4,310.3,1492,41.4,195,0,0,0,0,0,0
3440,0,301.3,310.3,1460,41.5,197,0,0,0,0,0,0
3441,0,301.4,310.4,1559,39.4,199,0,0,0,0,0,0
3442,1,301.4,310.5,1495,52.5,201,0,0,0,0,0,0
3443,0,301.5,310.5,1535,39.0,204,0,0,0,0,0,0
3444,0,301.5,310.6,1381,50.7,206,0,0,0,0,0,0
3445,1,301.6,310.6,1599,36.1,208,0,0,0,0,0,0
3446,2,301.6,310.6,1400,49.5,211,0,0,0,0,0,0
3447,0,301.7,310.6,1624,34.5,216,0,0,0,0,0,0
3448,0,301.6,310.6,1478,36.6,218,0,0,0,0,0,0
3449,0,301.7,310.7,1605,33.3,220,0,0,0,0,0,0
3450,0,301.6,310.6,1506,43.4,222,0,0,0,0,0,0
3451,0,301.6,310.6,1455,43.9,0,0,0,0,0,0,0
3452,2,301.6,310.5,1602,32.3,2,0,0,0,0,0,1
3453,0,301.5,310.4,1425,54.4,7,0,0,0,0,0,0
3455,2,301.4,310.3,1611,41.5,11,0,0,0,0,0,0
3456,2,301.4,310.4,1610,38.6,16,0,0,0,0,0,0
3458,0,301.5,310.4,1329,46.6,24,0,0,0,0,0,0
3459,0,301.5,310.4,1270,54.2,26,0,0,0,0,0,0
3460,0,301.5,310.3,1415,41.6,28,0,0,0,0,0,0
3461,2,301.6,310.4,1330,49.5,30,0,0,0,0,0,0
3462,2,301.6,310.5,1786,27.1,35,0,0,0,0,0,0
3463,0,301.6,310.5,1809,25.5,40,0,0,0,0,0,0
3464,0,301.7,310.6,1303,59.7,42,0,0,0,0,0,0
3465,1,301.8,310.7,1383,45.7,44,0,0,0,0,0,0
3466,0,301.7,310.6,1447,56.9,47,0,0,0,0,0,0
3467,0,301.8,310.7,1461,44.2,49,0,0,0,0,0,0
3469,1,301.8,310.7,1429,47.9,53,0,0,0,0,0,0
3470,0,301.8,310.8,1736,26.5,56,0,0,0,0,0,0
3471,0,301.8,310.7,1441,49.3,58,0,0,0,0,0,0
3472,0,301.8,310.7,1523,43.3,60,0,0,0,0,0,0
3473,1,301.8,310.8,1691,33.4,62,0,0,0,0,0,0
3474,1,301.9,310.8,1557,35.3,65,0,0,0,0,0,0
3475,0,301.8,310.7,1644,33.4,68,0,0,0,0,0,0
3476,0,301.8,310.6,1522,43.8,70,0,0,0,0,0,0
3477,0,301.8,310.7,1547,41.7,72,0,0,0,0,0,0
3478,0,301.8,310.7,1597,30.8,74,0,0,0,0,0,0
3479,1,301.8,310.8,1619,31.0,76,0,0,0,0,0,0
3480,0,301.9,310.8,1400,58.2,79,0,0,0,0,0,0
3481,0,302.0,310.9,1663,31.5,81,0,0,0,0,0,0
3482,0,301.9,310.8,1540,37.6,83,0,0,0,0,0,0
3483,2,301.9,310.8,1455,42.7,85,0,0,0,0,0,0
3484,0,301.9,310.8,1519,39.0,90,0,0,0,0,0,0
3485,0,301.9,310.8,1427,47.7,92,0,0,0,0,0,0
3486,0,301.9,310.8,1650,29.8,94,0,0,0,0,0,0
3487,1,301.8,310.8,1508,38.8,96,0,0,0,0,0,0
3488,0,301.9,310.9,1379,54.8,99,0,0,0,0,0,0
3489,0,301.9,310.9,1542,36.7,101,0,0,0,0,0,0
3490,1,301.9,310.9,1763,28.4,103,0,0,0,0,0,0
3491,2,301.9,310.9,1590,34.3,106,0,0,0,0,0,0
3492,2,301.9,311.0,1336,63.6,111,0,0,0,0,0,0
3493,1,301.9,311.0,1638,35.4,116,0,0,0,0,0,0
3494,0,301.9,311.0,1356,45.7,119,0,0,0,0,0,0
3495,1,301.9,311.0,1384,47.4,121,0,0,0,0,0,0
3496,0,301.9,310.9,1309,48.0,124,0,0,0,0,0,0
3497,0,301.9,311.0,1642,33.1,126,0,0,0,0,0,0
3498,0,301.9,311.0,1289,54.9,128,0,0,0,0,0,0
3499,0,301.9,311.0,1353,43.8,130,0,0,0,0,0,0
3500,2,301.9,311.0,1871,26.0,132,0,0,0,0,0,0
3501,2,301.9,311.0,1291,63.6,137,0,0,0,0,0,0
3502,1,301.8,310.9,1346,44.6,142,0,0,0,0,0,0
3503,0,301.7,310.8,1493,47.6,145,0,0,0,0,0,0
3504,1,301.7,310.8,1524,41.3,147,0,0,0,0,0,0
3505,0,301.6,310.8,1726,26.7,150,0,0,0,0,0,0
3506,2,301.6,310.8,1435,47.2,152,0,0,0,0,0,0
3507,1,301.7,310.8,1502,34.4,157,0,0,0,0,0,0
3508,0,301.7,310.9,1608,33.0,160,0,0,0,0,0,0
3509,0,301.8,311.0,1771,27.2,162,0,0,0,0,0,0
3510,0,301.7,311.0,1474,42.6,164,0,0,0,0,0,0
3511,0,301.8,311.0,1322,53.0,166,0,0,0,0,0,0
3512,1,301.8,311.0,1393,49.5,168,0,0,0,0,0,0
3513,1,301.9,311.1,1417,52.5,171,0,0,0,0,0,0
3514,2,301.9,311.0,1430,49.8,174,0,0,0,0,0,0
3515,1,301.9,311.1,1605,40.0,179,0,0,0,0,0,0
3516,0,302.0,311.1,1402,47.8,182,0,0,0,0,0,0
3517,0,302.0,311.0,1550,35.2,184,0,0,0,0,0,0
3518,0,301.9,311.0,1376,44.9,186,0,0,0,0,0,0
3519,1,301.9,310.9,1569,32.5,188,0,0,0,0,0,0
3520,0,301.9,311.0,1669,32.2,191,0,0,0,0,0,0
3521,0,301.9,311.0,1541,38.9,193,0,0,0,0,0,0
3522,0,301.8,311.0,1651,32.5,195,0,0,0,0,0,0
3523,0,301.8,310.9,1521,39.3,197,0,0,0,0,0,0
3524,1,301.8,310.8,1365,48.2,199,0,0,0,0,0,0
3525,0,301.8,310.9,1609,31.7,202,0,0,0,0,0,0
3526,2,301.8,310.8,1470,37.6,204,0,0,0,0,0,0
3527,1,301.9,310.9,1573,38.9,209,0,0,0,0,0,0
3528,0,302.0,310.9,1378,53.1,212,1,0,0,0,1,0
3529,0,301.9,310.9,1567,39.0,214,1,1,0,0,0,0
3530,1,301.9,310.9,1441,43.7,0,0,0,0,0,0,0
3531,1,301.9,310.9,1641,33.2,3,0,0,0,0,0,0
3532,0,301.9,310.9,1486,40.3,6,0,0,0,0,0,0
3533,0,302.0,311.0,1563,36.2,8,0,0,0,0,0,0
3534,1,302.0,311.1,1769,26.0,10,0,0,0,0,0,0
3535,2,301.9,311.0,1672,29.9,13,0,0,0,0,0,0
3536,0,302.0,311.0,1632,34.2,18,0,0,0,0,0,0
3538,0,302.0,311.1,1635,36.0,23,0,0,0,0,0,0
3539,0,302.0,311.0,1686,32.5,25,0,0,0,0,0,0
3540,0,301.9,310.9,1574,31.4,27,0,0,0,0,0,0
3541,0,301.8,310.8,1546,43.4,29,0,0,0,0,0,0
3543,0,301.8,310.9,1449,36.5,33,0,0,0,0,0,0
3544,1,301.9,310.9,1483,37.0,35,0,0,0,0,0,0
3545,0,301.8,310.8,1576,38.6,38,0,0,0,0,0,0
3546,1,301.9,310.9,1317,51.9,40,0,0,0,0,0,0
3547,1,301.9,311.0,1467,48.1,43,0,0,0,0,0,0
3548,0,301.9,310.9,1616,34.5,46,0,0,0,0,0,0
3549,1,301.8,310.9,1299,60.4,48,0,0,0,0,0,0
3550,1,301.9,311.0,1432,41.5,51,0,0,0,0,0,0
3551,0,301.9,310.9,1799,24.2,54,0,0,0,0,0,0
3552,1,301.8,310.9,1358,52.3,56,0,0,0,0,0,0
3553,1,301.8,310.8,1618,37.8,59,0,0,0,0,0,0
3554,0,301.9,310.8,1525,43.2,62,0,0,0,0,0,0
3555,0,301.8,310.7,1551,37.7,64,0,0,0,0,0,0
3556,0,301.9,310.8,1735,31.5,66,0,0,0,0,0,0
3557,1,301.8,310.7,1309,43.3,68,0,0,0,0,0,0
3558,0,301.7,310.6,1743,26.2,71,0,0,0,0,0,0
3559,1,301.7,310.7,1659,29.9,73,0,0,0,0,0,0
3560,0,301.8,310.7,1680,32.4,76,0,0,0,0,0,0
3561,0,301.7,310.6,1486,38.5,78,0,0,0,0,0,0
3562,0,301.7,310.6,1471,43.8,80,0,0,0,0,0,0
3563,1,301.8,310.7,1465,35.8,82,0,0,0,0,0,0
3564,1,301.7,310.6,1492,42.2,85,0,0,0,0,0,0
3565,1,301.8,310.7,1420,52.0,88,0,0,0,0,0,0
3566,0,301.8,310.6,1295,62.3,91,0,0,0,0,0,0
3567,0,301.8,310.5,1548,34.1,93,0,0,0,0,0,0
3568,0,301.8,310.6,1372,54.7,95,0,0,0,0,0,0
3569,1,301.8,310.6,1552,35.9,97,0,0,0,0,0,0
3570,2,301.8,310.6,1441,46.3,100,0,0,0,0,0,0
3571,1,301.7,310.6,1691,27.7,105,0,0,0,0,0,0
3572,0,301.8,310.6,1451,50.7,108,0,0,0,0,0,0
3573,0,301.8,310.6,1452,48.4,110,0,0,0,0,0,0
3574,0,301.7,310.6,1406,46.0,112,0,0,0,0,0,0
3575,0,301.7,310.5,1567,39.1,114,0,0,0,0,0,0
3576,0,301.6,310.4,1599,41.7,116,0,0,0,0,0,0
3577,1,301.6,310.4,1455,39.0,118,0,0,0,0,0,0
3578,1,301.7,310.5,1625,35.9,121,0,0,0,0,0,0
3580,0,301.8,310.6,1650,31.9,126,0,0,0,0,0,0
3581,1,301.8,310.6,1459,40.2,128,0,0,0,0,0,0
3582,0,301.8,310.6,1395,50.5,131,0,0,0,0,0,0
3583,0,301.8,310.7,1751,29.3,133,0,0,0,0,0,0
3586,0,301.8,310.5,1593,34.9,139,0,0,0,0,0,0
3587,2,301.8,310.5,1478,38.6,141,0,0,0,0,0,0
3588,1,301.7,310.6,1505,44.5,146,0,0,0,0,0,0
3590,0,301.8,310.6,1403,46.8,151,0,0,0,0,0,0
3591,1,301.7,310.5,1458,41.4,153,0,0,0,0,0,0
3592,2,301.6,310.4,1369,45.4,156,0,0,0,0,0,0
3593,1,301.6,310.4,1377,44.9,161,0,0,0,0,0,0
3594,1,301.6,310.4,1452,45.7,164,0,0,0,0,0,0
3595,0,301.6,310.4,1517,41.1,167,0,0,0,0,0,0
3596,0,301.7,310.5,1354,50.0,169,0,0,0,0,0,0
3597,1,301.7,310.5,1724,33.0,171,0,0,0,0,0,0
3598,0,301.7,310.5,1399,53.2,174,0,0,0,0,0,0
3599,2,301.7,310.5,1388,50.5,176,0,0,0,0,0,0
3600,0,301.7,310.5,1523,34.7,181,0,0,0,0,0,0
3601,0,301.7,310.5,1377,43.1,183,0,0,0,0,0,0
3602,1,301.7,310.6,1417,45.2,185,0,0,0,0,0,0
3603,0,301.7,310.7,1542,40.0,188,0,0,0,0,0,0
3604,0,301.8,310.8,1557,33.3,190,0,0,0,0,0,0
3605,0,301.7,310.7,1641,31.9,192,0,0,0,0,0,0
3606,0,301.7,310.7,1318,55.0,194,0,0,0,0,0,0
3607,0,301.6,310.7,1638,33.8,196,0,0,0,0,0,0
3609,1,301.7,310.9,1644,32.5,201,0,0,0,0,0,0
3610,1,301.7,310.8,1594,32.4,204,0,0,0,0,0,0
3611,0,301.7,310.9,1405,46.4,207,1,1,0,0,0,1
3612,0,301.7,310.8,1622,37.8,0,0,0,0,0,0,0
3613,0,301.7,310.9,1557,39.4,2,0,0,0,0,0,0
3614,0,301.8,311.0,1606,33.3,4,0,0,0,0,0,0
3615,1,301.8,311.1,1647,31.6,6,0,0,0,0,0,0
3616,1,301.8,311.1,1413,42.2,9,0,0,0,0,0,0
3617,0,301.8,311.0,1529,41.6,12,0,0,0,0,0,0
3618,0,301.9,311.1,1448,46.3,14,0,0,0,0,0,0
3619,0,301.9,311.2,1435,44.2,16,0,0,0,0,0,0
3620,2,301.9,311.2,1474,41.8,18,0,0,0,0,0,0
3621,0,301.9,311.2,1657,29.1,23,0,0,0,0,0,0
3622,0,302.0,311.3,1509,39.9,25,0,0,0,0,0,0
3623,1,302.0,311.3,1530,36.4,27,0,0,0,0,0,0
3624,1,302.0,311.4,1587,35.9,30,0,0,0,0,0,0
3625,1,302.1,311.4,1467,43.4,33,0,0,0,0,0,0
3626,1,302.2,311.5,1360,53.0,36,0,0,0,0,0,0
3627,0,302.2,311.5,1588,30.6,39,0,0,0,0,0,0
3628,0,302.2,311.4,1609,32.1,41,0,0,0,0,0,0
3629,0,302.1,311.3,1415,44.1,43,0,0,0,0,0,0
3630,0,302.0,311.2,1845,27.3,45,0,0,0,0,0,0
3631,1,302.1,311.4,1419,36.2,47,0,0,0,0,0,0
3632,0,302.1,311.3,1634,30.6,50,0,0,0,0,0,0
3633,1,302.2,311.3,1521,40.6,52,0,0,0,0,0,0
3634,0,302.2,311.4,1499,37.7,55,0,0,0,0,0,0
3635,1,302.1,311.2,1616,35.1,57,0,0,0,0,0,0
3636,0,302.2,311.4,1449,46.5,60,0,0,0,0,0,0
3637,1,302.2,311.4,1626,31.6,62,0,0,0,0,0,0
3638,1,302.3,311.5,1445,44.8,65,0,0,0,0,0,0
3639,0,302.4,311.6,1622,35.0,68,0,0,0,0,0,0
3640,2,302.4,311.6,1544,39.1,70,0,0,0,0,0,0
3641,0,302.3,311.6,1488,41.8,75,0,0,0,0,0,0
3642,0,302.3,311.6,1309,57.6,77,0,0,0,0,0,0
3643,0,302.3,311.6,1784,26.4,79,0,0,0,0,0,0
3644,0,302.2,311.5,1548,32.4,81,0,0,0,0,0,0
3645,0,302.2,311.5,1413,43.5,83,0,0,0,0,0,0
3646,1,302.2,311.5,1863,25.7,85,0,0,0,0,0,0
3647,0,302.2,311.5,1427,43.8,88,0,0,0,0,0,0
3648,1,302.2,311.5,1443,47.0,90,0,0,0,0,0,0
3649,0,302.2,311.5,1481,40.4,93,0,0,0,0,0,0
3650,0,302.1,311.4,1446,39.7,95,0,0,0,0,0,0
3651,0,302.1,311.5,1444,44.9,97,0,0,0,0,0,0
3652,1,302.1,311.5,1341,50.8,99,0,0,0,0,0,0
3653,0,302.1,311.4,1518,37.4,102,0,0,0,0,0,0
3654,0,302.1,311.4,1603,35.9,104,0,0,0,0,0,0
3655,0,302.1,311.4,1686,30.9,106,0,0,0,0,0,0
3656,1,302.1,311.5,1383,53.6,108,0,0,0,0,0,0
3657,0,302.1,311.5,1477,45.4,111,0,0,0,0,0,0
3658,1,302.2,311.5,1449,44.5,113,0,0,0,0,0,0
3659,1,302.2,311.5,1734,25.0,116,0,0,0,0,0,0
3660,0,302.3,311.6,1398,49.1,119,0,0,0,0,0,0
3661,1,302.3,311.7,1639,36.6,121,0,0,0,0,0,0
3662,1,302.3,311.7,1517,37.6,124,0,0,0,0,0,0
3663,1,302.3,311.7,1442,41.7,127,0,0,0,0,0,0
3664,1,302.3,311.7,1685,30.8,130,0,0,0,0,0,0
3665,1,302.4,311.8,1358,50.6,133,0,0,0,0,0,0
3666,1,302.3,311.6,1608,39.9,136,0,0,0,0,0,0
3667,0,302.3,311.6,1665,34.3,139,0,0,0,0,0,0
3668,0,302.3,311.7,1510,38.7,141,0,0,0,0,0,0
3669,0,302.4,311.8,1465,40.2,143,0,0,0,0,0,0
3670,0,302.3,311.7,1701,27.5,145,0,0,0,0,0,0
3671,1,302.3,311.7,1486,39.6,147,0,0,0,0,0,0
3672,0,302.3,311.6,1658,32.3,150,0,0,0,0,0,0
3673,2,302.3,311.7,1449,44.5,152,0,0,0,0,0,0
3674,0,302.2,311.5,1346,52.4,157,0,0,0,0,0,0
3675,1,302.1,311.5,1866,23.1,159,0,0,0,0,0,0
3676,1,302.2,311.5,1562,38.0,162,0,0,0,0,0,0
3677,1,302.3,311.7,1368,53.6,165,0,0,0,0,0,0
3678,0,302.2,311.5,1567,33.1,168,0,0,0,0,0,0
3679,0,302.2,311.5,1725,34.0,170,0,0,0,0,0,0
3680,0,302.2,311.5,1744,31.2,172,0,0,0,0,0,0
3681,1,302.1,311.3,1453,45.1,174,0,0,0,0,0,0
3682,0,302.1,311.2,1550,34.8,177,0,0,0,0,0,0
3683,1,302.0,311.2,1558,39.1,179,0,0,0,0,0,0
3684,0,302.0,311.2,1270,65.3,182,1,0,0,0,1,0
3685,1,301.9,311.1,1380,51.6,184,0,0,0,0,0,0
3686,0,302.0,311.1,1406,50.5,187,0,0,0,0,0,0
3687,1,302.0,311.2,1625,30.7,189,0,0,0,0,0,0
3688,0,302.0,311.2,1420,45.8,192,0,0,0,0,0,0
3689,0,302.1,311.4,1889,22.7,194,0,0,0,0,0,0
3690,0,302.1,311.3,1477,43.6,196,0,0,0,0,0,0
3691,0,302.1,311.2,1460,46.9,198,0,0,0,0,0,0
3692,0,302.1,311.3,1758,24.4,200,0,0,0,0,0,0
3693,0,302.1,311.3,1521,31.5,202,0,0,0,0,0,0
3694,1,302.1,311.3,1511,45.0,204,0,0,0,0,0,0
3695,0,302.2,311.3,1530,37.3,207,1,1,0,0,0,0
3696,0,302.1,311.2,1454,46.8,0,0,0,0,0,0,0
3698,2,302.2,311.3,1758,26.4,4,0,0,0,0,0,0
3699,0,302.2,311.2,1649,33.2,9,0,0,0,0,0,0
3700,0,302.1,311.2,1447,50.3,11,0,0,0,0,0,0
3701,0,302.1,311.2,1417,48.0,13,0,0,0,0,0,0
3702,0,302.0,311.2,1434,44.9,15,0,0,0,0,0,0
3703,1,302.0,311.2,1418,49.5,17,0,0,0,0,0,0
3704,1,302.0,311.2,1400,49.5,20,0,0,0,0,0,0
3705,1,302.0,311.3,1725,27.7,23,0,0,0,0,0,0
3706,0,302.0,311.3,1567,41.1,26,0,0,0,0,0,0
3707,1,302.1,311.3,1497,38.4,28,0,0,0,0,0,0
3708,0,302.1,311.4,1549,44.6,31,0,0,0,0,0,0
3709,0,302.2,311.4,1754,26.9,33,0,0,0,0,0,0
3710,0,302.2,311.5,1489,38.3,35,0,0,0,0,0,0
3711,0,302.2,311.5,1543,38.5,37,0,0,0,0,0,0
3712,0,302.3,311.5,1543,33.1,39,0,0,0,0,0,0
3713,0,302.3,311.5,1565,35.6,41,0,0,0,0,0,0
3714,1,302.3,311.4,1855,23.9,43,0,0,0,0,0,0
3715,1,302.4,311.4,1475,45.2,46,0,0,0,0,0,0
3716,0,302.3,311.4,1609,32.3,49,0,0,0,0,0,0
3717,2,302.3,311.4,1443,44.1,51,0,0,0,0,0,0
3718,0,302.4,311.4,1450,44.1,56,0,0,0,0,0,0
3719,0,302.4,311.5,1590,39.9,58,0,0,0,0,0,0
3720,1,302.4,311.4,1508,41.2,60,0,0,0,0,0,0
3721,1,302.2,311.2,1544,43.6,63,0,0,0,0,0,0
3722,0,302.2,311.2,1451,41.8,66,0,0,0,0,0,0
3723,0,302.3,311.2,1758,24.4,68,0,0,0,0,0,0
3724,1,302.3,311.2,1507,47.7,70,0,0,0,0,0,0
3725,2,302.3,311.1,1543,37.5,73,0,0,0,0,0,0
3726,1,302.3,311.2,1505,36.7,78,0,0,0,0,0,0
3727,0,302.3,311.2,1786,24.3,81,0,0,0,0,0,0
3728,0,302.3,311.3,1457,44.5,83,0,0,0,0,0,0
3729,1,302.4,311.3,1312,61.5,85,0,0,0,0,0,0
3730,1,302.3,311.2,1405,47.7,88,0,0,0,0,0,0
3731,1,302.2,311.2,1377,43.0,91,0,0,0,0,0,0
3732,1,302.2,311.2,1347,49.8,94,0,0,0,0,0,0
3733,0,302.2,311.1,1470,39.6,97,0,0,0,0,0,0
3734,1,302.2,311.2,1873,24.0,99,0,0,0,0,0,0
3735,1,302.2,311.1,1434,58.6,102,0,0,0,0,0,0
3736,2,302.2,311.1,1628,30.6,105,0,0,0,0,0,0
3737,0,302.2,311.1,1351,48.6,110,0,0,0,0,0,0
3738,1,302.3,311.2,1454,43.8,112,0,0,0,0,0,0
3739,1,302.2,311.2,1663,29.6,115,0,0,0,0,0,0
3740,0,302.3,311.2,1401,49.7,118,0,0,0,0,0,0
3741,0,302.4,311.3,1503,38.2,120,0,0,0,0,0,0
3742,0,302.4,311.4,1564,35.0,122,0,0,0,0,0,0
3743,0,302.5,311.4,1759,24.6,124,0,0,0,0,0,0
3744,0,302.5,311.4,1409,53.1,126,0,0,0,0,0,0
3745,0,302.6,311.4,1738,25.8,128,0,0,0,0,0,0
3746,2,302.5,311.3,1393,47.5,130,0,0,0,0,0,0
3747,0,302.5,311.1,1499,38.8,135,0,0,0,0,0,0
3748,0,302.5,311.1,1493,39.0,137,0,0,0,0,0,0
3749,0,302.4,311.1,1652,33.9,139,0,0,0,0,0,0
3750,0,302.3,311.1,1589,29.9,141,0,0,0,0,0,0
3751,0,302.4,311.1,1520,42.2,143,0,0,0,0,0,0
3752,2,302.3,311.1,1455,40.3,145,0,0,0,0,0,0
3753,0,302.2,311.0,1463,46.8,150,0,0,0,0,0,0
3754,0,302.3,311.0,1442,43.7,152,0,0,0,0,0,0
3755,0,302.3,311.0,1329,51.5,154,0,0,0,0,0,0
3756,0,302.3,311.1,1546,33.1,156,0,0,0,0,0,0
3757,1,302.2,311.1,1516,33.7,158,0,0,0,0,0,0
3758,1,302.2,311.0,1476,47.4,161,0,0,0,0,0,0
3759,0,302.3,311.0,1412,47.0,164,0,0,0,0,0,0
3760,0,302.3,310.9,1377,46.8,166,1,0,1,0,0,0
3761,1,302.4,311.0,1490,37.1,168,0,0,0,0,0,0
3762,1,302.3,311.0,1526,37.7,171,0,0,0,0,0,0
3763,0,302.3,311.0,1428,47.9,174,0,0,0,0,0,0
3764,0,302.4,311.0,1329,54.6,176,0,0,0,0,0,0
3765,1,302.4,311.1,1443,51.8,178,0,0,0,0,0,0
3766,0,302.3,311.1,1373,53.0,181,0,0,0,0,0,0
3767,0,302.3,311.1,1630,35.6,183,0,0,0,0,0,0
3768,0,302.2,311.0,1555,34.2,185,0,0,0,0,0,0
3769,1,302.2,311.0,1436,47.0,187,0,0,0,0,0,0
3770,0,302.3,311.0,1609,31.0,190,0,0,0,0,0,0
3771,1,302.3,311.0,1384,49.7,192,0,0,0,0,0,0
3772,0,302.4,311.1,1448,44.8,195,0,0,0,0,0,0
3773,1,302.4,311.1,1887,22.4,197,0,0,0,0,0,0
3774,1,302.4,311.1,1480,45.7,200,0,0,0,0,0,0
3775,2,302.5,311.1,1850,23.3,203,0,0,0,0,0,0
3776,0,302.5,311.1,1538,36.8,208,0,0,0,0,0,0
3777,1,302.4,311.1,1721,30.1,210,0,0,0,0,0,0
3778,1,302.4,311.1,1366,54.4,0,0,0,0,0,0,0
3779,0,302.3,311.0,1657,31.1,3,0,0,0,0,0,0
3780,0,302.4,311.1,1446,42.9,5,0,0,0,0,0,0
3781,0,302.3,310.8,1465,43.8,7,0,0,0,0,0,0
3782,0,302.2,310.8,1827,23.8,9,0,0,0,0,0,0
3783,2,302.2,310.8,1397,47.6,11,0,0,0,0,0,0
3784,0,302.2,310.8,1744,29.7,16,0,0,0,0,0,0
3785,0,302.3,310.9,1545,36.7,18,0,0,0,0,0,0
3786,0,302.3,310.9,1587,36.6,20,0,0,0,0,0,0
3787,0,302.3,310.8,1377,47.3,22,1,0,1,0,0,0
3788,0,302.3,310.8,1511,48.1,24,0,0,0,0,0,0
3789,0,302.3,310.8,1650,32.4,26,0,0,0,0,0,0
3790,0,302.3,310.9,1412,48.9,28,0,0,0,0,0,0
3791,0,302.3,311.0,1528,43.1,30,0,0,0,0,0,0
3792,0,302.3,310.9,1459,35.0,32,0,0,0,0,0,0
3793,0,302.3,310.9,1379,49.3,34,1,0,1,0,0,0
3794,1,302.2,310.8,1356,48.3,36,0,0,0,0,0,0
3795,1,302.1,310.8,1409,41.3,39,0,0,0,0,0,0
3796,1,302.1,310.8,1504,37.5,42,0,0,0,0,0,0
3797,0,302.1,310.8,1622,36.8,45,0,0,0,0,0,0
3798,0,302.1,310.8,1786,25.7,47,0,0,0,0,0,0
3799,0,302.2,310.9,1506,34.0,49,0,0,0,0,0,0
3801,1,302.2,310.9,1771,27.6,54,0,0,0,0,0,0
3802,1,302.2,310.9,1488,44.2,57,0,0,0,0,0,0
3803,0,302.2,310.9,1531,37.5,60,0,0,0,0,0,0
3804,0,302.3,310.9,1529,33.4,62,0,0,0,0,0,0
3805,1,302.4,311.0,1580,36.5,64,0,0,0,0,0,0
3806,1,302.3,310.9,1360,44.0,67,1,0,1,0,0,0
3807,1,302.3,311.0,1546,35.5,70,0,0,0,0,0,0
3808,1,302.3,310.9,1762,24.5,73,0,0,0,0,0,0
3809,0,302.2,310.8,1350,56.6,76,0,0,0,0,0,0
3810,1,302.2,310.8,1562,38.1,78,0,0,0,0,0,0
3811,1,302.1,310.7,1608,30.3,81,0,0,0,0,0,0
3812,0,302.0,310.6,1392,50.0,84,0,0,0,0,0,0
3813,0,302.0,310.6,1467,44.9,86,0,0,0,0,0,0
3814,1,302.1,310.6,1326,59.1,88,1,0,1,0,0,0
3815,0,302.2,310.7,1769,24.9,91,0,0,0,0,0,0
3816,0,302.1,310.6,1459,47.6,93,0,0,0,0,0,0
3817,1,302.1,310.6,1421,52.0,95,0,0,0,0,0,0
3818,0,302.1,310.7,1491,42.8,98,0,0,0,0,0,0
3819,0,302.2,310.7,1567,36.4,100,0,0,0,0,0,0
3820,0,302.3,310.8,1421,41.4,102,0,0,0,0,0,0
3821,0,302.3,310.9,1596,33.5,104,0,0,0,0,0,0
3822,1,302.4,311.0,1464,44.2,106,0,0,0,0,0,0
3823,1,302.3,310.9,1581,36.1,109,0,0,0,0,0,0
3824,0,302.3,310.9,1620,30.3,112,0,0,0,0,0,0
3825,2,302.2,310.7,1413,48.9,114,0,0,0,0,0,0
3826,2,302.3,310.8,1438,43.8,119,0,0,0,0,0,0
3827,1,302.4,310.9,1469,41.6,124,0,0,0,0,0,0
3828,1,302.3,310.8,1762,27.8,127,0,0,0,0,0,0
3829,2,302.3,310.9,1366,48.4,130,1,0,1,0,0,0
3830,0,302.3,310.9,1891,22.7,135,0,0,0,0,0,0
3831,1,302.3,310.9,1742,29.7,137,0,0,0,0,0,0
3832,1,302.2,310.9,1465,43.5,140,0,0,0,0,0,0
3833,1,302.3,311.0,1541,36.6,143,0,0,0,0,0,0
3834,1,302.3,311.1,1295,57.1,146,0,0,0,0,0,0
3835,1,302.3,311.1,1435,43.1,149,0,0,0,0,0,0
3836,0,302.4,311.2,1466,43.9,152,0,0,0,0,0,0
3837,0,302.4,311.2,1450,47.9,154,0,0,0,0,0,0
3838,0,302.4,311.1,1880,24.5,156,0,0,0,0,0,0
3839,1,302.3,311.0,1578,33.5,158,0,0,0,0,0,0
3840,0,302.4,311.0,1610,33.1,161,0,0,0,0,0,0
3841,0,302.4,311.1,1565,42.8,163,0,0,0,0,0,0
3842,0,302.5,311.2,1545,40.1,165,0,0,0,0,0,0
3843,0,302.5,311.2,1227,60.1,167,0,0,0,0,0,0
3844,0,302.4,311.1,1484,45.9,169,0,0,0,0,0,0
3845,0,302.3,311.0,1591,32.7,171,0,0,0,0,0,0
3846,0,302.3,310.9,1403,47.2,173,0,0,0,0,0,0
3847,1,302.3,311.0,1450,45.7,175,0,0,0,0,0,0
3848,0,302.3,310.9,1720,28.1,178,0,0,0,0,0,0
3849,0,302.3,311.0,1561,37.2,180,0,0,0,0,0,0
3850,1,302.3,311.0,1421,41.3,182,0,0,0,0,0,0
3851,2,302.2,310.9,1415,48.4,185,0,0,0,0,0,0
3853,0,302.4,311.0,1486,40.4,192,0,0,0,0,0,0
3855,2,302.4,311.1,1578,32.3,196,0,0,0,0,0,0
3856,1,302.4,311.2,1330,58.6,201,0,0,0,0,0,0
3857,2,302.4,311.2,1506,40.8,204,0,0,0,0,0,0
3858,0,302.5,311.4,1559,37.6,209,0,0,0,0,0,0
3859,0,302.6,311.5,1599,37.0,211,0,0,0,0,0,0
3860,0,302.6,311.5,1427,38.9,213,0,0,0,0,0,0
3861,1,302.5,311.5,1481,41.1,215,0,0,0,0,0,0
3862,2,302.5,311.5,1496,43.8,218,0,0,0,0,0,0
3863,0,302.5,311.4,1674,27.0,223,0,0,0,0,0,0
3864,1,302.5,311.4,1629,31.7,225,0,0,0,0,0,0
3865,2,302.6,311.5,1629,34.4,228,1,1,0,0,0,0
3866,0,302.6,311.6,1311,53.2,0,0,0,0,0,0,0
3868,1,302.7,311.7,1759,29.9,5,0,0,0,0,0,0
3869,0,302.7,311.7,1480,45.2,8,0,0,0,0,0,0
3870,0,302.7,311.8,1461,46.1,10,0,0,0,0,0,0
3871,1,302.7,311.8,1728,30.0,12,0,0,0,0,0,0
3872,0,302.7,311.9,1389,46.5,15,0,0,0,0,0,0
3873,0,302.6,311.8,1638,35.1,17,0,0,0,0,0,0
3874,0,302.6,311.7,1254,54.1,19,0,0,0,0,0,0
3875,0,302.6,311.8,1427,50.1,21,0,0,0,0,0,0
3876,0,302.6,311.8,1627,31.8,23,0,0,0,0,0,0
3877,2,302.6,311.7,1471,48.3,25,0,0,0,0,0,0
3878,0,302.6,311.7,1773,27.1,30,0,0,0,0,0,0
3879,1,302.6,311.7,1430,51.7,32,0,0,0,0,0,0
3880,0,302.5,311.6,1595,29.5,35,0,0,0,0,0,0
3881,0,302.5,311.5,1521,44.1,37,0,0,0,0,0,0
3882,0,302.5,311.6,1419,43.7,39,0,0,0,0,0,0
3883,1,302.4,311.4,1534,40.1,41,0,0,0,0,0,0
3884,2,302.5,311.5,1626,36.0,44,0,0,0,0,0,0
3885,0,302.5,311.5,1677,29.2,49,0,0,0,0,0,0
3886,0,302.4,311.3,1392,50.5,51,0,0,0,0,0,0
3887,0,302.4,311.2,1448,50.5,53,0,0,0,0,0,0
3889,0,302.4,311.2,1404,52.0,57,0,0,0,0,0,0
3890,0,302.3,311.2,1386,53.5,59,0,0,0,0,0,0
3891,0,302.2,311.1,1418,47.0,61,0,0,0,0,0,0
3892,1,302.3,311.1,1338,53.3,63,0,0,0,0,0,0
3893,0,302.3,311.2,1549,40.6,66,0,0,0,0,0,0
3894,1,302.3,311.2,1432,42.7,68,0,0,0,0,0,0
3895,1,302.3,311.2,1546,40.0,71,0,0,0,0,0,0
3896,1,302.2,311.2,1627,33.2,74,0,0,0,0,0,0
3897,1,302.2,311.1,1640,32.8,77,0,0,0,0,0,0
3898,1,302.1,311.1,1423,36.8,80,0,0,0,0,0,0
3899,1,302.1,311.0,1711,28.7,83,0,0,0,0,0,0
3900,1,302.1,311.1,1450,51.6,86,0,0,0,0,0,0
3901,2,302.2,311.1,1553,34.1,89,0,0,0,0,0,0
3902,0,302.2,311.1,1630,34.6,94,0,0,0,0,0,0
3903,2,302.2,311.1,1476,39.6,96,0,0,0,0,0,0
3904,2,302.2,311.1,1426,50.6,101,0,0,0,0,0,0
3905,1,302.2,311.2,1561,34.9,106,0,0,0,0,0,0
3906,0,302.3,311.2,1297,62.5,109,0,0,0,0,0,0
3907,1,302.3,311.2,1842,23.9,111,0,0,0,0,0,0
3908,0,302.3,311.2,1633,36.4,114,0,0,0,0,0,0
3909,2,302.3,311.3,1744,30.3,116,0,0,0,0,0,0
3910,0,302.4,311.4,1831,26.9,121,0,0,0,0,0,0
3911,1,302.3,311.3,1339,50.8,123,0,0,0,0,0,0
3912,0,302.4,311.4,1475,40.4,126,0,0,0,0,0,0
3913,1,302.4,311.4,1675,29.6,128,0,0,0,0,0,0
3914,0,302.5,311.5,1493,35.1,131,0,0,0,0,0,0
3915,0,302.5,311.5,1700,29.5,133,0,0,0,0,0,0
3916,0,302.6,311.6,1453,37.0,135,0,0,0,0,0,0
3917,0,302.6,311.7,1542,34.1,137,0,0,0,0,0,0
3918,1,302.5,311.5,1358,52.7,139,0,0,0,0,0,0
3919,2,302.5,311.5,1655,32.3,142,0,0,0,0,0,0
3920,0,302.6,311.5,1885,27.5,147,0,0,0,0,0,0
3921,0,302.7,311.5,1494,41.4,149,0,0,0,0,0,0
3922,1,302.6,311.4,1757,29.5,151,0,0,0,0,0,0
3923,1,302.6,311.4,1718,31.2,154,0,0,0,0,0,0
3924,1,302.5,311.4,1636,35.0,157,0,0,0,0,0,0
3925,0,302.6,311.6,1638,29.6,160,0,0,0,0,0,0
3926,0,302.6,311.5,1609,36.0,162,0,0,0,0,0,0
3927,2,302.7,311.5,1556,35.0,164,0,0,0,0,0,0
3928,0,302.6,311.5,1442,59.8,169,1,0,0,1,0,0
3929,1,302.7,311.6,1501,38.8,171,0,0,0,0,0,0
3931,1,302.7,311.7,1784,25.1,177,0,0,0,0,0,0
3933,0,302.6,311.6,1576,34.7,182,0,0,0,0,0,0
3934,1,302.6,311.6,1518,39.0,184,0,0,0,0,0,0
3937,0,302.5,311.5,1802,26.4,192,0,0,0,0,0,0
3938,0,302.5,311.5,1603,32.4,194,0,0,0,0,0,0
3939,0,302.5,311.6,1400,54.0,196,0,0,0,0,0,0
3940,0,302.3,311.5,1395,54.2,198,0,0,0,0,0,0
3942,1,302.2,311.4,1398,47.2,202,0,0,0,0,0,0
3944,0,302.2,311.2,1381,49.4,207,0,0,0,0,0,0
3945,0,302.2,311.3,1570,36.1,0,0,0,0,0,0,0
3946,1,302.2,311.3,1658,31.0,2,0,0,0,0,0,0
3947,2,302.2,311.3,1749,29.2,5,0,0,0,0,0,0
3948,1,302.2,311.3,1510,37.1,10,0,0,0,0,0,0
3949,0,302.3,311.5,1384,50.8,13,0,0,0,0,0,0
3950,0,302.3,311.4,1570,37.2,15,0,0,0,0,0,0
3951,1,302.3,311.4,1571,32.7,17,0,0,0,0,0,0
3952,0,302.3,311.4,1476,37.3,20,0,0,0,0,0,0
3953,1,302.3,311.4,1484,39.5,22,0,0,0,0,0,0
3955,0,302.3,311.5,1448,49.6,28,0,0,0,0,0,0
3956,1,302.3,311.4,1500,40.2,30,0,0,0,0,0,0
3957,0,302.2,311.4,1510,44.9,33,0,0,0,0,0,0
3958,0,302.2,311.3,1378,55.5,35,0,0,0,0,0,0
3959,1,302.2,311.4,1538,37.4,37,0,0,0,0,0,0
3960,0,302.2,311.4,1390,48.1,40,0,0,0,0,0,0
3961,1,302.2,311.4,1642,32.1,42,0,0,0,0,0,0
3962,0,302.4,311.5,1785,24.8,45,0,0,0,0,0,0
3963,2,302.3,311.5,1526,38.2,47,0,0,0,0,0,0
3964,1,302.3,311.6,1668,33.2,52,0,0,0,0,0,0
3965,0,302.3,311.5,1507,37.5,55,0,0,0,0,0,0
3966,0,302.3,311.5,1530,37.8,57,0,0,0,0,0,0
3967,1,302.3,311.4,1479,45.6,59,0,0,0,0,0,0
3968,1,302.3,311.4,1418,41.3,62,0,0,0,0,0,0
3969,0,302.3,311.4,1504,38.7,65,0,0,0,0,0,0
3970,1,302.3,311.4,1345,47.6,67,0,0,0,0,0,0
3971,2,302.2,311.4,1625,35.4,70,0,0,0,0,0,0
3972,0,302.3,311.4,1511,34.7,75,0,0,0,0,0,0
3973,0,302.3,311.4,1535,41.8,77,0,0,0,0,0,0
3974,0,302.4,311.5,1505,37.9,79,0,0,0,0,0,0
3975,2,302.4,311.5,1540,43.7,81,0,0,0,0,0,0
3976,2,302.3,311.4,1372,46.0,86,0,0,0,0,0,0
3977,1,302.2,311.3,1510,36.6,91,0,0,0,0,0,0
3978,0,302.2,311.3,1382,46.4,94,0,0,0,0,0,0
3979,0,302.3,311.3,1439,41.8,96,0,0,0,0,0,0
3980,1,302.2,311.3,1375,47.0,98,0,0,0,0,0,0
3982,0,302.2,311.3,1475,48.6,104,0,0,0,0,0,0
3983,0,302.2,311.3,1389,46.9,106,0,0,0,0,0,0
3984,0,302.3,311.3,1652,32.8,108,0,0,0,0,0,0
3985,0,302.3,311.2,1386,50.3,110,0,0,0,0,0,0
3986,1,302.2,311.3,1577,29.8,112,0,0,0,0,0,0
3987,1,302.3,311.3,1444,43.1,115,0,0,0,0,0,0
3988,0,302.2,311.3,1554,40.2,118,0,0,0,0,0,0
3989,0,302.2,311.3,1602,32.8,120,0,0,0,0,0,0
3990,2,302.2,311.2,1692,28.2,122,0,0,0,0,0,0
3991,0,302.3,311.3,1682,34.4,127,0,0,0,0,0,0
3992,0,302.3,311.3,1614,34.1,129,0,0,0,0,0,0
3993,0,302.3,311.3,1324,47.8,131,0,0,0,0,0,0
3994,0,302.3,311.4,1434,40.3,133,0,0,0,0,0,0
3995,0,302.3,311.3,1621,31.6,135,0,0,0,0,0,0
3996,1,302.3,311.3,1625,33.1,137,0,0,0,0,0,0
3997,0,302.2,311.1,1394,53.7,140,0,0,0,0,0,0
3998,0,302.1,311.0,1586,35.1,142,0,0,0,0,0,0
3999,0,302.0,311.0,1420,45.9,144,0,0,0,0,0,0
4000,0,302.1,311.2,1422,50.3,146,0,0,0,0,0,0
4001,2,302.1,311.2,1598,37.9,148,0,0,0,0,0,0
4002,0,302.1,311.2,1454,59.2,153,1,0,0,1,0,0
4003,0,302.1,311.2,1519,39.3,155,0,0,0,0,0,0
4004,0,302.0,311.1,1373,55.7,157,0,0,0,0,0,0
4005,1,302.0,311.1,1406,48.8,159,0,0,0,0,0,0
4006,0,302.1,311.2,1492,45.0,162,0,0,0,0,0,0
4007,0,302.1,311.2,1369,50.8,164,0,0,0,0,0,0
4008,1,302.2,311.2,1471,41.9,166,0,0,0,0,0,0
4009,0,302.2,311.2,1630,36.0,169,0,0,0,0,0,0
4010,1,302.1,311.1,1605,37.6,171,0,0,0,0,0,0
4011,0,302.2,311.1,1447,52.1,174,0,0,0,0,0,0
4012,1,302.2,311.2,1360,52.8,176,0,0,0,0,0,0
4013,1,302.2,311.1,1728,34.0,179,0,0,0,0,0,0
4014,0,302.1,311.0,1740,30.8,182,0,0,0,0,0,0
4015,0,302.1,310.9,1477,41.4,184,0,0,0,0,0,0
4016,0,302.1,310.9,1658,30.3,186,0,0,0,0,0,0
4018,1,302.0,310.8,1783,23.1,190,0,0,0,0,0,0
4019,1,302.0,310.9,1558,45.3,193,0,0,0,0,0,0
4020,0,302.1,311.0,1351,49.5,196,0,0,0,0,0,0
4021,2,302.1,310.9,1452,42.5,198,0,0,0,0,0,0
4022,0,302.1,310.9,1666,30.7,203,0,0,0,0,0,0
4023,0,302.1,311.0,1364,50.0,205,0,0,0,0,0,0
4024,1,302.1,311.0,1351,60.3,207,1,0,0,0,1,0
4025,2,302.1,311.0,1729,26.1,210,0,0,0,0,0,0
4026,1,302.1,311.0,1574,34.1,215,0,0,0,0,0,0
4027,0,302.0,311.0,1566,37.8,218,0,0,0,0,0,0
4028,0,302.0,310.9,1455,43.2,220,0,0,0,0,0,0
4029,2,302.0,310.9,1679,29.0,222,0,0,0,0,0,0
4031,0,302.0,310.8,1447,42.7,229,0,0,0,0,0,0
4032,0,302.0,310.8,1383,50.3,231,1,0,0,0,1,0
4033,0,302.1,310.8,1772,27.1,233,0,0,0,0,0,0
4034,0,302.0,310.8,1615,29.0,235,1,1,0,0,0,0
4035,0,302.0,310.8,1454,36.6,0,0,0,0,0,0,0
4036,0,302.0,310.8,1445,49.1,2,0,0,0,0,0,0
4037,1,302.0,310.8,1609,35.2,4,0,0,0,0,0,0
4038,0,302.0,310.9,1546,34.4,7,0,0,0,0,0,0
4039,0,301.9,310.8,1567,39.3,9,0,0,0,0,0,0
4040,0,302.0,310.8,1767,27.4,11,0,0,0,0,0,0
4041,0,302.0,310.9,1539,34.2,13,0,0,0,0,0,0
4042,0,302.0,310.9,1564,39.0,15,0,0,0,0,0,0
4043,1,302.0,310.8,1445,46.3,17,0,0,0,0,0,0
4044,1,301.9,310.9,1419,47.7,20,1,0,0,0,0,0
4045,1,301.8,310.9,1881,20.9,23,0,0,0,0,0,0
4046,1,301.9,310.9,1421,46.2,26,0,0,0,0,0,0
4047,0,301.9,311.0,1455,46.0,29,0,0,0,0,0,0
4049,0,301.8,310.8,1505,41.2,33,0,0,0,0,0,0
4050,0,301.8,310.8,1456,46.6,35,0,0,0,0,0,0
4051,0,301.8,310.8,1383,46.4,37,0,0,0,0,0,0
4052,1,301.9,310.8,1563,39.2,39,0,0,0,0,0,0
4054,1,301.9,310.9,1456,43.6,45,0,0,0,0,0,0
4055,0,302.0,311.0,1865,22.7,48,0,0,0,0,0,0
4056,0,301.9,310.9,1597,36.9,50,0,0,0,0,0,0
4057,0,302.0,310.9,1495,38.6,52,0,0,0,0,0,0
4058,1,302.0,310.9,1456,47.2,54,0,0,0,0,0,0
4059,0,301.9,310.8,1465,44.3,57,0,0,0,0,0,0
4060,1,302.0,310.9,1352,55.5,59,0,0,0,0,0,0
4062,0,302.0,310.9,1446,44.0,64,0,0,0,0,0,0
4064,0,301.9,310.7,1480,47.1,68,0,0,0,0,0,0
4065,1,301.9,310.7,1511,37.6,70,0,0,0,0,0,0
4066,1,301.9,310.7,1472,47.0,73,0,0,0,0,0,0
4067,0,301.9,310.7,1429,51.0,76,0,0,0,0,0,0
4068,0,301.9,310.7,1405,48.8,78,0,0,0,0,0,0
4069,1,301.9,310.7,1405,47.9,80,0,0,0,0,0,0
4070,0,302.0,310.7,1348,58.1,83,0,0,0,0,0,0
4072,0,301.9,310.6,1610,33.4,87,0,0,0,0,0,0
4073,1,301.9,310.6,1412,46.5,89,0,0,0,0,0,0
4074,0,302.0,310.7,1453,42.7,92,0,0,0,0,0,0
4075,0,302.0,310.6,1583,38.9,94,0,0,0,0,0,0
4076,1,302.0,310.6,1539,37.4,96,0,0,0,0,0,0
4077,0,302.0,310.5,1635,39.8,99,0,0,0,0,0,0
4078,2,302.1,310.7,1294,62.4,101,1,0,1,0,0,0
4080,0,302.0,310.4,1357,58.0,108,1,0,1,0,0,0
4081,0,302.0,310.4,1336,58.2,110,1,0,1,0,0,0
4082,0,302.0,310.4,1568,39.2,112,0,0,0,0,0,0
4083,1,302.0,310.4,1567,36.4,114,0,0,0,0,0,0
4084,0,302.0,310.4,1611,35.6,117,0,0,0,0,0,0
4085,2,302.0,310.5,1841,23.6,119,0,0,0,0,0,0
4086,0,302.0,310.5,1567,36.1,124,0,0,0,0,0,0
4087,0,301.9,310.4,1376,54.9,126,1,0,1,0,0,0
4088,0,301.9,310.5,1477,42.4,128,0,0,0,0,0,0
4089,1,301.9,310.5,1590,40.3,130,0,0,0,0,0,0
4091,1,302.0,310.4,1595,32.9,135,0,0,0,0,0,0
4092,2,302.0,310.5,1812,24.4,138,0,0,0,0,0,0
4093,1,302.0,310.5,1573,32.1,143,0,0,0,0,0,0
4094,0,302.0,310.5,1651,30.9,146,0,0,0,0,0,0
4095,2,302.0,310.5,1459,43.2,148,0,0,0,0,0,0
4096,0,301.9,310.4,1370,51.7,153,1,0,1,0,0,0
4097,0,301.9,310.4,1518,34.1,155,0,0,0,0,0,0
4098,0,302.0,310.3,1648,29.6,157,0,0,0,0,0,0
4099,0,302.0,310.4,1464,47.2,159,0,0,0,0,0,0
4100,0,302.0,310.4,1895,23.2,161,0,0,0,0,0,0
4101,0,301.9,310.4,1884,23.4,163,0,0,0,0,0,0
4102,0,302.0,310.4,1450,46.6,165,0,0,0,0,0,0
4103,0,302.0,310.4,1448,43.4,167,0,0,0,0,0,0
4104,0,302.1,310.5,1389,49.6,169,0,0,0,0,0,0
4105,0,302.0,310.6,1583,35.2,171,0,0,0,0,0,0
4106,0,301.9,310.5,1425,51.1,173,0,0,0,0,0,0
4107,0,302.0,310.5,1809,27.1,175,0,0,0,0,0,0
4108,0,301.9,310.5,1892,21.8,177,0,0,0,0,0,0
4109,1,301.9,310.6,1475,47.8,179,0,0,0,0,0,0
4110,0,302.0,310.6,1361,46.7,182,0,0,0,0,0,0
4111,1,302.0,310.6,1563,41.0,184,0,0,0,0,0,0
4112,2,301.9,310.5,1472,39.7,187,0,0,0,0,0,0
4113,0,302.0,310.6,1325,55.3,192,0,0,0,0,0,0
4114,0,302.0,310.6,1358,53.1,194,0,0,0,0,0,0
4115,2,302.0,310.6,1346,54.7,196,0,0,0,0,0,0
4116,1,302.0,310.5,1381,58.4,201,0,0,0,0,0,0
4117,0,301.9,310.5,1340,55.7,204,1,0,0,0,1,0
4118,0,302.0,310.6,1366,47.7,206,0,0,0,0,0,0
4119,0,302.1,310.7,1325,45.1,208,1,0,1,0,0,0
4120,1,302.1,310.7,1376,46.3,210,1,0,1,0,0,0
4121,1,302.1,310.7,1364,47.8,213,1,0,1,0,0,0
4122,0,302.2,310.6,1462,43.6,0,0,0,0,0,0,0
4123,1,302.1,310.6,1517,38.9,2,0,0,0,0,0,0
4124,0,302.1,310.6,1385,53.6,5,0,0,0,0,0,0
4125,0,302.1,310.6,1439,40.0,7,0,0,0,0,0,0
4126,1,302.0,310.6,1623,34.3,9,0,0,0,0,0,0
4127,2,302.0,310.6,1438,43.2,12,0,0,0,0,0,0
4128,0,301.9,310.4,1708,24.8,17,0,0,0,0,0,0
4129,1,301.8,310.3,1666,32.7,19,0,0,0,0,0,0
4130,0,301.9,310.4,1286,62.8,22,1,0,1,0,0,0
4131,0,301.9,310.3,1485,46.3,24,0,0,0,0,0,0
4132,1,301.8,310.3,1409,52.5,26,0,0,0,0,0,0
4133,0,301.8,310.3,1765,27.3,29,0,0,0,0,0,0
4134,0,301.8,310.3,1688,28.8,31,0,0,0,0,0,0
4135,1,301.7,310.3,1787,26.7,33,0,0,0,0,0,0
4136,0,301.7,310.1,1487,48.0,36,0,0,0,0,0,0
4137,0,301.7,310.1,1384,50.5,38,0,0,0,0,0,0
4138,0,301.7,310.2,1311,57.4,40,1,0,1,0,0,0
4139,2,301.7,310.2,1620,30.8,42,0,0,0,0,0,0
4140,0,301.7,310.2,1331,61.2,47,1,0,1,0,0,0
4141,2,301.7,310.1,1462,38.3,49,0,0,0,0,0,0
4142,0,301.7,310.1,1424,50.2,54,0,0,0,0,0,0
4143,0,301.7,310.1,1500,39.6,56,0,0,0,0,0,0
4144,0,301.8,310.1,1738,28.0,58,0,0,0,0,0,0
4145,1,301.8,310.3,1465,46.5,60,0,0,0,0,0,0
4146,0,301.8,310.3,1482,41.4,63,0,0,0,0,0,0
4147,0,301.9,310.3,1398,44.0,65,0,0,0,0,0,0
4149,0,301.9,310.4,1603,37.6,69,0,0,0,0,0,0
4150,0,301.9,310.4,1610,34.8,71,0,0,0,0,0,0
4151,1,301.9,310.4,1373,48.0,73,1,0,1,0,0,0
4152,1,302.0,310.5,1425,44.7,76,0,0,0,0,0,0
4153,1,302.0,310.4,1212,55.6,79,1,0,1,0,0,0
4154,1,302.0,310.4,1828,26.3,82,0,0,0,0,0,0
4155,0,302.0,310.5,1370,44.4,85,1,0,1,0,0,0
4156,1,302.0,310.5,1823,25.1,87,0,0,0,0,0,0
4157,0,302.0,310.5,1263,60.6,90,1,0,1,0,0,0
4158,0,301.9,310.4,1889,21.5,92,0,0,0,0,0,0
4159,1,302.0,310.5,1639,32.9,94,0,0,0,0,0,0
4160,1,302.0,310.4,1608,33.1,97,0,0,0,0,0,0
4161,2,301.9,310.3,1653,32.4,100,0,0,0,0,0,0
4162,0,302.0,310.4,1591,29.8,105,0,0,0,0,0,0
4163,0,302.1,310.5,1696,30.9,107,0,0,0,0,0,0
4164,0,302.2,310.6,1346,47.5,109,1,0,1,0,0,0
4165,1,302.2,310.5,1507,40.4,111,0,0,0,0,0,0
4166,2,302.3,310.6,1525,48.7,114,0,0,0,0,0,0
4167,1,302.3,310.7,1559,33.9,119,0,0,0,0,0,0
4168,0,302.2,310.6,1632,30.5,122,0,0,0,0,0,0
4169,0,302.1,310.5,1559,36.0,124,0,0,0,0,0,0
4170,1,302.2,310.6,1355,51.5,126,1,0,1,0,0,0
4171,1,302.2,310.5,1832,23.7,129,0,0,0,0,0,0
4172,0,302.2,310.6,1386,50.0,132,0,0,0,0,0,0
4173,1,302.2,310.6,1346,49.2,134,1,0,1,0,0,0
4174,0,302.3,310.7,1499,37.8,137,0,0,0,0,0,0
4175,0,302.3,310.7,1612,33.4,139,0,0,0,0,0,0
4176,1,302.3,310.7,1544,39.7,141,0,0,0,0,0,0
4177,0,302.5,310.9,1477,39.2,144,0,0,0,0,0,0
4178,0,302.5,310.9,1624,34.4,146,0,0,0,0,0,0
4179,0,302.4,310.9,1349,46.1,148,1,0,1,0,0,0
4180,0,302.4,310.8,1686,28.8,150,0,0,0,0,0,0
4181,1,302.4,310.7,1521,40.4,152,0,0,0,0,0,0
4182,0,302.4,310.7,1362,54.8,155,1,0,1,0,0,0
4183,0,302.3,310.7,1402,50.9,157,0,0,0,0,0,0
4184,0,302.2,310.6,1334,53.2,159,1,0,1,0,0,0
4185,0,302.2,310.6,1348,48.4,161,1,0,1,0,0,0
4186,1,302.2,310.6,1570,34.6,163,0,0,0,0,0,0
4187,1,302.2,310.7,1601,33.0,166,0,0,0,0,0,0
4188,1,302.3,310.8,1611,31.8,169,0,0,0,0,0,0
4189,0,302.4,310.9,1560,31.8,172,0,0,0,0,0,0
4190,2,302.4,310.9,1444,40.7,174,0,0,0,0,0,0
4191,0,302.4,311.0,1317,59.4,179,0,0,0,0,0,0
4192,1,302.5,311.0,1463,43.1,181,0,0,0,0,0,0
4193,0,302.4,311.1,1634,34.2,184,0,0,0,0,0,0
4194,0,302.4,311.0,1423,46.2,186,0,0,0,0,0,0
4195,0,302.5,311.0,1548,38.4,188,0,0,0,0,0,0
4196,1,302.5,311.0,1563,35.6,190,0,0,0,0,0,0
4197,0,302.4,311.0,1573,36.5,193,0,0,0,0,0,0
4198,1,302.4,311.1,1432,44.5,195,0,0,0,0,0,0
4199,1,302.5,311.1,1638,32.0,198,0,0,0,0,0,0
4200,0,302.5,311.1,1571,34.2,201,0,0,0,0,0,0
4202,0,302.4,311.0,1555,40.6,205,0,0,0,0,0,0
4203,1,302.3,310.9,1558,31.9,207,0,0,0,0,0,0
4204,1,302.3,310.9,1523,43.2,210,0,0,0,0,0,0
4205,0,302.3,310.8,1723,26.3,213,0,0,0,0,0,0
4206,1,302.3,310.8,1721,28.4,215,0,0,0,0,0,0
4207,1,302.3,310.9,1710,30.4,218,1,1,0,0,0,0
4208,1,302.3,310.9,1627,32.3,0,0,0,0,0,0,0
4209,1,302.2,310.8,1422,47.0,3,0,0,0,0,0,0
4210,0,302.1,310.8,1565,35.3,6,0,0,0,0,0,0
4211,0,302.1,310.7,1314,52.8,8,1,0,1,0,0,0
4212,1,302.0,310.6,1392,60.5,10,0,0,0,0,0,0
4213,0,302.1,310.7,1465,40.7,13,0,0,0,0,0,0
4214,0,301.9,310.6,1573,36.6,15,0,0,0,0,0,0
4216,0,301.9,310.7,1370,50.3,20,0,0,0,0,0,0
4217,0,301.9,310.6,1462,38.8,22,0,0,0,0,0,0
4218,1,302.0,310.6,1479,40.5,24,0,0,0,0,0,0
4219,0,301.9,310.7,1717,26.8,27,0,0,0,0,0,0
4220,1,301.9,310.6,1260,65.9,29,0,0,0,0,0,0
4221,0,301.9,310.6,1467,39.3,32,0,0,0,0,0,0
4222,1,302.0,310.6,1535,38.6,34,0,0,0,0,0,0
4223,0,302.0,310.7,1657,31.9,37,0,0,0,0,0,0
4224,0,302.0,310.7,1698,28.1,39,0,0,0,0,0,0
4225,0,302.1,310.7,1359,49.3,41,1,0,1,0,0,0
4226,0,302.1,310.8,1596,37.1,43,0,0,0,0,0,0
4227,0,302.2,310.8,1383,46.9,45,0,0,0,0,0,0
4229,1,302.2,310.8,1408,46.8,49,0,0,0,0,0,0
4230,0,302.2,310.8,1673,32.9,52,0,0,0,0,0,0
4231,0,302.2,310.8,1340,47.8,54,0,0,0,0,0,0
4232,0,302.2,310.9,1452,42.3,56,0,0,0,0,0,0
4233,1,302.2,310.9,1302,53.4,58,0,0,0,0,0,0
4234,2,302.2,310.9,1522,35.9,61,0,0,0,0,0,0
4235,0,302.2,310.8,1438,41.4,66,0,0,0,0,0,0
4236,0,302.2,310.9,1604,40.5,68,0,0,0,0,0,0
4237,0,302.2,311.0,1832,23.2,70,0,0,0,0,0,0
4238,1,302.3,311.0,1521,34.8,72,0,0,0,0,0,0
4239,0,302.3,311.0,1446,37.6,75,0,0,0,0,0,0
4241,0,302.4,311.0,1475,47.9,79,0,0,0,0,0,0
4242,0,302.4,311.0,1462,48.5,81,0,0,0,0,0,0
4243,1,302.4,310.9,1435,42.3,83,0,0,0,0,0,0
4244,0,302.4,310.9,1469,39.6,86,0,0,0,0,0,0
4245,1,302.6,311.1,1520,43.0,88,0,0,0,0,0,0
4246,0,302.6,311.0,1537,35.5,91,0,0,0,0,0,0
4247,0,302.6,311.0,1369,60.0,93,1,0,1,0,0,0
4248,0,302.6,311.0,1506,37.2,95,0,0,0,0,0,0
4249,0,302.5,310.9,1330,56.9,97,1,0,1,0,0,0
4250,0,302.6,311.0,1660,38.0,99,0,0,0,0,0,0
4251,2,302.5,310.9,1356,55.5,101,1,0,1,0,0,0
4252,2,302.6,311.0,1438,51.0,106,0,0,0,0,0,0
4253,1,302.6,311.0,1329,48.6,111,1,0,1,0,0,0
4255,1,302.5,311.0,1387,52.1,116,0,0,0,0,0,0
4256,1,302.6,311.0,1591,33.9,119,0,0,0,0,0,0
4257,1,302.6,311.0,1589,39.0,122,0,0,0,0,0,0
4258,1,302.7,311.1,1297,60.7,125,1,0,1,0,0,0
4259,0,302.7,311.2,1545,35.1,128,0,0,0,0,0,0
4260,2,302.7,311.1,1418,43.4,130,0,0,0,0,0,0
4261,0,302.7,311.1,1730,28.1,135,0,0,0,0,0,0
4263,0,302.6,311.0,1620,36.2,139,0,0,0,0,0,0
4264,1,302.6,311.0,1542,39.7,141,0,0,0,0,0,0
4265,0,302.6,311.0,1424,38.0,144,0,0,0,0,0,0
4266,0,302.7,311.1,1440,39.5,146,0,0,0,0,0,0
4267,0,302.6,311.0,1520,42.8,148,0,0,0,0,0,0
4268,0,302.7,311.0,1694,29.8,150,0,0,0,0,0,0
4269,0,302.6,311.0,1610,39.2,152,0,0,0,0,0,0
4270,0,302.6,310.9,1331,52.0,154,1,0,1,0,0,0
4271,0,302.6,310.8,1470,41.2,156,0,0,0,0,0,0
4272,0,302.5,310.8,1577,36.9,158,0,0,0,0,0,0
4273,0,302.6,310.8,1486,36.4,160,0,0,0,0,0,0
4274,0,302.4,310.6,1445,40.3,162,0,0,0,0,0,0
4275,1,302.4,310.5,1500,36.7,164,0,0,0,0,0,0
4276,1,302.2,310.4,1456,47.5,167,0,0,0,0,0,0
4277,0,302.2,310.4,1743,28.1,170,0,0,0,0,0,0
4278,0,302.0,310.1,1409,50.4,172,0,0,0,0,0,0
4279,0,302.0,310.1,1361,45.4,174,1,0,1,0,0,0
4280,0,302.1,310.1,1753,28.9,176,0,0,0,0,0,0
4281,0,302.0,310.0,1832,22.9,178,0,0,0,0,0,0
4282,0,301.9,309.9,1374,48.5,180,1,0,1,0,0,0
4283,1,301.8,309.9,1334,61.0,182,1,0,1,0,0,0
4284,0,301.8,310.0,1493,40.3,185,0,0,0,0,0,0
4285,0,301.7,309.9,1317,49.0,187,1,0,1,0,0,0
4286,1,301.7,309.9,1434,47.9,189,0,0,0,0,0,0
4287,1,301.7,309.9,1457,39.2,192,0,0,0,0,0,0
4288,1,301.7,310.0,1391,50.6,195,0,0,0,0,0,0
4289,1,301.8,310.0,1781,23.9,198,0,0,0,0,0,0
4290,0,301.8,310.0,1642,32.6,201,0,0,0,0,0,0
4293,0,301.8,310.0,1393,44.9,208,0,0,0,0,0,0
4294,1,301.7,310.1,1743,27.3,210,0,0,0,0,0,0
4295,0,301.8,310.2,1457,40.4,213,0,0,0,0,0,0
4297,1,301.8,310.2,1609,34.2,217,0,0,0,0,0,0
4298,1,301.8,310.2,1437,42.3,0,0,0,0,0,0,0
4299,0,301.7,310.1,1402,50.1,3,0,0,0,0,0,0
4300,1,301.7,310.1,1644,34.6,5,0,0,0,0,0,0
4301,0,301.7,310.2,1471,51.1,8,0,0,0,0,0,0
4303,0,301.7,310.2,1435,48.1,12,0,0,0,0,0,0
4304,0,301.6,310.1,1694,26.3,14,0,0,0,0,0,0
4305,0,301.6,310.1,1687,26.6,16,0,0,0,0,0,0
4306,0,301.6,310.0,1869,22.9,18,0,0,0,0,0,0
4307,0,301.4,309.9,1259,63.9,20,1,0,1,0,0,0
4308,2,301.4,309.9,1460,47.2,22,0,0,0,0,0,0
4309,1,301.3,309.9,1501,39.5,27,0,0,0,0,0,0
4310,0,301.4,310.0,1776,25.6,30,0,0,0,0,0,0
4311,1,301.5,310.1,1468,40.8,32,0,0,0,0,0,0
4312,0,301.5,310.1,1430,46.5,35,0,0,0,0,0,0
4313,0,301.4,310.1,1502,46.6,37,0,0,0,0,0,0
4314,2,301.4,310.1,1623,32.3,39,0,0,0,0,0,0
4315,1,301.4,310.0,1651,29.8,44,0,0,0,0,0,0
4316,0,301.5,310.1,1639,33.4,47,0,0,0,0,0,0
4317,1,301.5,310.0,1417,44.6,49,0,0,0,0,0,0
4318,0,301.5,310.1,1541,42.2,52,0,0,0,0,0,0
4319,1,301.6,310.2,1411,45.1,54,0,0,0,0,0,0
4320,0,301.7,310.3,1397,44.6,57,0,0,0,0,0,0
4321,0,301.7,310.2,1686,28.9,59,0,0,0,0,0,0
4322,1,301.7,310.1,1431,44.0,61,0,0,0,0,0,0
4323,0,301.8,310.3,1341,50.5,64,1,0,1,0,0,0
4324,0,301.7,310.2,1486,43.0,66,0,0,0,0,0,0
4325,0,301.6,310.2,1384,57.1,68,0,0,0,0,0,0
4326,0,301.6,310.1,1362,55.8,70,1,0,1,0,0,0
4327,2,301.7,310.1,1660,29.3,72,0,0,0,0,0,0
4328,0,301.6,310.1,1326,48.2,77,1,0,1,0,0,0
4329,0,301.6,310.0,1566,30.3,79,0,0,0,0,0,0
4330,0,301.5,309.8,1549,38.5,81,0,0,0,0,0,0
4331,1,301.6,309.9,1746,31.1,83,0,0,0,0,0,0
4332,1,301.7,309.9,1452,41.5,86,0,0,0,0,0,0
4333,0,301.6,309.8,1588,33.9,89,0,0,0,0,0,0
4334,0,301.6,309.8,1472,42.5,91,0,0,0,0,0,0
4335,0,301.7,309.9,1607,37.7,93,0,0,0,0,0,0
4336,2,301.6,309.9,1423,53.6,95,0,0,0,0,0,0
4337,0,301.6,309.9,1440,43.4,100,0,0,0,0,0,0
4338,0,301.6,309.9,1397,43.7,102,0,0,0,0,0,0
4339,0,301.7,309.9,1524,46.6,104,0,0,0,0,0,0
4340,1,301.7,309.9,1533,40.9,106,0,0,0,0,0,0
4341,0,301.7,309.8,1398,46.0,109,0,0,0,0,0,0
4343,0,301.7,309.8,1491,39.3,114,0,0,0,0,0,0
4344,2,301.8,309.9,1418,51.3,116,0,0,0,0,0,0
4345,1,301.8,309.8,1546,39.8,121,0,0,0,0,0,0
4346,0,301.8,309.7,1598,30.4,124,0,0,0,0,0,0
4347,2,301.9,309.8,1724,27.5,126,0,0,0,0,0,0
4348,0,301.9,309.8,1507,44.7,131,0,0,0,0,0,0
4349,0,301.9,309.7,1595,31.4,133,0,0,0,0,0,0
4350,1,301.9,309.7,1568,37.5,135,0,0,0,0,0,0
4351,0,301.8,309.6,1432,43.7,138,0,0,0,0,0,0
4352,0,301.9,309.7,1424,42.8,140,0,0,0,0,0,0
4353,1,302.0,309.7,1386,62.7,142,1,0,0,1,0,0
4354,0,302.0,309.8,1456,58.1,145,0,0,0,0,0,0
4355,2,302.0,309.8,1280,57.3,147,1,0,1,0,0,0
4356,0,302.0,309.8,1649,31.0,152,0,0,0,0,0,0
4357,0,302.0,309.9,1407,52.8,154,0,0,0,0,0,0
4358,2,302.0,309.9,1606,34.5,156,0,0,0,0,0,0
4359,1,302.1,310.0,1531,38.0,161,0,0,0,0,0,0
4360,0,302.1,310.1,1543,35.8,164,0,0,0,0,0,0
4361,1,302.1,310.1,1379,48.2,166,1,0,1,0,0,0
4362,0,302.1,310.1,1447,46.6,169,0,0,0,0,0,0
4363,2,302.1,310.1,1844,24.6,171,0,0,0,0,0,0
4364,2,302.1,310.1,1615,29.9,176,0,0,0,0,0,0
4365,0,302.0,310.0,1449,48.8,181,0,0,0,0,0,0
4366,0,302.0,309.9,1388,51.4,183,0,0,0,0,0,0
4367,2,302.0,309.9,1447,42.8,185,0,0,0,0,0,0
4368,0,302.0,310.0,1664,28.6,190,0,0,0,0,0,0
4369,2,302.0,309.9,1735,27.2,192,0,0,0,0,0,0
4370,0,302.0,309.9,1308,57.6,197,1,0,1,0,1,0
4371,0,302.0,309.8,1480,40.0,199,0,0,0,0,0,0
4372,1,301.9,309.6,1439,41.7,201,0,0,0,0,0,0
4373,1,301.9,309.7,1533,35.9,204,0,0,0,0,0,0
4374,0,302.0,309.7,1551,34.8,207,0,0,0,0,0,0
4375,0,302.0,309.7,1414,36.3,209,0,0,0,0,0,0
4376,1,301.9,309.6,1551,34.6,211,0,0,0,0,0,0
4377,1,301.8,309.6,1436,49.0,214,0,0,0,0,0,0
4378,1,301.9,309.6,1385,45.8,217,0,0,0,0,0,0
4379,1,301.8,309.5,1732,30.1,220,0,0,0,0,0,0
4380,0,301.9,309.6,1410,49.0,223,0,0,0,0,0,0
4381,0,301.9,309.6,1446,43.2,225,0,0,0,0,0,0
4382,0,301.8,309.5,1525,39.6,227,0,0,0,0,0,0
4383,0,301.7,309.5,1298,65.5,229,1,0,1,0,1,0
4384,0,301.8,309.6,1443,42.7,231,0,0,0,0,0,0
4385,0,301.8,309.7,1442,45.3,233,1,1,0,0,0,0
4386,0,301.9,309.7,1719,31.9,0,0,0,0,0,0,0
4387,0,302.0,309.8,1532,39.4,2,0,0,0,0,0,0
4388,0,302.0,309.8,1701,27.2,4,0,0,0,0,0,0
4389,1,302.1,310.0,1355,45.1,6,1,0,1,0,0,0
4390,1,302.2,310.1,1421,45.4,9,0,0,0,0,0,0
4391,1,302.2,310.1,1368,51.6,12,1,0,1,0,0,0
4392,0,302.2,310.1,1458,45.1,15,0,0,0,0,0,0
4393,1,302.2,310.1,1572,34.6,17,0,0,0,0,0,0
4394,0,302.2,310.0,1483,48.7,20,0,0,0,0,0,0
4395,0,302.3,310.1,1513,40.4,22,0,0,0,0,0,0
4396,2,302.3,310.1,1383,42.9,24,0,0,0,0,0,0
4397,0,302.4,310.2,1539,37.7,29,0,0,0,0,0,0
4398,1,302.3,310.1,1563,37.8,31,0,0,0,0,0,0
4399,0,302.3,310.1,1653,29.7,34,0,0,0,0,0,0
4400,0,302.3,310.1,1353,50.9,36,1,0,1,0,0,0
4401,2,302.2,310.0,1468,43.6,38,0,0,0,0,0,0
4402,2,302.3,310.2,1506,33.8,43,0,0,0,0,0,0
4403,0,302.3,310.1,1388,49.9,48,0,0,0,0,0,0
4404,1,302.4,310.2,1485,45.9,50,0,0,0,0,0,0
4405,0,302.4,310.2,1331,45.5,53,1,0,1,0,0,0
4406,0,302.5,310.3,1326,58.5,55,1,0,1,0,0,0
4407,0,302.3,310.2,1394,55.4,57,0,0,0,0,0,0
4409,1,302.4,310.1,1358,54.6,61,1,0,1,0,0,0
4410,0,302.5,310.2,1586,32.2,64,0,0,0,0,0,0
4411,0,302.5,310.3,1688,31.6,66,0,0,0,0,0,0
4412,0,302.6,310.5,1450,43.2,68,0,0,0,0,0,0
4413,1,302.7,310.5,1398,47.3,70,0,0,0,0,0,0
4414,0,302.7,310.5,1520,39.3,73,0,0,0,0,0,0
4415,0,302.6,310.4,1514,42.7,75,0,0,0,0,0,0
4416,1,302.6,310.4,1532,36.1,77,0,0,0,0,0,0
4418,0,302.6,310.3,1642,33.2,82,0,0,0,0,0,0
4420,2,302.6,310.2,1873,21.3,87,0,0,0,0,0,0
4421,0,302.6,310.2,1325,62.4,92,1,0,1,0,0,0
4423,1,302.6,310.2,1563,39.0,97,0,0,0,0,0,0
4424,1,302.6,310.2,1631,31.0,100,0,0,0,0,0,0
4425,0,302.5,310.2,1547,36.9,103,0,0,0,0,0,0
4426,0,302.6,310.3,1479,40.4,105,0,0,0,0,0,0
4427,1,302.4,310.1,1379,48.9,107,1,0,1,0,0,0
4429,1,302.3,310.1,1731,33.4,112,0,0,0,0,0,0
4430,2,302.3,310.1,1688,30.4,115,0,0,0,0,0,0
4431,2,302.3,310.2,1443,54.6,120,0,0,0,0,0,0
4432,0,302.4,310.2,1445,46.4,125,0,0,0,0,0,0
4433,2,302.4,310.2,1435,44.9,127,0,0,0,0,0,0
4434,0,302.4,310.1,1556,32.9,132,0,0,0,0,0,0
4435,0,302.3,310.1,1321,52.7,134,1,0,1,0,0,0
4436,1,302.4,310.1,1577,35.8,136,0,0,0,0,0,0
4437,0,302.4,310.2,1578,31.2,139,0,0,0,0,0,0
4438,0,302.4,310.1,1418,52.3,141,0,0,0,0,0,0
4439,1,302.4,310.2,1392,55.8,143,0,0,0,0,0,0
4440,0,302.5,310.3,1446,44.0,146,0,0,0,0,0,0
4441,0,302.5,310.2,1329,50.6,148,1,0,1,0,0,0
4442,0,302.5,310.2,1563,34.8,150,0,0,0,0,0,0
4443,0,302.5,310.3,1405,57.4,152,0,0,0,0,0,0
4445,0,302.5,310.2,1716,29.9,156,0,0,0,0,0,0
4446,0,302.5,310.3,1584,35.5,158,0,0,0,0,0,0
4447,1,302.5,310.3,1488,41.8,160,0,0,0,0,0,0
4448,0,302.4,310.3,1374,51.2,163,1,0,1,0,0,0
4449,1,302.4,310.3,1378,54.3,165,1,0,1,0,0,0
4450,0,302.5,310.3,1551,37.3,168,0,0,0,0,0,0
4451,0,302.5,310.3,1549,40.9,170,0,0,0,0,0,0
4452,1,302.5,310.3,1447,39.2,172,0,0,0,0,0,0
4453,0,302.4,310.2,1400,53.7,175,0,0,0,0,0,0
4454,0,302.4,310.1,1401,48.8,177,0,0,0,0,0,0
4455,2,302.4,310.1,1597,28.9,179,0,0,0,0,0,0
4456,0,302.3,310.1,1487,46.0,184,0,0,0,0,0,0
4457,1,302.5,310.3,1710,27.3,186,0,0,0,0,0,0
4458,0,302.6,310.4,1478,47.7,189,0,0,0,0,0,0
4459,0,302.6,310.4,1743,26.3,191,0,0,0,0,0,0
4460,0,302.6,310.5,1596,32.8,193,0,0,0,0,0,0
4461,0,302.7,310.5,1642,30.8,195,0,0,0,0,0,0
4464,0,302.8,310.6,1671,30.5,201,0,0,0,0,0,0
4465,0,302.8,310.6,1404,43.2,203,0,0,0,0,0,0
4466,0,302.8,310.6,1470,41.1,205,0,0,0,0,0,0
4467,0,302.8,310.6,1617,37.9,207,0,0,0,0,0,0
4468,0,302.7,310.5,1725,29.0,209,0,0,0,0,0,0
4469,0,302.7,310.5,1446,40.9,211,1,1,0,0,0,0
4470,0,302.7,310.6,1564,34.3,0,0,0,0,0,0,0
4471,0,302.8,310.6,1670,29.1,2,0,0,0,0,0,0
4472,0,302.7,310.6,1501,48.7,4,0,0,0,0,0,0
4473,0,302.7,310.5,1551,35.9,6,0,0,0,0,0,0
4474,0,302.7,310.5,1563,35.0,8,0,0,0,0,0,0
4475,0,302.7,310.5,1351,41.8,10,1,0,1,0,0,0
4476,0,302.6,310.4,1415,52.1,12,0,0,0,0,0,0
4477,0,302.6,310.3,1647,34.2,14,0,0,0,0,0,0
4478,0,302.5,310.2,1477,41.6,16,0,0,0,0,0,0
4480,2,302.7,310.4,1305,55.2,20,1,0,1,0,0,0
4481,1,302.6,310.4,1544,35.1,25,0,0,0,0,0,0
4482,2,302.7,310.5,1568,36.9,28,0,0,0,0,0,0
4483,0,302.7,310.4,1489,42.7,33,0,0,0,0,0,0
4484,1,302.6,310.4,1451,43.1,35,0,0,0,0,0,0
4485,0,302.7,310.4,1542,35.7,38,0,0,0,0,0,0
4487,0,302.5,310.5,1436,36.5,43,0,0,0,0,0,0
4488,1,302.5,310.4,1509,37.6,45,0,0,0,0,0,0
4489,0,302.5,310.4,1487,40.2,48,0,0,0,0,0,0
4491,2,302.6,310.4,1409,53.3,52,0,0,0,0,0,0
4492,1,302.6,310.5,1420,56.4,57,0,0,0,0,0,0
4493,0,302.7,310.5,1511,37.7,60,0,0,0,0,0,0
4494,2,302.6,310.4,1649,30.1,62,0,0,0,0,0,0
4495,0,302.6,310.4,1359,57.2,67,1,0,1,0,0,0
4496,1,302.5,310.4,1605,36.0,69,0,0,0,0,0,0
4497,0,302.5,310.3,1523,36.0,72,0,0,0,0,0,0
4498,2,302.6,310.4,1614,36.0,74,0,0,0,0,0,0
4499,2,302.6,310.3,1721,27.4,79,0,0,0,0,0,0
4500,0,302.6,310.4,1638,36.2,84,0,0,0,0,0,0
4501,0,302.5,310.2,1307,54.0,86,1,0,1,0,0,0
4502,0,302.4,310.2,1642,28.3,88,0,0,0,0,0,0
4503,1,302.5,310.2,1751,30.5,90,0,0,0,0,0,0
4504,0,302.4,310.1,1645,31.6,93,0,0,0,0,0,0
4505,0,302.4,310.1,1426,46.8,95,0,0,0,0,0,0
4506,1,302.4,310.1,1520,36.6,97,0,0,0,0,0,0
4507,0,302.4,310.1,1709,31.8,100,0,0,0,0,0,0
4508,0,302.4,310.0,1426,46.6,102,0,0,0,0,0,0
4509,0,302.4,310.1,1429,43.7,104,0,0,0,0,0,0
4510,0,302.4,310.2,1346,62.4,106,1,0,1,0,0,0
4511,0,302.5,310.2,1454,43.0,108,0,0,0,0,0,0
4512,1,302.5,310.3,1411,49.5,110,0,0,0,0,0,0
4514,0,302.4,310.3,1479,36.2,115,0,0,0,0,0,0
4515,0,302.5,310.4,1415,48.2,117,0,0,0,0,0,0
4516,0,302.5,310.3,1539,39.0,119,0,0,0,0,0,0
4517,0,302.4,310.3,1520,31.6,121,0,0,0,0,0,0
4518,0,302.4,310.3,1480,45.8,123,0,0,0,0,0,0
4519,0,302.4,310.4,1666,29.7,125,0,0,0,0,0,0
4520,0,302.4,310.4,1456,47.6,127,0,0,0,0,0,0
4521,0,302.4,310.4,1865,23.9,129,0,0,0,0,0,0
4523,0,302.5,310.4,1488,48.4,134,0,0,0,0,0,0
4524,1,302.5,310.5,1527,38.8,136,0,0,0,0,0,0
4525,1,302.4,310.4,1463,42.2,139,0,0,0,0,0,0
4526,0,302.4,310.4,1521,38.5,142,0,0,0,0,0,0
4527,1,302.4,310.5,1372,45.7,144,1,0,1,0,0,0
4528,0,302.5,310.5,1507,39.5,147,0,0,0,0,0,0
4529,1,302.4,310.4,1586,34.3,149,0,0,0,0,0,0
4530,0,302.5,310.4,1487,42.0,152,0,0,0,0,0,0
4531,0,302.5,310.5,1520,41.2,154,0,0,0,0,0,0
4532,2,302.5,310.4,1422,41.9,156,0,0,0,0,0,0
4533,1,302.4,310.3,1375,52.5,161,1,0,1,0,0,0
4534,0,302.4,310.2,1633,28.0,164,0,0,0,0,0,0
4535,0,302.4,310.2,1503,36.2,166,0,0,0,0,0,0
4536,0,302.4,310.2,1351,45.1,168,1,0,1,0,0,0
4537,0,302.3,310.2,1548,35.3,170,0,0,0,0,0,0
4539,0,302.5,310.3,1592,32.6,174,0,0,0,0,0,0
4540,1,302.5,310.4,1580,35.6,176,0,0,0,0,0,0
4541,0,302.5,310.4,1427,46.8,179,0,0,0,0,0,0
4542,1,302.5,310.4,1581,32.7,181,0,0,0,0,0,0
4543,1,302.6,310.5,1542,39.9,184,0,0,0,0,0,0
4544,0,302.5,310.4,1349,55.1,187,1,0,1,0,0,0
4545,0,302.5,310.5,1463,43.0,189,0,0,0,0,0,0
4546,1,302.5,310.4,1429,43.2,191,0,0,0,0,0,0
4547,1,302.5,310.4,1451,53.6,194,0,0,0,0,0,0
4548,0,302.6,310.5,1511,37.2,197,0,0,0,0,0,0
4549,0,302.6,310.6,1549,37.5,199,0,0,0,0,0,0
4550,1,302.5,310.5,1507,40.2,201,0,0,0,0,0,0
4551,1,302.6,310.5,1524,33.7,204,0,0,0,0,0,0
4552,1,302.7,310.5,1880,22.7,207,0,0,0,0,0,0
4553,0,302.6,310.5,1461,45.4,0,0,0,0,0,0,0
4554,0,302.6,310.5,1748,28.2,2,0,0,0,0,0,0
4555,0,302.7,310.6,1690,26.7,4,0,0,0,0,0,0
4556,1,302.7,310.6,1349,51.2,6,1,0,1,0,0,0
4557,0,302.7,310.6,1686,26.3,9,0,0,0,0,0,0
4558,0,302.7,310.7,1369,47.5,11,1,0,1,0,0,0
4559,0,302.7,310.7,1433,43.7,13,0,0,0,0,0,0
4560,0,302.7,310.7,1597,41.9,15,0,0,0,0,0,0
4561,0,302.9,310.8,1610,32.2,17,0,0,0,0,0,0
4562,0,302.7,310.7,1398,57.7,19,0,0,0,0,0,0
4564,0,302.8,310.8,1516,39.5,23,0,0,0,0,0,0
4565,2,302.7,310.8,1275,55.0,25,1,0,1,0,0,0
4566,0,302.8,310.8,1402,50.5,30,0,0,0,0,0,0
4567,1,302.8,310.8,1451,44.7,32,0,0,0,0,0,0
4568,1,302.7,310.8,1555,36.1,35,0,0,0,0,0,0
4569,0,302.8,310.9,1636,35.0,38,0,0,0,0,0,0
4570,0,302.8,310.9,1312,52.2,40,1,0,1,0,0,0
4571,0,302.8,310.9,1708,29.8,42,0,0,0,0,0,0
4572,1,302.9,311.0,1556,36.5,44,0,0,0,0,0,0
4573,2,302.8,311.0,1436,43.5,47,0,0,0,0,0,0
4574,1,302.9,311.0,1402,40.7,52,0,0,0,0,0,0
4575,1,302.9,311.0,1437,49.9,55,0,0,0,0,0,0
4577,0,303.0,311.2,1800,23.7,61,0,0,0,0,0,0
4578,0,303.0,311.2,1641,32.6,63,0,0,0,0,0,0
4579,0,303.0,311.2,1374,48.2,65,1,0,1,0,0,0
4580,0,303.0,311.2,1494,37.0,67,0,0,0,0,0,0
4581,0,303.0,311.2,1601,32.9,69,0,0,0,0,0,0
4582,0,302.9,311.2,1634,36.9,71,0,0,0,0,0,0
4583,1,302.9,311.2,1467,37.7,73,0,0,0,0,0,0
4584,0,302.8,311.1,1550,32.3,76,0,0,0,0,0,0
4585,0,302.8,311.1,1563,32.2,78,0,0,0,0,0,0
4586,0,302.7,310.9,1395,48.3,80,0,0,0,0,0,0
4587,1,302.8,311.0,1507,33.4,82,0,0,0,0,0,0
4588,0,302.8,311.0,1564,38.5,85,0,0,0,0,0,0
4589,0,302.8,311.1,1721,30.0,87,0,0,0,0,0,0
4590,0,302.8,311.1,1456,36.1,89,0,0,0,0,0,0
4592,0,302.9,311.1,1555,33.9,96,0,0,0,0,0,0
4593,0,303.0,311.2,1409,41.9,98,0,0,0,0,0,0
4594,1,303.0,311.2,1387,41.4,100,0,0,0,0,0,0
4595,1,303.0,311.2,1460,43.9,103,0,0,0,0,0,0
4596,0,303.0,311.2,1361,47.6,106,1,0,1,0,0,0
4597,1,303.0,311.1,1490,43.0,108,0,0,0,0,0,0
4598,0,303.1,311.2,1399,49.2,111,0,0,0,0,0,0
4599,0,303.1,311.1,1420,55.8,113,0,0,0,0,0,0
4600,0,303.0,311.0,1359,44.2,115,1,0,1,0,0,0
4601,1,303.0,311.1,1372,54.3,117,1,0,1,0,0,0
4602,1,303.0,311.0,1409,41.7,120,0,0,0,0,0,0
4603,2,302.9,311.0,1452,58.3,123,0,0,0,0,0,0
4604,0,302.9,311.0,1820,24.6,128,0,0,0,0,0,0
4605,2,302.9,311.0,1469,48.7,130,0,0,0,0,0,0
4606,0,302.9,311.1,1556,45.3,135,0,0,0,0,0,0
4608,1,303.0,311.2,1519,38.0,139,0,0,0,0,0,0
4609,0,303.0,311.2,1456,44.0,142,0,0,0,0,0,0
4610,0,303.1,311.2,1394,45.3,144,0,0,0,0,0,0
4611,0,303.0,311.3,1365,56.2,146,1,0,1,0,0,0
4613,0,303.1,311.3,1403,55.6,150,0,0,0,0,0,0
4614,2,303.0,311.2,1503,37.0,152,0,0,0,0,0,0
4615,0,303.0,311.3,1793,29.3,157,0,0,0,0,0,0
4616,0,303.1,311.4,1829,24.5,159,0,0,0,0,0,0
4617,1,303.1,311.4,1831,23.3,161,0,0,0,0,0,0
4618,1,303.0,311.3,1335,53.6,164,1,0,1,0,0,0
4620,0,303.1,311.3,1336,52.6,172,1,0,1,0,0,0
4621,0,303.0,311.2,1341,51.0,174,1,0,1,0,0,0
4622,1,303.0,311.1,1526,37.3,176,0,0,0,0,0,0
4623,0,303.0,311.1,1525,40.7,179,0,0,0,0,0,0
4624,1,303.0,311.1,1428,39.8,181,0,0,0,0,0,0
4625,0,303.0,311.2,1511,45.7,184,0,0,0,0,0,0
4626,0,303.0,311.2,1664,29.8,186,0,0,0,0,0,0
4627,1,303.0,311.2,1592,38.9,188,0,0,0,0,0,0
4628,1,303.0,311.1,1597,36.7,191,0,0,0,0,0,0
4629,0,303.0,311.2,1735,26.1,194,0,0,0,0,0,0
4630,0,302.9,311.2,1751,23.8,196,0,0,0,0,0,0
4631,0,303.0,311.2,1383,44.6,198,0,0,0,0,0,0
4632,1,302.9,311.2,1330,53.7,200,1,0,1,0,0,0
4633,0,303.0,311.2,1382,50.5,203,0,0,0,0,0,0
4634,0,303.0,311.2,1755,30.4,205,0,0,0,0,0,0
4635,1,303.0,311.2,1614,35.7,207,0,0,0,0,0,0
4636,0,303.0,311.3,1466,43.0,210,0,0,0,0,0,0
4637,1,303.1,311.3,1847,24.7,212,0,0,0,0,0,0
4638,0,303.1,311.3,1474,34.8,215,0,0,0,0,0,0
4639,0,303.1,311.3,1657,31.8,217,0,0,0,0,0,0
4640,0,303.1,311.2,1435,40.1,219,0,0,0,0,0,0
4641,2,303.1,311.3,1494,42.7,221,0,0,0,0,0,0
4642,0,303.2,311.4,1238,54.6,226,1,0,1,0,1,0
4643,0,303.2,311.4,1324,54.2,228,1,0,1,0,1,0
4644,0,303.2,311.4,1514,41.2,230,0,0,0,0,0,0
4645,0,303.3,311.4,1732,25.6,232,0,0,0,0,0,0
4646,0,303.3,311.4,1497,46.0,234,1,1,0,0,0,0
4648,0,303.3,311.4,1630,32.5,2,0,0,0,0,0,0
4649,1,303.3,311.4,1395,59.1,4,0,0,0,0,0,0
4650,0,303.3,311.4,1658,30.5,7,0,0,0,0,0,0
4651,0,303.2,311.4,1349,51.1,9,1,0,1,0,0,0
4652,0,303.1,311.2,1452,52.9,11,0,0,0,0,0,0
4653,1,303.1,311.1,1594,35.5,13,0,0,0,0,0,0
4654,1,303.1,311.0,1510,47.6,16,0,0,0,0,0,0
4655,0,303.1,311.1,1854,22.6,19,0,0,0,0,0,0
4656,0,303.1,311.2,1626,32.3,21,0,0,0,0,0,0
4657,0,303.1,311.2,1628,35.2,23,0,0,0,0,0,0
4658,0,303.1,311.2,1679,34.8,25,0,0,0,0,0,0
4659,1,303.1,311.2,1489,44.5,27,0,0,0,0,0,0
4660,0,303.2,311.2,1439,43.9,30,0,0,0,0,0,0
4661,0,303.3,311.3,1350,48.1,32,1,0,1,0,0,0
4662,2,303.3,311.2,1607,31.7,34,0,0,0,0,0,0
4663,0,303.3,311.3,1389,53.9,39,0,0,0,0,0,0
4664,1,303.3,311.3,1566,46.1,41,0,0,0,0,0,0
4665,1,303.4,311.4,1307,54.0,44,1,0,1,0,0,0
4666,1,303.3,311.5,1569,36.6,47,0,0,0,0,0,0
4667,2,303.3,311.4,1651,30.6,50,0,0,0,0,0,0
4668,2,303.3,311.4,1692,27.9,55,0,0,0,0,0,0
4669,1,303.3,311.5,1373,47.3,60,1,0,1,0,0,0
4670,0,303.2,311.4,1610,35.5,63,0,0,0,0,0,0
4671,0,303.3,311.4,1511,43.4,65,0,0,0,0,0,0
4672,0,303.3,311.5,1412,55.6,67,0,0,0,0,0,0
4673,0,303.4,311.5,1501,36.2,69,0,0,0,0,0,0
4674,0,303.4,311.5,1414,44.8,71,0,0,0,0,0,0
4675,2,303.5,311.5,1629,33.5,73,0,0,0,0,0,0
4676,0,303.4,311.5,1879,21.3,78,0,0,0,0,0,0
4677,2,303.5,311.6,1466,47.0,80,0,0,0,0,0,0
4678,2,303.6,311.7,1476,40.1,85,0,0,0,0,0,0
4679,0,303.6,311.8,1695,30.7,90,0,0,0,0,0,0
4680,0,303.6,311.7,1491,39.8,92,0,0,0,0,0,0
4681,1,303.6,311.8,1659,34.7,94,0,0,0,0,0,0
4682,0,303.6,311.8,1567,31.7,97,0,0,0,0,0,0
4683,0,303.6,311.8,1736,32.9,99,0,0,0,0,0,0
4684,1,303.6,311.8,1421,44.8,101,1,0,0,0,0,0
4685,1,303.6,311.8,1627,30.8,104,0,0,0,0,0,0
4686,1,303.5,311.6,1562,34.2,107,0,0,0,0,0,0
4688,0,303.5,311.6,1577,38.1,112,0,0,0,0,0,0
4689,1,303.4,311.5,1560,36.4,114,0,0,0,0,0,0
4690,1,303.4,311.5,1483,43.0,117,0,0,0,0,0,0
4691,0,303.5,311.5,1535,33.3,120,0,0,0,0,0,0
4692,1,303.4,311.4,1606,29.6,122,0,0,0,0,0,0
4693,1,303.4,311.5,1817,24.7,125,0,0,0,0,0,0
4694,0,303.4,311.5,1424,50.8,128,0,0,0,0,0,0
4695,0,303.3,311.6,1514,34.7,130,0,0,0,0,0,0
4696,0,303.4,311.6,1449,41.7,132,0,0,0,0,0,0
4697,1,303.5,311.6,1573,34.0,134,0,0,0,0,0,0
4698,0,303.4,311.6,1564,41.9,137,0,0,0,0,0,0
4699,0,303.5,311.6,1428,46.2,139,0,0,0,0,0,0
4700,0,303.5,311.7,1620,31.0,141,0,0,0,0,0,0
4701,2,303.5,311.7,1584,32.7,143,0,0,0,0,0,0
4703,1,303.6,311.8,1432,42.5,150,0,0,0,0,0,0
4704,0,303.7,311.9,1561,33.3,153,0,0,0,0,0,0
4705,0,303.6,311.8,1614,33.2,155,0,0,0,0,0,0
4708,0,303.4,311.7,1793,25.8,161,0,0,0,0,0,0
4709,1,303.4,311.6,1446,50.0,163,0,0,0,0,0,0
4710,0,303.4,311.7,1673,32.2,166,0,0,0,0,0,0
4711,1,303.4,311.7,1515,44.2,168,0,0,0,0,0,0
4712,0,303.4,311.8,1564,35.9,171,0,0,0,0,0,0
4713,0,303.5,311.8,1451,45.2,173,0,0,0,0,0,0
4714,2,303.4,311.8,1693,28.3,175,0,0,0,0,0,0
4715,0,303.4,311.7,1476,42.3,180,0,0,0,0,0,0
4716,0,303.4,311.6,1712,30.1,182,0,0,0,0,0,0
4717,1,303.4,311.6,1425,45.4,184,0,0,0,0,0,0
4718,0,303.3,311.6,1337,56.8,187,1,0,1,0,0,0
4719,1,303.4,311.7,1690,34.9,189,0,0,0,0,0,0
4720,1,303.4,311.7,1353,44.1,192,1,0,1,0,0,0
4722,1,303.4,311.8,1391,42.7,197,0,0,0,0,0,0
4723,0,303.4,311.8,1366,50.9,200,1,0,1,0,0,0
4724,0,303.4,311.9,1771,31.6,202,0,0,0,0,0,0
4725,1,303.4,311.8,1515,42.6,204,0,0,0,0,0,0
4727,1,303.4,311.8,1341,47.0,210,1,0,1,0,0,0
4728,0,303.4,311.7,1406,47.1,213,0,0,0,0,0,0
4729,0,303.4,311.8,1306,61.0,215,1,0,1,0,1,0
4730,0,303.3,311.7,1508,35.5,217,0,0,0,0,0,0
4731,0,303.3,311.6,1301,45.1,219,1,0,1,0,0,0
4732,0,303.3,311.7,1539,38.5,221,0,0,0,0,0,0
4733,0,303.3,311.6,1484,44.6,223,0,0,0,0,0,0
4734,0,303.2,311.5,1507,39.2,225,0,0,0,0,0,0
4735,0,303.2,311.5,1544,42.5,227,0,0,0,0,0,0
4736,0,303.2,311.5,1513,37.9,0,0,0,0,0,0,0
4737,1,303.2,311.5,1336,58.2,2,1,0,1,0,0,0
4739,0,303.2,311.4,1351,53.8,8,1,0,1,0,0,0
4740,0,303.3,311.5,1601,35.2,10,0,0,0,0,0,0
4741,0,303.2,311.3,1393,52.9,12,0,0,0,0,0,0
4742,0,303.3,311.3,1592,33.7,14,0,0,0,0,0,0
4743,0,303.3,311.3,1409,51.8,16,0,0,0,0,0,0
4744,0,303.3,311.3,1393,47.4,18,0,0,0,0,0,0
4745,2,303.2,311.2,1475,43.1,20,0,0,0,0,0,0
4746,0,303.2,311.2,1427,45.6,25,0,0,0,0,0,0
4747,0,303.3,311.2,1763,27.3,27,0,0,0,0,0,0
4748,0,303.2,311.2,1363,46.7,29,1,0,1,0,0,0
4749,0,303.2,311.2,1404,50.9,31,0,0,0,0,0,0
4750,1,303.2,311.2,1688,31.9,33,0,0,0,0,0,0
4751,0,303.3,311.4,1510,37.3,36,0,0,0,0,0,0
4752,2,303.3,311.3,1502,39.5,38,0,0,0,0,0,0
4753,2,303.2,311.4,1607,36.6,43,0,0,0,0,0,0
4754,1,303.3,311.5,1384,54.8,48,0,0,0,0,0,0
4755,0,303.4,311.7,1295,51.3,51,1,0,1,0,0,0
4757,0,303.4,311.6,1497,42.8,58,0,0,0,0,0,0
4758,0,303.5,311.6,1465,48.7,60,0,0,0,0,0,0
4759,0,303.5,311.6,1361,46.5,62,1,0,1,0,0,0
4760,0,303.6,311.7,1546,38.5,64,0,0,0,0,0,0
4761,2,303.7,311.9,1332,52.7,66,1,0,1,0,0,0
4763,0,303.7,312.1,1443,45.9,74,0,0,0,0,0,0
4764,1,303.7,312.0,1402,48.6,76,0,0,0,0,0,0
4765,0,303.7,312.0,1892,22.5,79,0,0,0,0,0,0
4766,1,303.6,312.0,1645,35.7,81,0,0,0,0,0,0
4767,0,303.6,311.9,1473,50.1,84,0,0,0,0,0,0
4768,0,303.6,312.0,1309,52.9,86,1,0,1,0,0,0
4769,2,303.6,311.9,1544,37.1,88,0,0,0,0,0,0
4770,0,303.5,311.9,1344,49.3,93,1,0,1,0,0,0
4771,1,303.6,311.9,1617,36.0,95,0,0,0,0,0,0
4772,1,303.6,312.0,1435,37.9,98,0,0,0,0,0,0
4773,0,303.6,312.0,1391,50.3,101,0,0,0,0,0,0
4774,0,303.6,312.0,1827,23.3,103,0,0,0,0,0,0
4775,0,303.5,312.0,1761,25.8,105,0,0,0,0,0,0
4776,0,303.5,312.1,1522,36.4,107,0,0,0,0,0,0
4777,1,303.5,312.2,1818,23.6,109,0,0,0,0,0,0
4778,2,303.6,312.2,1371,54.6,112,1,0,1,0,0,0
4779,0,303.7,312.3,1511,38.9,117,0,0,0,0,0,0
4780,0,303.7,312.4,1404,46.6,119,0,0,0,0,0,0
4781,0,303.7,312.3,1384,45.9,121,0,0,0,0,0,0
4782,0,303.8,312.5,1368,52.6,123,0,0,0,0,0,0
4783,0,303.7,312.5,1641,36.0,125,0,0,0,0,0,0
4784,0,303.9,312.6,1642,32.3,127,0,0,0,0,0,0
4785,2,303.9,312.7,1401,50.0,129,0,0,0,0,0,0
4786,0,303.8,312.6,1577,41.3,134,0,0,0,0,0,0
4787,0,303.7,312.6,1396,44.1,136,0,0,0,0,0,0
4788,2,303.7,312.6,1514,35.5,138,0,0,0,0,0,0
4789,0,303.8,312.8,1646,35.8,143,0,0,0,0,0,0
4790,0,303.8,312.8,1443,40.7,145,0,0,0,0,0,0
4791,1,303.7,312.7,1469,48.5,147,0,0,0,0,0,0
4792,2,303.7,312.7,1564,40.2,150,0,0,0,0,0,0
4793,2,303.6,312.6,1498,40.2,155,0,0,0,0,0,0
4794,0,303.6,312.6,1699,27.9,160,0,0,0,0,0,0
4795,0,303.6,312.5,1431,49.0,162,0,0,0,0,0,0
4796,0,303.5,312.4,1390,47.3,164,0,0,0,0,0,0
4797,0,303.5,312.5,1380,46.1,166,0,0,0,0,0,0
4798,0,303.5,312.5,1457,46.4,168,0,0,0,0,0,0
4799,0,303.5,312.5,1418,42.2,170,0,0,0,0,0,0
4800,1,303.5,312.5,1353,51.0,172,0,0,0,0,0,0
4801,0,303.5,312.4,1574,32.7,175,0,0,0,0,0,0
4802,1,303.5,312.4,1318,54.2,177,0,0,0,0,0,0
4803,0,303.6,312.5,1710,31.4,180,0,0,0,0,0,0
4804,0,303.7,312.6,1621,38.8,182,0,0,0,0,0,0
4805,0,303.6,312.6,1606,33.6,184,0,0,0,0,0,0
4806,2,303.6,312.5,1375,54.0,186,0,0,0,0,0,0
4807,0,303.5,312.4,1503,36.5,191,0,0,0,0,0,0
4808,0,303.5,312.3,1404,48.6,193,0,0,0,0,0,0
4809,0,303.4,312.2,1656,32.7,195,0,0,0,0,0,0
4810,1,303.4,312.1,1499,39.4,197,0,0,0,0,0,0
4811,1,303.4,312.0,1748,28.4,200,0,0,0,0,0,0
4812,0,303.4,311.9,1531,37.9,203,0,0,0,0,0,0
4813,1,303.3,311.8,1536,40.6,205,0,0,0,0,0,0
4814,0,303.4,311.8,1401,53.0,208,1,0,0,0,1,0
4815,2,303.4,311.9,1534,33.2,210,0,0,0,0,0,0
4816,0,303.4,312.0,1521,35.9,215,1,1,0,0,0,0
4817,0,303.5,312.1,1674,30.8,0,0,0,0,0,0,0
4819,0,303.6,312.2,1696,30.7,5,0,0,0,0,0,0
4820,1,303.6,312.1,1627,32.5,7,0,0,0,0,0,0
4821,0,303.5,311.9,1405,45.6,10,0,0,0,0,0,0
4822,0,303.5,311.9,1565,38.9,12,0,0,0,0,0,0
4823,0,303.5,311.9,1493,38.7,14,0,0,0,0,0,0
4824,0,303.4,311.8,1499,45.0,16,0,0,0,0,0,0
4825,0,303.3,311.8,1692,30.6,18,0,0,0,0,0,0
4827,0,303.4,311.8,1438,58.9,22,0,0,0,0,0,0
4828,0,303.5,311.9,1515,39.2,24,0,0,0,0,0,0
4829,0,303.4,311.9,1491,38.2,26,0,0,0,0,0,0
4830,0,303.5,312.0,1756,29.7,28,0,0,0,0,0,0
4831,0,303.5,312.0,1366,54.5,30,1,0,1,0,0,0
4832,0,303.5,312.0,1436,45.1,32,0,0,0,0,0,0
4833,0,303.4,311.9,1377,41.6,34,1,0,1,0,0,0
4834,1,303.4,311.9,1510,42.2,36,0,0,0,0,0,0
4835,1,303.4,311.9,1419,50.9,39,0,0,0,0,0,0
4836,0,303.3,311.8,1315,62.0,42,1,0,1,0,0,0
4837,2,303.3,311.8,1806,27.7,44,0,0,0,0,0,0
4838,2,303.3,311.8,1649,29.4,49,0,0,0,0,0,0
4839,2,303.4,311.9,1402,50.0,54,0,0,0,0,0,0
4840,0,303.4,311.9,1298,63.9,59,1,0,1,0,0,0
4841,1,303.3,311.8,1441,44.9,61,0,0,0,0,0,0
4842,1,303.3,311.8,1489,49.4,64,0,0,0,0,0,0
4843,0,303.3,311.8,1842,24.5,67,0,0,0,0,0,0
4844,1,303.4,311.8,1316,50.9,69,1,0,1,0,0,0
4845,1,303.3,311.8,1583,33.3,72,0,0,0,0,0,0
4846,1,303.3,311.8,1548,33.5,75,0,0,0,0,0,0
4847,0,303.4,311.9,1434,44.6,78,0,0,0,0,0,0
4848,2,303.5,312.0,1397,52.9,80,0,0,0,0,0,0
4849,1,303.5,312.0,1475,42.9,85,0,0,0,0,0,0
4850,0,303.5,312.0,1441,56.8,88,0,0,0,0,0,0
4851,0,303.7,312.1,1363,51.8,90,1,0,1,0,0,0
4852,0,303.7,312.2,1619,34.9,92,0,0,0,0,0,0
4853,0,303.7,312.2,1487,34.0,94,0,0,0,0,0,0
4854,0,303.7,312.2,1568,33.8,96,0,0,0,0,0,0
4855,0,303.7,312.3,1375,46.2,98,0,0,0,0,0,0
4856,1,303.6,312.3,1698,31.3,100,0,0,0,0,0,0
4857,0,303.7,312.3,1606,37.4,103,0,0,0,0,0,0
4858,0,303.7,312.3,1349,51.0,105,0,0,0,0,0,0
4859,0,303.7,312.4,1535,38.6,107,0,0,0,0,0,0
4860,1,303.6,312.4,1504,49.5,109,0,0,0,0,0,0
4862,0,303.5,312.1,1326,55.7,114,0,0,0,0,0,0
4864,0,303.6,312.3,1451,43.4,119,0,0,0,0,0,0
4865,1,303.5,312.3,1624,34.8,121,0,0,0,0,0,0
4866,0,303.6,312.4,1781,28.7,124,0,0,0,0,0,0
4867,0,303.6,312.5,1345,54.1,126,0,0,0,0,0,0
4868,0,303.6,312.4,1418,46.0,128,0,0,0,0,0,0
4869,0,303.7,312.4,1718,26.5,130,0,0,0,0,0,0
4870,1,303.7,312.4,1631,28.5,132,0,0,0,0,0,0
4871,0,303.7,312.4,1513,40.1,135,0,0,0,0,0,0
4872,0,303.7,312.4,1316,59.3,137,0,0,0,0,0,0
4873,1,303.7,312.4,1474,38.8,139,0,0,0,0,0,0
4874,0,303.8,312.5,1619,30.9,142,0,0,0,0,0,0
4875,0,303.7,312.4,1702,31.2,144,0,0,0,0,0,0
4876,1,303.7,312.4,1540,37.4,146,0,0,0,0,0,0
4877,1,303.7,312.4,1546,33.7,149,0,0,0,0,0,0
4878,0,303.7,312.4,1348,51.0,152,0,0,0,0,0,0
4879,2,303.7,312.5,1520,35.6,154,0,0,0,0,0,0
4880,1,303.8,312.6,1527,41.9,159,0,0,0,0,0,0
4881,1,303.8,312.6,1406,47.1,162,0,0,0,0,0,0
4882,0,303.7,312.5,1462,46.2,165,0,0,0,0,0,0
4883,1,303.8,312.6,1684,29.3,167,0,0,0,0,0,0
4884,2,303.8,312.5,1655,28.0,170,0,0,0,0,0,0
4885,2,303.8,312.5,1748,25.1,175,0,0,0,0,0,0
4886,0,303.8,312.5,1372,45.7,180,0,0,0,0,0,0
4887,0,303.7,312.5,1481,33.3,182,0,0,0,0,0,0
4888,0,303.7,312.4,1512,39.2,184,0,0,0,0,0,0
4889,0,303.7,312.5,1632,36.6,186,0,0,0,0,0,0
4890,0,303.7,312.4,1525,43.9,188,0,0,0,0,0,0
4891,1,303.7,312.3,1756,26.4,190,0,0,0,0,0,0
4893,1,303.8,312.5,1448,44.3,195,0,0,0,0,0,0
4894,2,303.8,312.5,1447,46.6,198,0,0,0,0,0,0
4895,1,303.8,312.4,1597,33.4,203,0,0,0,0,0,0
4896,1,303.7,312.4,1642,32.3,206,0,0,0,0,0,0
4897,2,303.8,312.5,1525,38.0,209,0,0,0,0,0,0
4898,2,303.6,312.4,1460,53.7,214,0,0,0,0,0,0
4900,0,303.6,312.4,1388,41.9,221,0,0,0,0,0,0
4901,1,303.6,312.3,1630,32.4,223,0,0,0,0,0,0
4902,0,303.6,312.3,1616,29.3,226,0,0,0,0,0,0
4904,2,303.6,312.4,1480,50.7,2,0,0,0,0,0,0
4905,0,303.6,312.4,1363,53.1,7,0,0,0,0,0,0
4906,2,303.6,312.4,1436,45.6,9,0,0,0,0,0,0
4907,1,303.6,312.5,1607,33.7,14,0,0,0,0,0,0
4908,1,303.6,312.5,1459,48.2,17,0,0,0,0,0,0
4909,0,303.5,312.4,1481,43.7,20,0,0,0,0,0,0
4910,1,303.5,312.4,1606,31.7,22,0,0,0,0,0,0
4911,0,303.5,312.3,1681,29.8,25,0,0,0,0,0,0
4912,0,303.5,312.2,1511,37.1,27,0,0,0,0,0,0
4913,1,303.5,312.3,1593,35.2,29,0,0,0,0,0,0
4914,1,303.5,312.3,1532,41.7,32,0,0,0,0,0,0
4915,2,303.5,312.3,1386,49.0,35,0,0,0,0,0,0
4916,2,303.4,312.3,1769,27.9,40,0,0,0,0,0,0
4917,1,303.4,312.2,1561,38.2,45,0,0,0,0,0,0
4918,0,303.3,312.2,1457,40.7,48,0,0,0,0,0,0
4919,0,303.3,312.2,1506,40.0,50,0,0,0,0,0,0
4921,0,303.4,312.3,1287,54.8,54,0,0,0,0,0,0
4922,1,303.4,312.2,1615,35.7,56,0,0,0,0,0,0
4924,2,303.4,312.3,1522,42.1,62,0,0,0,0,0,0
4925,0,303.4,312.3,1680,30.6,67,0,0,0,0,0,0
4926,0,303.4,312.3,1502,36.0,69,0,0,0,0,0,0
4927,1,303.5,312.3,1543,33.3,71,0,0,0,0,0,0
4928,0,303.5,312.3,1584,35.2,74,0,0,0,0,0,0
4929,0,303.5,312.4,1340,44.5,76,0,0,0,0,0,0
4930,0,303.4,312.3,1663,33.9,78,0,0,0,0,0,0
4931,1,303.3,312.1,1693,30.0,80,0,0,0,0,0,0
4932,0,303.3,312.1,1418,44.7,83,0,0,0,0,0,0
4933,2,303.4,312.2,1554,36.8,85,0,0,0,0,0,0
4934,0,303.4,312.2,1580,35.8,90,0,0,0,0,0,0
4935,0,303.4,312.3,1479,42.8,92,0,0,0,0,0,0
4937,0,303.4,312.3,1540,38.7,96,0,0,0,0,0,0
4938,1,303.5,312.4,1606,30.1,98,0,0,0,0,0,0
4939,0,303.6,312.5,1286,62.4,101,0,0,0,0,0,0
4940,0,303.6,312.6,1502,39.5,103,0,0,0,0,0,0
4941,1,303.6,312.7,1699,31.5,105,0,0,0,0,0,0
4942,0,303.5,312.6,1602,34.2,108,0,0,0,0,0,0
4943,2,303.6,312.6,1436,42.0,110,0,0,0,0,0,0
4944,1,303.6,312.7,1765,27.5,115,0,0,0,0,0,0
4945,0,303.6,312.7,1418,44.1,118,0,0,0,0,0,0
4946,1,303.7,312.7,1669,31.7,120,0,0,0,0,0,0
4947,0,303.7,312.7,1395,53.9,123,0,0,0,0,0,0
4948,1,303.8,312.7,1500,41.7,125,0,0,0,0,0,0
4949,1,303.8,312.7,1555,33.4,128,0,0,0,0,0,0
4951,0,303.8,312.7,1596,36.6,134,0,0,0,0,0,0
4952,1,303.8,312.7,1374,53.6,136,0,0,0,0,0,0
4953,0,303.7,312.5,1670,26.1,139,0,0,0,0,0,0
4954,0,303.7,312.6,1702,29.1,141,0,0,0,0,0,0
4955,1,303.8,312.5,1366,45.1,143,0,0,0,0,0,0
4957,1,303.8,312.6,1768,23.9,149,0,0,0,0,0,0
4958,0,303.8,312.5,1523,47.0,152,0,0,0,0,0,0
4959,0,303.8,312.6,1735,25.9,154,0,0,0,0,0,0
4960,0,303.9,312.7,1339,62.3,156,0,0,0,0,0,0
4961,0,303.9,312.7,1800,24.3,158,0,0,0,0,0,0
4962,1,304.0,312.7,1456,51.2,160,0,0,0,0,0,0
4963,0,303.9,312.7,1789,24.4,163,0,0,0,0,0,0
4964,0,303.9,312.7,1602,33.9,165,0,0,0,0,0,0
4965,1,303.8,312.7,1364,49.3,167,0,0,0,0,0,0
4966,0,303.8,312.6,1793,28.1,170,0,0,0,0,0,0
4967,0,303.9,312.6,1426,53.4,172,0,0,0,0,0,0
4968,1,303.9,312.7,1485,43.3,174,0,0,0,0,0,0
4969,0,303.9,312.7,1528,38.4,177,0,0,0,0,0,0
4970,0,303.8,312.6,1565,36.0,179,0,0,0,0,0,0
4971,0,303.8,312.7,1838,27.8,181,0,0,0,0,0,0
4972,2,303.8,312.6,1811,24.9,183,0,0,0,0,0,0
4973,0,303.8,312.7,1461,38.2,188,0,0,0,0,0,0
4974,0,303.8,312.7,1414,41.7,190,0,0,0,0,0,0
4975,0,303.7,312.7,1426,45.5,192,0,0,0,0,0,0
4976,0,303.7,312.7,1359,56.8,194,1,0,0,0,1,0
4977,0,303.7,312.7,1540,44.8,196,0,0,0,0,0,0
4978,0,303.6,312.7,1429,47.7,198,0,0,0,0,0,0
4979,1,303.7,312.7,1612,36.3,200,0,0,0,0,0,0
4980,1,303.7,312.8,1685,31.8,203,0,0,0,0,0,0
4981,1,303.7,312.8,1558,37.7,206,0,0,0,0,0,0
4982,0,303.7,313.0,1811,24.3,209,0,0,0,0,0,0
4983,0,303.8,313.1,1869,25.8,211,0,0,0,0,0,0
4984,0,303.8,313.1,1256,58.7,213,1,0,0,0,1,0
4985,1,303.8,313.0,1789,23.5,215,0,0,0,0,0,0
4986,0,303.7,312.9,1502,40.5,0,0,0,0,0,0,0
4987,1,303.7,313.0,1303,54.4,2,0,0,0,0,0,0
4989,0,303.9,313.2,1499,37.4,7,0,0,0,0,0,0
4990,0,303.9,313.2,1393,46.5,9,0,0,0,0,0,0
4991,1,303.9,313.0,1475,41.0,11,0,0,0,0,0,0
4992,0,303.8,312.9,1573,34.6,14,0,0,0,0,0,0
4993,0,303.8,312.9,1819,23.7,16,0,0,0,0,0,0
4994,1,303.5,312.6,1642,29.4,18,0,0,0,0,0,0
4995,0,303.6,312.6,1540,39.8,21,0,0,0,0,0,0
4996,1,303.6,312.8,1400,43.2,23,0,0,0,0,0,0
4998,1,303.6,312.8,1825,25.2,29,0,0,0,0,0,0
4999,1,303.7,312.9,1532,41.3,32,0,0,0,0,0,0
5000,0,303.7,312.8,1832,23.6,35,0,0,0,0,0,0
5002,0,303.7,312.8,1627,31.7,40,0,0,0,0,0,0
5003,0,303.7,312.8,1437,51.3,42,0,0,0,0,0,0
5004,0,303.7,312.8,1364,46.3,44,0,0,0,0,0,0
5005,1,303.7,312.9,1444,52.7,46,0,0,0,0,0,0
5006,1,303.7,312.8,1366,47.3,49,0,0,0,0,0,0
5007,0,303.8,312.9,1442,48.3,52,0,0,0,0,0,0
5008,2,303.7,312.8,1488,42.8,54,0,0,0,0,0,0
5009,0,303.7,312.8,1523,40.7,59,0,0,0,0,0,0
5010,0,303.7,312.8,1543,38.3,61,0,0,0,0,0,0
5011,1,303.7,312.8,1634,33.8,63,0,0,0,0,0,0
5012,1,303.8,312.9,1815,27.8,66,0,0,0,0,0,0
5013,1,303.8,312.9,1594,35.2,69,0,0,0,0,0,0
5014,0,303.8,313.0,1452,38.6,72,0,0,0,0,0,0
5015,0,303.9,313.0,1759,28.4,74,0,0,0,0,0,0
5016,0,303.9,313.0,1408,47.5,76,0,0,0,0,0,0
5017,0,303.9,313.0,1483,45.0,78,0,0,0,0,0,0
5018,1,303.9,313.0,1620,36.6,80,0,0,0,0,0,0
5019,1,304.0,313.1,1466,39.5,83,0,0,0,0,0,0
5020,0,304.1,313.1,1556,36.3,86,0,0,0,0,0,0
5021,0,304.0,313.0,1350,61.1,88,0,0,0,0,0,0
5022,0,304.0,313.1,1404,47.1,90,0,0,0,0,0,0
5023,1,304.0,313.0,1575,34.5,92,0,0,0,0,0,0
5024,0,303.9,313.1,1639,29.0,95,0,0,0,0,0,0
5025,1,303.9,313.1,1473,42.8,97,0,0,0,0,0,0
5026,0,303.9,313.2,1481,40.0,100,0,0,0,0,0,0
5027,0,304.0,313.3,1294,54.6,102,0,0,0,0,0,0
5028,1,303.9,313.2,1630,29.3,104,0,0,0,0,0,0
5029,1,303.9,313.2,1624,39.8,107,0,0,0,0,0,0
5030,1,303.9,313.1,1437,48.3,110,0,0,0,0,0,0
5031,1,303.8,313.0,1514,45.0,113,0,0,0,0,0,0
5032,1,304.0,313.1,1694,31.4,116,0,0,0,0,0,0
5033,0,304.0,313.1,1564,50.9,119,0,0,0,0,0,0
5034,1,303.9,313.1,1514,41.1,121,0,0,0,0,0,0
5035,1,304.0,313.2,1500,40.6,124,0,0,0,0,0,0
5036,0,304.0,313.2,1615,37.8,127,0,0,0,0,0,0
5037,1,304.1,313.2,1586,41.1,129,0,0,0,0,0,0
5038,0,304.1,313.3,1732,28.5,132,0,0,0,0,0,0
5039,2,304.1,313.3,1689,32.5,134,0,0,0,0,0,0
5040,2,304.1,313.2,1586,34.6,139,0,0,0,0,0,0
5041,0,304.0,313.2,1314,47.1,144,0,0,0,0,0,0
5042,0,304.1,313.2,1569,35.8,146,0,0,0,0,0,0
5043,0,304.1,313.2,1468,39.4,148,0,0,0,0,0,0
5044,0,304.1,313.2,1412,47.5,150,0,0,0,0,0,0
5045,1,304.1,313.2,1510,46.9,152,0,0,0,0,0,0
5046,1,304.1,313.2,1410,42.4,155,0,0,0,0,0,0
5047,1,304.1,313.3,1680,29.3,158,0,0,0,0,0,0
5049,2,304.0,313.1,1472,45.5,166,0,0,0,0,0,0
5050,2,304.0,313.0,1701,30.4,171,0,0,0,0,0,0
5051,0,303.9,313.0,1480,39.9,176,0,0,0,0,0,0
5052,0,303.9,313.0,1433,48.4,178,0,0,0,0,0,0
5053,0,303.8,312.9,1514,34.3,180,0,0,0,0,0,0
5054,0,303.8,312.9,1619,35.7,182,0,0,0,0,0,0
5055,2,303.8,312.9,1378,45.6,184,0,0,0,0,0,0
5056,1,303.9,312.9,1430,53.5,189,0,0,0,0,0,0
5057,0,303.8,312.9,1367,49.9,192,0,0,0,0,0,0
5058,0,303.9,312.9,1526,42.5,194,0,0,0,0,0,0
5059,0,303.9,312.8,1419,47.9,196,0,0,0,0,0,0
5060,0,304.0,312.8,1542,42.7,198,0,0,0,0,0,0
5061,0,304.0,312.9,1363,62.5,200,1,0,0,0,1,0
5062,0,304.0,312.9,1313,53.9,202,0,0,0,0,0,0
5063,2,304.0,312.9,1495,46.6,0,0,0,0,0,0,0
5064,0,304.0,313.0,1407,42.1,5,0,0,0,0,0,0
5065,0,304.1,313.0,1566,37.2,7,0,0,0,0,0,0
5066,0,304.1,313.1,1550,30.9,9,0,0,0,0,0,0
5067,1,304.2,313.2,1396,50.5,11,0,0,0,0,0,0
5068,1,304.3,313.3,1540,39.0,14,0,0,0,0,0,0
5069,1,304.2,313.2,1380,48.7,17,0,0,0,0,0,0
5070,1,304.2,313.1,1608,31.1,20,0,0,0,0,0,0
5071,2,304.2,313.0,1442,40.9,23,0,0,0,0,0,0
5072,0,304.1,313.0,1408,45.3,28,0,0,0,0,0,0
5073,1,304.0,313.0,1454,46.8,30,0,0,0,0,0,0
5074,0,304.1,313.1,1666,34.6,33,0,0,0,0,0,0
5075,0,304.1,313.2,1366,46.6,35,0,0,0,0,0,0
5076,0,304.2,313.2,1464,44.9,37,0,0,0,0,0,0
5077,0,304.3,313.3,1775,24.9,39,0,0,0,0,0,0
5078,1,304.3,313.4,1482,43.8,41,0,0,0,0,0,0
5079,1,304.2,313.4,1411,54.8,44,0,0,0,0,0,0
5080,0,304.2,313.3,1410,51.6,47,0,0,0,0,0,0
5081,1,304.1,313.3,1494,39.0,49,0,0,0,0,0,0
5082,2,304.1,313.2,1590,43.4,52,0,0,0,0,0,0
5083,0,304.1,313.1,1327,54.1,57,0,0,0,0,0,0
5085,1,304.0,313.0,1377,56.0,61,0,0,0,0,0,0
5086,0,304.0,313.0,1541,45.9,64,0,0,0,0,0,0
5087,1,304.0,313.0,1685,28.2,66,0,0,0,0,0,0
5088,0,304.0,313.1,1465,41.0,69,0,0,0,0,0,0
5089,1,303.9,313.1,1483,47.2,71,0,0,0,0,0,0
5090,1,303.9,313.2,1570,40.7,74,0,0,0,0,0,0
5091,0,303.9,313.2,1345,48.2,77,0,0,0,0,0,0
5092,1,303.9,313.2,1608,40.6,79,0,0,0,0,0,0
5093,1,304.0,313.3,1415,52.8,82,0,0,0,0,0,0
5094,1,304.1,313.5,1470,45.8,85,0,0,0,0,0,0
5095,1,304.1,313.5,1428,39.9,88,0,0,0,0,0,0
5096,2,304.2,313.5,1627,32.2,91,0,0,0,0,0,0
5097,0,304.2,313.4,1457,49.4,96,0,0,0,0,0,0
5098,0,304.2,313.4,1475,40.2,98,0,0,0,0,0,0
5099,0,304.2,313.5,1438,50.1,100,0,0,0,0,0,0
5100,1,304.2,313.5,1437,47.2,102,0,0,0,0,0,0
5101,1,304.1,313.4,1518,42.4,105,0,0,0,0,0,0
5102,1,304.1,313.5,1587,33.6,108,0,0,0,0,0,0
5103,0,304.1,313.4,1399,43.7,111,0,0,0,0,0,0
5104,0,304.1,313.5,1469,44.6,113,0,0,0,0,0,0
5105,0,304.1,313.4,1374,56.6,115,0,0,0,0,0,0
5106,0,304.0,313.3,1519,36.7,117,0,0,0,0,0,0
5107,0,303.9,313.2,1540,44.4,119,0,0,0,0,0,0
5108,0,303.9,313.3,1394,51.6,121,0,0,0,0,0,0
5109,1,304.0,313.4,1389,45.8,123,0,0,0,0,0,0
5110,1,304.0,313.5,1732,26.2,126,0,0,0,0,0,0
5111,0,304.1,313.6,1556,37.4,129,0,0,0,0,0,0
5112,1,304.1,313.6,1441,43.7,131,0,0,0,0,0,0
5113,0,304.1,313.6,1382,46.7,134,0,0,0,0,0,0
5114,1,304.2,313.8,1481,44.9,136,0,0,0,0,0,0
5116,0,304.2,313.8,1401,53.9,142,0,0,0,0,0,0
5117,0,304.1,313.6,1611,31.4,144,0,0,0,0,0,0
5118,1,304.2,313.6,1512,33.4,146,0,0,0,0,0,0
5119,0,304.2,313.6,1411,46.0,149,0,0,0,0,0,0
5120,1,304.2,313.6,1424,43.7,151,0,0,0,0,0,0
5121,0,304.2,313.6,1469,40.0,154,0,0,0,0,0,0
5122,2,304.2,313.5,1684,29.8,156,0,0,0,0,0,0
5123,1,304.2,313.5,1532,41.3,161,0,0,0,0,0,0
5124,1,304.2,313.5,1557,37.3,164,0,0,0,0,0,0
5125,1,304.3,313.5,1416,48.1,167,0,0,0,0,0,0
5126,0,304.3,313.5,1802,25.4,170,0,0,0,0,0,0
5128,0,304.2,313.4,1434,42.5,175,0,0,0,0,0,0
5129,1,304.1,313.3,1725,28.3,177,0,0,0,0,0,0
5130,0,304.2,313.3,1668,35.7,180,0,0,0,0,0,0
5131,0,304.1,313.3,1452,43.9,182,0,0,0,0,0,0
5132,0,304.1,313.3,1415,50.0,184,0,0,0,0,0,0
5133,0,304.1,313.2,1824,25.8,186,0,0,0,0,0,0
5134,0,304.1,313.3,1438,45.5,188,0,0,0,0,0,0
5135,0,304.1,313.3,1883,24.5,190,0,0,0,0,0,0
5136,0,304.2,313.4,1735,28.9,192,0,0,0,0,0,0
5137,0,304.3,313.5,1464,36.7,194,0,0,0,0,0,0
5138,1,304.3,313.6,1489,40.3,196,0,0,0,0,0,0
5139,1,304.4,313.6,1510,38.9,199,0,0,0,0,0,0
5140,1,304.3,313.6,1585,32.1,202,0,0,0,0,0,0
5141,0,304.4,313.7,1509,35.0,205,1,1,0,0,0,0
5142,0,304.4,313.6,1568,39.1,0,0,0,0,0,0,0
5143,1,304.3,313.5,1525,42.0,2,0,0,0,0,0,0
5144,0,304.4,313.7,1607,33.5,5,0,0,0,0,0,0
5145,0,304.5,313.7,1670,32.9,7,0,0,0,0,0,0
5146,0,304.4,313.6,1585,38.9,9,0,0,0,0,0,0
5147,0,304.4,313.6,1569,38.4,11,0,0,0,0,0,0
5148,0,304.4,313.6,1507,43.1,13,0,0,0,0,0,0
5149,0,304.3,313.5,1452,41.5,15,0,0,0,0,0,0
5150,0,304.3,313.5,1590,29.8,17,0,0,0,0,0,0
5151,0,304.3,313.6,1409,56.0,19,0,0,0,0,0,0
5153,0,304.2,313.4,1644,31.7,23,0,0,0,0,0,0
5154,0,304.2,313.4,1568,37.6,25,0,0,0,0,0,0
5155,2,304.2,313.3,1625,37.3,27,0,0,0,0,0,0
5156,0,304.2,313.4,1482,41.4,32,0,0,0,0,0,0
5157,2,304.1,313.3,1397,49.6,34,0,0,0,0,0,0
5158,0,304.1,313.3,1459,50.3,39,0,0,0,0,0,0
5159,0,304.2,313.4,1490,44.0,41,0,0,0,0,0,0
5160,0,304.1,313.2,1434,50.1,43,0,0,0,0,0,0
5162,0,304.2,313.3,1464,45.9,48,0,0,0,0,0,0
5163,1,304.2,313.4,1713,23.5,50,0,0,0,0,0,0
5164,1,304.3,313.4,1624,32.1,53,0,0,0,0,0,0
5165,0,304.2,313.4,1421,43.4,56,0,0,0,0,0,0
5166,2,304.2,313.5,1546,41.4,58,0,0,0,0,0,0
5167,0,304.2,313.4,1639,32.7,63,0,0,0,0,0,0
5168,2,304.1,313.4,1696,29.6,65,0,0,0,0,0,0
5169,0,304.1,313.3,1470,39.9,70,0,0,0,0,0,0
5170,1,304.1,313.3,1480,38.4,72,0,0,0,0,0,0
5171,1,304.2,313.4,1329,54.5,75,0,0,0,0,0,0
5172,0,304.2,313.4,1740,28.2,78,0,0,0,0,0,0
5173,1,304.2,313.5,1739,28.1,80,0,0,0,0,0,0
5174,1,304.2,313.5,1390,47.8,83,0,0,0,0,0,0
5175,0,304.2,313.4,1740,23.7,86,0,0,0,0,0,0
5176,1,304.0,313.3,1844,27.1,88,0,0,0,0,0,0
5177,2,304.0,313.1,1388,53.2,91,0,0,0,0,0,0
5178,2,304.0,313.2,1517,43.1,96,0,0,0,0,0,0
5179,1,304.0,313.1,1450,42.8,101,0,0,0,0,0,0
5180,0,304.0,313.2,1584,38.7,104,0,0,0,0,0,0
5181,0,304.0,313.1,1720,28.7,106,0,0,0,0,0,0
5182,0,303.9,313.1,1586,31.9,108,0,0,0,0,0,0
5184,0,304.0,313.0,1397,42.4,113,0,0,0,0,0,0
5187,0,304.0,313.1,1648,35.7,119,0,0,0,0,0,0
5188,0,304.0,313.2,1632,30.6,121,0,0,0,0,0,0
5189,1,304.1,313.2,1427,46.9,123,0,0,0,0,0,0
5190,0,304.1,313.2,1452,48.0,126,0,0,0,0,0,0
5191,0,304.0,313.2,1416,46.0,128,0,0,0,0,0,0
5192,0,303.9,313.1,1310,62.9,130,0,0,0,0,0,0
5193,2,304.0,313.1,1408,39.8,132,0,0,0,0,0,0
5194,1,303.9,313.1,1668,34.4,137,0,0,0,0,0,0
5195,0,303.9,313.0,1551,36.8,140,0,0,0,0,0,0
5196,2,303.9,313.0,1517,36.0,142,0,0,0,0,0,0
5197,2,303.8,312.9,1570,35.8,147,0,0,0,0,0,0
5198,0,303.8,312.8,1428,53.3,152,0,0,0,0,0,0
5199,0,303.8,312.8,1503,40.0,154,0,0,0,0,0,0
5200,0,303.8,312.8,1416,58.7,156,0,0,0,0,0,0
5201,1,303.7,312.7,1396,47.3,158,0,0,0,0,0,0
5202,0,303.7,312.7,1335,51.1,161,0,0,0,0,0,0
5203,1,303.7,312.6,1671,30.5,163,0,0,0,0,0,0
5205,0,303.7,312.7,1468,43.3,168,0,0,0,0,0,0
5206,2,303.7,312.6,1711,27.6,170,0,0,0,0,0,0
5207,1,303.8,312.7,1488,41.3,175,0,0,0,0,0,0
5208,0,303.8,312.7,1664,29.3,178,0,0,0,0,0,0
5209,1,303.8,312.7,1507,38.5,180,0,0,0,0,0,0
5210,0,303.7,312.6,1466,42.5,183,0,0,0,0,0,0
5211,0,303.7,312.5,1433,53.6,185,0,0,0,0,0,0
5212,0,303.7,312.5,1397,45.7,187,0,0,0,0,0,0
5213,1,303.7,312.6,1429,43.3,189,0,0,0,0,0,0
5214,0,303.7,312.7,1572,37.2,192,0,0,0,0,0,0
5215,1,303.7,312.7,1532,42.7,194,0,0,0,0,0,0
5216,1,303.7,312.7,1316,51.8,197,0,0,0,0,0,0
5217,1,303.8,312.8,1420,47.9,200,0,0,0,0,0,0
5218,0,303.8,312.9,1589,37.2,203,0,0,0,0,0,0
5219,0,303.8,313.0,1365,59.9,205,1,0,0,0,1,0
5220,0,303.8,313.0,1633,32.9,207,0,0,0,0,0,0
5221,0,303.9,313.0,1626,31.4,209,0,0,0,0,0,0
5222,0,303.9,313.1,1665,29.6,0,0,0,0,0,0,0
5223,1,303.9,313.2,1350,47.2,2,0,0,0,0,0,0
5224,0,303.9,313.2,1590,31.9,5,0,0,0,0,0,0
5225,1,304.0,313.2,1437,53.9,7,0,0,0,0,0,0
5226,0,303.9,313.0,1403,48.3,10,0,0,0,0,0,0
5227,0,303.9,313.1,1440,41.1,12,0,0,0,0,0,0
5228,1,303.9,313.1,1343,61.4,14,0,0,0,0,0,0
5229,2,303.9,313.1,1790,26.7,17,0,0,0,0,0,0
5231,0,303.8,313.1,1458,42.2,25,0,0,0,0,0,0
5232,0,303.6,312.9,1381,57.8,27,0,0,0,0,0,0
5233,0,303.6,312.9,1450,45.3,29,0,0,0,0,0,0
5234,0,303.7,312.9,1461,50.1,31,0,0,0,0,0,0
5235,1,303.7,312.9,1511,41.0,33,0,0,0,0,0,0
5236,0,303.8,313.1,1394,45.4,36,0,0,0,0,0,0
5237,0,303.8,313.0,1499,42.3,38,0,0,0,0,0,0
5238,0,303.7,313.0,1457,44.1,40,0,0,0,0,0,0
5239,0,303.7,313.0,1753,29.0,42,0,0,0,0,0,0
5240,0,303.7,313.0,1694,28.0,44,0,0,0,0,0,0
5241,0,303.7,313.1,1683,28.4,46,0,0,0,0,0,0
5242,0,303.7,313.1,1496,47.4,48,0,0,0,0,0,0
5243,0,303.7,313.1,1721,34.8,50,0,0,0,0,0,0
5244,0,303.6,313.0,1593,31.6,52,0,0,0,0,0,0
5245,0,303.6,313.0,1575,38.3,54,0,0,0,0,0,0
5246,0,303.5,313.0,1465,41.0,56,0,0,0,0,0,0
5247,0,303.6,313.1,1405,38.3,58,0,0,0,0,0,0
5249,1,303.4,312.9,1422,39.9,63,0,0,0,0,0,0
5250,0,303.5,312.9,1332,52.9,66,0,0,0,0,0,0
5251,1,303.4,312.9,1307,54.3,68,0,0,0,0,0,0
5252,0,303.5,313.0,1322,59.5,71,0,0,0,0,0,0
5253,0,303.5,313.0,1547,40.3,73,0,0,0,0,0,0
5255,1,303.5,313.0,1403,51.9,77,0,0,0,0,0,0
5256,0,303.5,313.0,1393,51.6,80,0,0,0,0,0,0
5257,0,303.5,313.0,1482,38.5,82,0,0,0,0,0,0
5258,1,303.5,312.9,1572,44.7,84,0,0,0,0,0,0
5259,0,303.5,312.9,1544,36.9,87,0,0,0,0,0,0
5260,1,303.5,313.0,1492,46.1,89,0,0,0,0,0,0
5261,0,303.4,312.8,1513,35.8,92,0,0,0,0,0,0
5262,0,303.4,312.8,1449,43.9,94,0,0,0,0,0,0
5263,0,303.5,312.8,1877,22.3,96,0,0,0,0,0,0
5264,0,303.4,312.8,1376,53.4,98,0,0,0,0,0,0
5265,1,303.5,312.9,1883,23.3,100,0,0,0,0,0,0
5266,1,303.4,312.8,1518,38.7,103,0,0,0,0,0,0
5267,1,303.5,312.9,1438,42.8,106,0,0,0,0,0,0
5268,0,303.4,312.9,1389,54.1,109,0,0,0,0,0,0
5269,0,303.5,312.9,1504,44.8,111,0,0,0,0,0,0
5270,0,303.5,312.9,1275,64.4,113,0,0,0,0,0,0
5271,0,303.6,313.0,1534,39.7,115,0,0,0,0,0,0
5272,1,303.6,313.0,1396,38.2,117,0,0,0,0,0,0
5273,0,303.6,313.1,1395,44.1,120,0,0,0,0,0,0
5274,0,303.6,313.0,1617,30.9,122,0,0,0,0,0,0
5275,0,303.7,313.1,1423,41.2,124,0,0,0,0,0,0
5276,0,303.5,313.0,1606,34.0,126,0,0,0,0,0,0
5277,0,303.5,312.9,1501,44.0,128,0,0,0,0,0,0
5278,1,303.5,312.9,1618,30.4,130,0,0,0,0,0,0
5279,0,303.6,313.0,1522,35.8,133,0,0,0,0,0,0
5280,0,303.6,312.9,1480,41.4,135,0,0,0,0,0,0
5281,1,303.7,313.0,1469,39.9,137,0,0,0,0,0,0
5282,2,303.8,313.2,1381,52.4,140,0,0,0,0,0,0
5283,0,303.8,313.2,1525,41.9,145,0,0,0,0,0,0
5284,1,303.8,313.2,1732,29.6,147,0,0,0,0,0,0
5285,0,303.8,313.1,1523,39.8,150,0,0,0,0,0,0
5286,0,303.8,313.1,1422,42.4,152,0,0,0,0,0,0
5287,2,303.8,313.2,1506,46.9,154,0,0,0,0,0,0
5288,0,303.8,313.2,1531,39.4,159,0,0,0,0,0,0
5289,1,303.9,313.3,1507,34.3,161,0,0,0,0,0,0
5290,0,303.9,313.3,1526,40.7,164,0,0,0,0,0,0
5291,0,303.8,313.3,1406,52.1,166,0,0,0,0,0,0
5292,1,303.9,313.3,1567,35.0,168,0,0,0,0,0,0
5293,1,303.9,313.4,1464,49.1,171,0,0,0,0,0,0
5294,0,303.9,313.4,1442,48.5,174,0,0,0,0,0,0
5295,0,303.8,313.2,1336,47.8,176,0,0,0,0,0,0
5296,2,303.8,313.2,1379,50.2,178,0,0,0,0,0,0
5297,0,303.7,313.1,1406,48.6,183,0,0,0,0,0,0
5299,0,303.7,313.1,1355,49.1,188,0,0,0,0,0,0
5300,1,303.8,313.2,1710,26.5,190,0,0,0,0,0,0
5301,0,303.8,313.1,1309,55.8,193,0,0,0,0,0,0
5302,0,303.9,313.1,1491,37.2,195,0,0,0,0,0,0
5303,0,303.9,313.2,1481,44.1,197,0,0,0,0,0,0
5304,0,303.9,313.1,1425,49.3,199,0,0,0,0,0,0
5305,2,303.9,313.2,1680,29.1,201,0,0,0,0,0,0
5306,2,304.0,313.2,1612,31.7,206,0,0,0,0,0,0
5307,0,304.0,313.3,1530,34.8,211,0,0,0,0,0,0
5308,0,304.0,313.2,1481,42.6,213,0,0,0,0,0,0
5309,1,303.9,313.2,1422,48.0,215,1,1,0,0,0,0
5310,0,303.8,313.0,1427,43.0,0,0,0,0,0,0,0
5311,2,303.7,312.9,1460,49.8,2,0,0,0,0,0,0
5312,0,303.6,312.9,1873,23.5,7,0,0,0,0,0,0
5313,1,303.7,312.9,1566,32.6,9,0,0,0,0,0,0
5314,0,303.6,312.8,1701,30.8,12,0,0,0,0,0,0
5315,0,303.6,312.8,1710,27.2,14,0,0,0,0,0,0
5316,1,303.6,312.8,1689,33.1,16,0,0,0,0,0,0
5317,0,303.6,312.7,1637,32.9,19,0,0,0,0,0,0
5318,0,303.5,312.6,1496,39.0,21,0,0,0,0,0,0
5319,1,303.5,312.7,1402,47.0,23,0,0,0,0,0,0
5320,0,303.4,312.7,1363,45.5,26,0,0,0,0,0,0
5321,1,303.4,312.7,1576,49.9,28,0,0,0,0,0,0
5322,1,303.4,312.7,1357,55.3,31,0,0,0,0,0,0
5323,1,303.4,312.7,1399,48.4,34,0,0,0,0,0,0
5324,1,303.4,312.8,1526,30.8,37,0,0,0,0,0,0
5325,0,303.5,312.7,1694,27.3,40,0,0,0,0,0,0
5326,1,303.5,312.7,1420,49.1,42,0,0,0,0,0,0
5328,1,303.7,312.9,1406,41.9,48,0,0,0,0,0,0
5329,0,303.7,313.0,1456,45.5,51,0,0,0,0,0,0
5330,0,303.6,312.9,1588,31.9,53,0,0,0,0,0,0
5331,0,303.7,312.8,1448,44.5,55,0,0,0,0,0,0
5332,2,303.6,312.7,1403,46.2,57,0,0,0,0,0,0
5333,1,303.5,312.6,1405,51.6,62,0,0,0,0,0,0
5335,1,303.3,312.4,1505,38.9,68,0,0,0,0,0,0
5336,0,303.2,312.4,1663,33.7,71,0,0,0,0,0,0
5337,1,303.3,312.6,1482,44.4,73,0,0,0,0,0,0
5338,1,303.3,312.5,1674,32.7,76,0,0,0,0,0,0
5339,1,303.4,312.7,1594,32.8,79,0,0,0,0,0,0
5340,0,303.5,312.7,1393,49.3,82,0,0,0,0,0,0
5341,2,303.5,312.8,1404,55.8,84,0,0,0,0,0,0
5342,1,303.5,312.8,1375,45.7,89,0,0,0,0,0,0
5343,0,303.5,312.8,1607,38.4,92,0,0,0,0,0,0
5344,0,303.4,312.8,1360,50.8,94,0,0,0,0,0,0
5345,0,303.5,312.8,1524,39.4,96,0,0,0,0,0,0
5346,0,303.4,312.7,1534,35.5,98,0,0,0,0,0,0
5347,0,303.3,312.7,1262,63.8,100,0,0,0,0,0,0
5348,0,303.3,312.6,1623,34.6,102,0,0,0,0,0,0
5349,1,303.3,312.7,1642,33.6,104,0,0,0,0,0,0
5350,1,303.4,312.8,1622,35.1,107,0,0,0,0,0,0
5351,1,303.5,312.9,1530,34.5,110,0,0,0,0,0,0
5352,1,303.4,312.8,1590,36.3,113,0,0,0,0,0,0
5353,0,303.4,312.7,1589,34.0,116,0,0,0,0,0,0
5354,0,303.4,312.6,1462,37.5,118,0,0,0,0,0,0
5355,2,303.3,312.5,1328,49.8,120,0,0,0,0,0,0
5356,2,303.3,312.6,1692,29.0,125,0,0,0,0,0,0
5358,2,303.3,312.6,1827,24.2,132,0,0,0,0,0,0
5359,1,303.3,312.6,1397,47.1,137,0,0,0,0,0,0
5360,0,303.3,312.6,1463,44.0,140,0,0,0,0,0,0
5361,0,303.3,312.7,1643,30.7,142,0,0,0,0,0,0
5362,0,303.2,312.6,1281,57.0,144,0,0,0,0,0,0
5363,0,303.2,312.5,1518,39.9,146,0,0,0,0,0,0
5364,0,303.2,312.6,1601,35.3,148,0,0,0,0,0,0
5365,0,303.1,312.6,1548,36.4,150,0,0,0,0,0,0
5366,2,303.1,312.6,1404,40.6,152,0,0,0,0,0,0
5367,1,303.1,312.5,1766,26.7,157,0,0,0,0,0,0
5368,1,303.1,312.5,1667,30.0,160,0,0,0,0,0,0
5369,2,303.0,312.5,1507,37.9,163,0,0,0,0,0,0
5370,2,303.0,312.4,1627,37.1,168,0,0,0,0,0,0
5371,0,302.9,312.3,1435,47.7,173,0,0,0,0,0,0
5372,2,302.9,312.3,1509,46.8,175,0,0,0,0,0,0
5373,1,302.9,312.3,1809,25.0,180,0,0,0,0,0,0
5374,0,302.9,312.3,1515,40.8,183,0,0,0,0,0,0
5375,0,302.9,312.3,1530,34.9,185,0,0,0,0,0,0
5376,2,302.8,312.3,1336,57.5,187,0,0,0,0,0,0
5378,0,302.9,312.4,1550,36.9,194,0,0,0,0,0,0
5379,0,302.9,312.4,1446,41.7,196,0,0,0,0,0,0
5380,0,302.8,312.3,1494,37.5,198,0,0,0,0,0,0
5381,0,302.8,312.4,1651,27.0,200,0,0,0,0,0,0
5382,0,302.9,312.4,1698,33.8,202,0,0,0,0,0,0
5383,0,302.8,312.3,1504,40.3,204,0,0,0,0,0,0
5384,1,302.9,312.4,1421,46.0,206,0,0,0,0,0,0
5385,2,302.9,312.3,1754,26.9,209,0,0,0,0,0,0
5386,0,302.9,312.2,1469,42.0,214,0,0,0,0,0,0
5387,0,302.8,312.2,1433,50.0,216,0,0,0,0,0,0
5388,1,302.8,312.3,1432,49.0,218,0,0,0,0,0,0
5389,0,302.8,312.3,1366,49.1,221,0,0,0,0,0,0
5390,2,302.8,312.3,1483,47.2,223,0,0,0,0,0,0
5391,0,302.7,312.2,1572,34.4,228,0,0,0,0,0,0
5392,0,302.8,312.2,1481,40.2,230,0,0,0,0,0,0
5393,0,302.8,312.3,1473,42.6,232,0,0,0,0,0,0
5395,0,302.8,312.4,1529,36.8,237,0,0,0,0,0,0
5396,0,302.8,312.4,1523,39.7,239,0,0,0,0,0,0
5397,1,302.8,312.3,1416,42.7,241,0,0,0,0,0,0
5399,2,302.8,312.4,1411,53.8,246,1,0,0,0,1,0
5400,0,302.7,312.4,1477,46.3,251,1,0,0,0,1,0
5401,1,302.6,312.3,1454,54.8,253,1,1,0,0,1,0
5402,0,302.7,312.3,1421,48.5,0,0,0,0,0,0,0
5403,0,302.7,312.3,1858,25.4,2,0,0,0,0,0,0
5404,2,302.8,312.5,1422,46.1,4,0,0,0,0,0,0
5405,0,302.7,312.4,1444,48.7,9,0,0,0,0,0,0
5406,0,302.7,312.4,1360,47.8,11,0,0,0,0,0,0
5408,0,302.6,312.4,1628,33.0,15,0,0,0,0,0,0
5409,0,302.7,312.4,1433,44.2,17,0,0,0,0,0,0
5410,1,302.7,312.5,1417,51.5,19,0,0,0,0,0,0
5411,0,302.8,312.6,1462,39.4,22,0,0,0,0,0,0
5412,0,302.9,312.6,1328,59.9,24,0,0,0,0,0,0
5413,2,302.7,312.5,1527,36.4,26,0,0,0,0,0,0
5414,0,302.6,312.3,1534,34.3,31,0,0,0,0,0,0
5415,1,302.6,312.4,1410,50.3,33,0,0,0,0,0,0
5416,0,302.6,312.3,1660,30.3,36,0,0,0,0,0,0
5417,0,302.6,312.4,1386,45.8,38,0,0,0,0,0,0
5418,0,302.6,312.4,1398,41.6,40,0,0,0,0,0,0
5419,0,302.6,312.3,1321,53.4,42,0,0,0,0,0,0
5420,0,302.6,312.3,1512,34.2,44,0,0,0,0,0,0
5421,1,302.6,312.3,1566,36.6,46,0,0,0,0,0,0
5422,1,302.7,312.4,1422,44.5,49,0,0,0,0,0,0
5423,0,302.6,312.3,1647,31.8,52,0,0,0,0,0,0
5424,0,302.6,312.2,1377,45.5,54,0,0,0,0,0,0
5425,0,302.5,312.2,1775,27.9,56,0,0,0,0,0,0
5426,0,302.6,312.3,1554,42.0,58,0,0,0,0,0,0
5427,0,302.7,312.4,1423,51.9,60,0,0,0,0,0,0
5428,0,302.7,312.4,1453,47.3,62,0,0,0,0,0,0
5429,0,302.8,312.4,1590,34.4,64,0,0,0,0,0,0
5430,0,302.8,312.5,1694,28.4,66,0,0,0,0,0,0
5431,0,302.8,312.5,1462,43.4,68,0,0,0,0,0,0
5432,0,302.8,312.4,1392,46.2,70,0,0,0,0,0,0
5433,0,302.9,312.5,1550,45.5,72,0,0,0,0,0,0
5434,0,302.9,312.5,1629,30.4,74,0,0,0,0,0,0
5435,1,303.0,312.5,1524,42.1,76,0,0,0,0,0,0
5436,1,302.9,312.5,1679,30.9,79,0,0,0,0,0,0
5437,1,302.9,312.6,1394,46.4,82,0,0,0,0,0,0
5438,0,302.9,312.5,1683,32.1,85,0,0,0,0,0,0
5439,0,303.0,312.5,1626,30.5,87,0,0,0,0,0,0
5440,2,303.0,312.5,1698,30.0,89,0,0,0,0,0,0
5441,1,303.0,312.6,1392,42.9,94,0,0,0,0,0,0
5442,0,303.1,312.7,1353,51.8,97,0,0,0,0,0,0
5443,1,303.0,312.7,1426,46.8,99,0,0,0,0,0,0
5445,1,303.0,312.8,1648,32.1,104,0,0,0,0,0,0
5446,0,303.1,312.9,1511,40.1,107,0,0,0,0,0,0
5447,0,303.1,312.8,1465,44.1,109,0,0,0,0,0,0
5448,0,303.0,312.7,1551,41.8,111,0,0,0,0,0,0
5450,2,303.1,312.8,1435,41.9,115,0,0,0,0,0,0
5451,0,303.0,312.7,1361,48.8,120,0,0,0,0,0,0
5452,1,303.0,312.7,1553,35.8,122,0,0,0,0,0,0
5453,0,303.0,312.6,1451,42.1,125,0,0,0,0,0,0
5454,0,303.0,312.5,1461,40.2,127,0,0,0,0,0,0
5455,1,303.1,312.6,1895,23.5,129,0,0,0,0,0,0
5456,1,303.1,312.6,1567,32.9,132,0,0,0,0,0,0
5457,1,303.0,312.5,1602,33.7,135,0,0,0,0,0,0
5458,0,303.1,312.6,1514,42.1,138,0,0,0,0,0,0
5459,0,303.1,312.5,1453,49.1,140,0,0,0,0,0,0
5460,1,303.0,312.4,1526,36.1,142,0,0,0,0,0,0
5461,1,302.9,312.3,1339,52.1,145,0,0,0,0,0,0
5462,0,302.9,312.3,1889,22.8,148,0,0,0,0,0,0
5463,0,302.9,312.4,1561,34.8,150,0,0,0,0,0,0
5464,1,302.9,312.4,1659,33.1,152,0,0,0,0,0,0
5465,0,302.9,312.4,1424,49.5,155,0,0,0,0,0,0
5466,1,302.9,312.3,1426,44.7,157,0,0,0,0,0,0
5467,0,302.9,312.4,1383,51.4,160,0,0,0,0,0,0
5468,0,302.8,312.3,1764,29.9,162,0,0,0,0,0,0
5469,1,302.7,312.2,1439,42.5,164,0,0,0,0,0,0
5470,1,302.7,312.2,1585,35.5,167,0,0,0,0,0,0
5471,0,302.7,312.3,1346,61.2,170,0,0,0,0,0,1
5472,0,302.8,312.3,1386,57.8,172,0,0,0,0,0,0
5473,0,302.7,312.2,1369,51.8,174,0,0,0,0,0,0
5474,1,302.7,312.1,1378,46.9,176,0,0,0,0,0,0
5475,0,302.7,312.2,1336,46.8,179,0,0,0,0,0,0
5476,1,302.6,312.1,1445,42.0,181,0,0,0,0,0,0
5477,0,302.7,312.1,1763,26.5,184,0,0,0,0,0,0
5478,0,302.7,312.2,1611,34.1,186,0,0,0,0,0,0
5479,1,302.7,312.1,1564,32.1,188,0,0,0,0,0,0
5480,2,302.7,312.1,1478,36.0,191,0,0,0,0,0,0
5481,0,302.6,312.0,1781,28.5,196,0,0,0,0,0,0
5482,0,302.6,312.1,1782,26.8,198,0,0,0,0,0,0
5484,1,302.5,312.0,1826,25.3,203,0,0,0,0,0,0
5485,0,302.6,312.1,1344,51.0,206,0,0,0,0,0,0
5486,0,302.6,312.2,1520,43.0,208,0,0,0,0,0,0
5487,1,302.6,312.1,1611,39.9,210,0,0,0,0,0,0
5488,0,302.7,312.2,1450,52.1,213,1,0,0,0,1,0
5489,0,302.6,312.1,1499,35.0,215,0,0,0,0,0,1
5491,1,302.7,312.2,1350,58.6,2,0,0,0,0,0,0
5492,1,302.9,312.4,1334,50.9,5,0,0,0,0,0,0
5493,0,302.8,312.4,1376,57.1,8,0,0,0,0,0,0
5494,0,302.8,312.4,1368,49.5,10,0,0,0,0,0,0
5495,2,302.9,312.5,1357,55.0,12,0,0,0,0,0,1
5497,1,302.9,312.5,1551,40.0,20,0,0,0,0,0,0
5499,2,302.9,312.3,1417,48.7,26,0,0,0,0,0,0
5500,0,302.7,312.1,1601,35.2,31,0,0,0,0,0,0
5501,0,302.7,312.1,1543,37.5,33,0,0,0,0,0,0
5502,0,302.6,312.1,1439,52.3,35,0,0,0,0,0,0
5503,2,302.6,312.0,1657,29.3,37,0,0,0,0,0,0
5504,0,302.8,312.2,1458,51.0,42,0,0,0,0,0,0
5505,0,302.8,312.2,1746,27.4,44,0,0,0,0,0,0
5506,0,302.9,312.2,1677,30.5,46,0,0,0,0,0,0
5507,0,302.8,312.1,1520,39.9,48,0,0,0,0,0,0
5508,0,302.9,312.2,1367,55.1,50,0,0,0,0,0,0
5509,0,302.8,312.2,1509,36.5,52,0,0,0,0,0,1
5510,0,302.8,312.1,1418,51.4,54,0,0,0,0,0,0
5512,0,302.8,312.2,1682,30.9,58,0,0,0,0,0,0
5513,1,302.8,312.2,1452,50.3,60,0,0,0,0,0,0
5514,0,302.7,312.0,1828,24.0,63,0,0,0,0,0,0
5515,2,302.7,312.0,1484,41.5,65,0,0,0,0,0,0
5516,0,302.6,312.0,1674,32.2,70,0,0,0,0,0,0
5517,0,302.6,311.9,1448,49.5,72,0,0,0,0,0,0
5519,0,302.5,311.9,1452,47.4,77,0,0,0,0,0,0
5520,1,302.6,312.0,1496,45.0,79,0,0,0,0,0,0
5521,0,302.6,311.9,1397,46.9,82,0,0,0,0,0,0
5522,0,302.6,311.9,1453,39.1,84,0,0,0,0,0,0
5523,1,302.5,311.9,1524,34.8,86,0,0,0,0,0,0
5524,0,302.6,311.9,1633,30.9,89,0,0,0,0,0,0
5525,1,302.6,312.0,1363,45.7,91,0,0,0,0,0,0
5526,0,302.5,311.9,1520,44.9,94,0,0,0,0,0,0
5527,1,302.5,311.9,1532,38.8,96,0,0,0,0,0,0
5528,0,302.4,311.8,1384,50.9,99,0,0,0,0,0,0
5529,1,302.4,311.8,1539,39.9,101,0,0,0,0,0,0
5530,1,302.3,311.8,1355,50.1,104,0,0,0,0,0,0
5531,1,302.3,311.7,1504,37.3,107,0,0,0,0,0,0
5532,0,302.4,311.8,1476,46.6,110,0,0,0,0,0,0
5533,0,302.4,311.7,1721,26.9,112,0,0,0,0,0,0
5534,1,302.3,311.7,1494,37.1,114,0,0,0,0,0,0
5535,0,302.3,311.7,1465,43.5,117,0,0,0,0,0,0
5536,1,302.3,311.8,1363,54.0,119,1,0,0,0,0,0
5537,0,302.4,311.8,1648,30.0,122,0,0,0,0,0,0
5538,1,302.3,311.8,1879,23.0,124,0,0,0,0,0,0
5539,2,302.3,311.7,1482,39.0,127,0,0,0,0,0,0
5540,0,302.4,311.8,1493,38.4,132,0,0,0,0,0,0
5541,0,302.4,311.8,1433,42.2,134,0,0,0,0,0,0
5542,0,302.3,311.7,1400,41.6,136,0,0,0,0,0,0
5543,0,302.4,311.8,1255,59.0,138,0,0,0,0,0,0
5544,0,302.2,311.7,1471,45.6,140,0,0,0,0,0,0
5545,2,302.2,311.6,1357,44.2,142,0,0,0,0,0,0
5546,0,302.3,311.7,1453,41.2,147,0,0,0,0,0,0
5547,1,302.3,311.7,1540,28.9,149,0,0,0,0,0,0
5548,0,302.3,311.8,1605,35.2,152,0,0,0,0,0,0
5549,2,302.3,311.9,1374,52.4,154,0,0,0,0,0,0
5550,1,302.3,311.9,1508,42.3,159,0,0,0,0,0,0
5551,2,302.4,311.9,1366,47.3,162,0,0,0,0,0,0
5552,2,302.5,312.0,1579,35.7,167,0,0,0,0,0,0
5553,0,302.5,311.9,1306,59.7,172,0,0,0,0,0,1
5554,1,302.5,312.0,1521,40.2,174,0,0,0,0,0,0
5555,0,302.5,312.0,1411,44.2,177,0,0,0,0,0,0
5556,2,302.5,312.0,1357,42.0,179,0,0,0,0,0,0
5557,1,302.5,312.0,1436,43.5,184,0,0,0,0,0,0
5558,0,302.5,311.9,1553,40.1,187,0,0,0,0,0,0
5559,1,302.5,312.0,1451,43.2,189,0,0,0,0,0,0
5560,0,302.4,311.9,1541,37.9,192,0,0,0,0,0,0
5561,1,302.3,311.7,1341,46.3,194,0,0,0,0,0,0
5562,0,302.3,311.7,1648,32.1,197,0,0,0,0,0,0
5563,1,302.3,311.7,1640,31.5,199,0,0,0,0,0,0
5564,0,302.4,311.8,1416,46.1,202,0,0,0,0,0,0
5565,0,302.4,311.9,1671,29.9,204,0,0,0,0,0,0
5566,0,302.4,312.0,1457,45.5,206,0,0,0,0,0,0
5567,1,302.5,312.0,1445,54.8,0,0,0,0,0,0,0
5568,0,302.5,312.1,1534,38.6,3,0,0,0,0,0,0
5569,0,302.4,312.0,1508,36.9,5,0,0,0,0,0,0
5570,1,302.4,312.1,1492,47.7,7,0,0,0,0,0,0
5571,0,302.4,312.0,1562,37.9,10,0,0,0,0,0,0
5572,0,302.4,312.0,1545,36.4,12,0,0,0,0,0,0
5573,0,302.5,312.2,1738,25.3,14,0,0,0,0,0,0
5574,0,302.4,312.0,1305,49.1,16,0,0,0,0,0,0
5575,2,302.4,312.0,1477,39.7,18,0,0,0,0,0,0
5576,2,302.4,312.0,1457,43.4,23,0,0,0,0,0,0
5577,0,302.4,312.1,1455,40.4,28,0,0,0,0,0,0
5578,0,302.5,312.2,1574,38.7,30,0,0,0,0,0,0
5579,0,302.6,312.2,1695,27.1,32,0,0,0,0,0,0
5580,1,302.6,312.2,1458,38.8,34,0,0,0,0,0,0
5581,1,302.5,312.1,1454,47.6,37,0,0,0,0,0,0
5583,0,302.5,312.0,1673,29.9,42,0,0,0,0,0,0
5584,0,302.4,311.9,1578,29.9,44,0,0,0,0,0,0
5585,1,302.5,312.0,1642,29.1,46,0,0,0,0,0,0
5586,1,302.4,311.8,1557,31.5,49,0,0,0,0,0,0
5587,0,302.5,311.9,1481,42.9,52,0,0,0,0,0,0
5588,1,302.5,311.8,1566,37.6,54,0,0,0,0,0,0
5589,1,302.5,311.9,1298,57.5,57,0,0,0,0,0,0
5590,1,302.5,311.9,1340,59.4,60,0,0,0,0,0,0
5591,0,302.5,312.0,1574,33.8,63,0,0,0,0,0,0
5592,0,302.5,311.9,1437,46.7,65,0,0,0,0,0,0
5593,0,302.6,311.9,1354,48.0,67,0,0,0,0,0,0
5594,0,302.6,311.9,1598,35.5,69,0,0,0,0,0,0
5596,1,302.7,312.0,1538,36.7,74,0,0,0,0,0,0
5597,0,302.7,312.0,1501,37.0,77,0,0,0,0,0,0
5598,0,302.8,312.1,1441,52.1,79,0,0,0,0,0,0
5599,1,302.7,312.0,1652,31.0,81,0,0,0,0,0,0
5600,0,302.8,312.1,1487,36.6,84,0,0,0,0,0,0
5601,0,302.9,312.2,1605,33.9,86,0,0,0,0,0,0
5602,0,302.9,312.1,1334,54.7,88,0,0,0,0,0,0
5603,0,302.9,312.2,1340,57.8,90,0,0,0,0,0,0
5604,0,302.9,312.2,1513,37.8,92,0,0,0,0,0,0
5605,0,302.9,312.2,1510,41.4,94,0,0,0,0,0,0
5606,0,302.9,312.2,1729,23.6,96,0,0,0,0,0,0
5607,1,302.9,312.2,1745,25.5,98,0,0,0,0,0,0
5608,1,303.1,312.3,1623,31.6,101,0,0,0,0,0,0
5609,1,303.1,312.4,1378,50.1,104,0,0,0,0,0,0
5610,0,303.1,312.4,1407,41.2,107,0,0,0,0,0,0
5611,1,303.0,312.3,1674,29.5,109,0,0,0,0,0,0
5612,0,303.0,312.3,1486,42.4,112,0,0,0,0,0,0
5613,1,303.0,312.3,1483,38.8,114,0,0,0,0,0,0
5614,2,303.0,312.2,1624,28.8,117,0,0,0,0,0,0
5616,0,303.0,312.3,1480,41.4,125,0,0,0,0,0,0
5617,0,303.1,312.4,1404,61.5,127,1,0,0,1,0,0
5618,1,303.0,312.4,1645,29.6,129,0,0,0,0,0,0
5620,0,303.0,312.3,1533,38.5,134,0,0,0,0,0,0
5621,1,302.9,312.2,1292,54.4,136,0,0,0,0,0,0
5622,0,302.9,312.2,1571,40.6,139,0,0,0,0,0,0
5623,0,302.9,312.3,1578,36.3,141,0,0,0,0,0,0
5624,1,302.8,312.2,1469,36.9,143,0,0,0,0,0,0
5625,0,302.7,312.1,1728,24.4,146,0,0,0,0,0,0
5626,2,302.7,312.1,1603,32.5,148,0,0,0,0,0,0
5627,0,302.7,312.1,1597,39.8,153,0,0,0,0,0,0
5628,0,302.7,312.1,1688,32.0,155,0,0,0,0,0,0
5629,0,302.7,312.2,1405,51.4,157,0,0,0,0,0,0
5630,1,302.8,312.2,1615,32.9,159,0,0,0,0,0,0
5631,0,302.8,312.2,1515,36.8,162,0,0,0,0,0,0
5632,0,302.7,312.2,1376,52.8,164,0,0,0,0,0,0
5633,0,302.7,312.2,1447,47.5,166,0,0,0,0,0,0
5634,1,302.6,312.2,1353,56.5,168,0,0,0,0,0,0
5635,0,302.6,312.1,1502,47.3,171,0,0,0,0,0,0
5636,0,302.6,312.0,1447,45.5,173,0,0,0,0,0,0
5637,1,302.5,312.0,1487,46.1,175,0,0,0,0,0,0
5638,0,302.6,312.1,1519,38.1,178,0,0,0,0,0,0
5639,0,302.6,312.1,1668,28.7,180,0,0,0,0,0,1
5640,0,302.6,312.1,1420,51.6,182,0,0,0,0,0,0
5641,0,302.6,312.1,1473,37.3,184,0,0,0,0,0,0
5642,0,302.5,312.0,1495,38.8,186,0,0,0,0,0,0
5643,0,302.5,312.0,1574,42.0,188,0,0,0,0,0,0
5644,0,302.5,312.0,1383,51.3,190,0,0,0,0,0,0
5645,1,302.5,312.0,1591,29.4,192,0,0,0,0,0,0
5646,1,302.4,311.8,1644,37.2,195,0,0,0,0,0,0
5648,0,302.5,311.9,1401,44.9,203,0,0,0,0,0,0
5649,1,302.5,311.9,1414,51.6,205,0,0,0,0,0,0
5650,0,302.5,312.0,1456,46.3,208,0,0,0,0,0,0
5651,1,302.5,312.0,1447,45.7,210,0,0,0,0,0,0
5652,0,302.4,311.8,1727,26.5,213,0,0,0,0,0,0
5653,0,302.4,311.7,1495,36.8,215,0,0,0,0,0,0
5654,0,302.3,311.6,1544,34.3,0,0,0,0,0,0,0
5655,0,302.3,311.5,1387,47.3,2,0,0,0,0,0,0
5656,1,302.3,311.5,1316,47.2,4,0,0,0,0,0,0
5657,0,302.3,311.5,1794,26.1,7,0,0,0,0,0,0
5658,1,302.2,311.4,1372,55.1,9,0,0,0,0,0,0
5659,1,302.3,311.5,1674,30.0,12,0,0,0,0,0,0
5660,0,302.2,311.4,1477,41.7,15,0,0,0,0,0,0
5661,0,302.2,311.4,1397,53.0,17,0,0,0,0,0,0
5662,0,302.2,311.5,1616,34.0,19,0,0,0,0,0,0
5663,1,302.3,311.5,1530,42.3,21,0,0,0,0,0,0
5664,1,302.2,311.4,1539,35.1,24,0,0,0,0,0,0
5665,0,302.3,311.4,1845,21.9,27,0,0,0,0,0,0
5666,0,302.2,311.4,1430,43.1,29,0,0,0,0,0,0
5668,1,302.2,311.4,1432,45.3,33,0,0,0,0,0,0
5669,1,302.2,311.5,1479,39.5,36,0,0,0,0,0,0
5670,0,302.2,311.5,1424,45.2,39,0,0,0,0,0,0
5671,2,302.2,311.6,1534,37.2,41,0,0,0,0,0,0
5672,2,302.1,311.6,1701,26.2,46,0,0,0,0,0,0
5673,0,302.2,311.6,1462,50.0,51,0,0,0,0,0,0
5674,1,302.2,311.7,1393,42.5,53,0,0,0,0,0,0
5675,1,302.3,311.7,1453,42.5,56,0,0,0,0,0,0
5676,0,302.3,311.8,1565,37.8,59,0,0,0,0,0,0
5677,0,302.3,311.8,1281,51.7,61,0,0,0,0,0,0
5678,1,302.2,311.7,1584,36.2,63,0,0,0,0,0,0
5679,1,302.2,311.7,1466,49.0,66,0,0,0,0,0,0
5680,1,302.2,311.6,1386,50.5,69,0,0,0,0,0,0
5681,0,302.2,311.6,1383,44.3,72,0,0,0,0,0,0
5682,2,302.3,311.6,1441,53.9,74,0,0,0,0,0,0
5683,1,302.2,311.6,1592,37.7,79,0,0,0,0,0,0
5684,2,302.2,311.6,1594,36.8,82,0,0,0,0,0,0
5685,0,302.2,311.5,1482,45.6,87,0,0,0,0,0,0
5686,0,302.2,311.6,1658,31.4,89,0,0,0,0,0,0
5688,1,302.3,311.7,1423,44.6,93,0,0,0,0,0,0
5689,0,302.4,311.8,1543,31.1,96,0,0,0,0,0,0
5690,0,302.3,311.8,1435,44.8,98,0,0,0,0,0,0
5691,0,302.4,311.8,1320,56.4,100,0,0,0,0,0,0
5692,1,302.4,311.9,1313,55.7,102,0,0,0,0,0,0
5693,1,302.4,311.8,1453,42.1,105,0,0,0,0,0,0
5694,0,302.4,311.8,1508,45.7,108,0,0,0,0,0,0
5695,0,302.4,311.8,1451,42.0,110,0,0,0,0,0,0
5696,2,302.5,311.9,1595,34.6,112,0,0,0,0,0,0
5697,0,302.5,311.9,1354,49.4,117,0,0,0,0,0,0
5698,0,302.5,311.9,1265,59.8,119,0,0,0,0,0,0
5699,0,302.4,311.9,1867,25.9,121,0,0,0,0,0,0
5700,0,302.5,311.9,1497,41.6,123,0,0,0,0,0,0
5701,1,302.5,311.9,1347,54.3,125,0,0,0,0,0,0
5702,0,302.3,311.7,1544,43.2,128,0,0,0,0,0,0
5703,2,302.3,311.7,1456,45.4,130,0,0,0,0,0,0
5704,0,302.5,311.8,1335,52.7,135,0,0,0,0,0,0
5705,0,302.4,311.9,1452,43.1,137,0,0,0,0,0,0
5707,0,302.4,311.8,1448,43.4,141,0,0,0,0,0,0
5708,0,302.3,311.7,1611,38.6,143,0,0,0,0,0,0
5709,0,302.2,311.7,1556,38.6,145,0,0,0,0,0,0
5710,2,302.2,311.7,1413,46.5,147,0,0,0,0,0,0
5711,0,302.2,311.6,1545,35.9,152,0,0,0,0,0,0
5712,0,302.2,311.7,1330,54.6,154,0,0,0,0,0,0
5713,0,302.2,311.9,1596,38.0,156,0,0,0,0,0,0
5714,0,302.2,311.8,1618,36.0,158,0,0,0,0,0,0
5715,2,302.2,311.9,1597,35.8,160,0,0,0,0,0,0
5716,0,302.3,312.0,1354,52.2,165,0,0,0,0,0,0
5717,0,302.3,312.0,1746,28.1,167,0,0,0,0,0,0
5718,0,302.4,312.0,1621,32.5,169,0,0,0,0,0,0
5719,0,302.3,312.0,1398,43.3,171,0,0,0,0,0,0
5720,0,302.3,311.9,1434,51.9,173,0,0,0,0,0,0
5721,1,302.3,311.8,1443,43.4,175,0,0,0,0,0,0
5722,0,302.2,311.7,1488,44.6,178,0,0,0,0,0,0
5723,1,302.3,311.8,1475,48.0,180,0,0,0,0,0,0
5724,0,302.3,311.8,1433,50.3,183,0,0,0,0,0,0
5725,1,302.3,311.8,1557,34.1,185,0,0,0,0,0,0
5726,1,302.4,311.9,1398,50.1,188,0,0,0,0,0,0
5727,1,302.3,311.8,1559,34.4,191,0,0,0,0,0,0
5728,1,302.4,311.9,1422,46.4,194,0,0,0,0,0,0
5729,1,302.3,311.8,1463,35.7,197,0,0,0,0,0,0
5730,0,302.3,311.7,1793,25.3,200,0,0,0,0,0,0
5731,0,302.2,311.6,1872,20.4,202,0,0,0,0,0,0
5732,0,302.2,311.7,1412,44.5,204,0,0,0,0,0,0
5733,0,302.3,311.8,1487,43.2,206,0,0,0,0,0,0
5734,0,302.3,311.8,1369,56.2,208,1,0,0,0,1,0
5735,0,302.4,311.8,1673,30.1,210,0,0,0,0,0,0
5736,1,302.4,311.9,1439,36.6,212,0,0,0,0,0,0
5737,0,302.3,311.8,1574,42.8,215,0,0,0,0,0,0
5738,0,302.3,311.7,1281,48.8,0,0,0,0,0,0,0
5739,1,302.2,311.7,1653,31.4,2,0,0,0,0,0,0
5740,1,302.3,311.7,1535,38.3,5,0,0,0,0,0,0
5741,1,302.3,311.7,1483,40.5,8,0,0,0,0,0,0
5742,0,302.3,311.7,1414,47.0,11,0,0,0,0,0,0
5743,1,302.2,311.6,1379,42.9,13,0,0,0,0,0,0
5744,2,302.2,311.5,1482,42.6,16,0,0,0,0,0,0
5746,1,302.1,311.5,1635,31.6,23,0,0,0,0,0,0
5747,0,302.1,311.5,1533,39.4,26,0,0,0,0,0,0
5748,1,302.2,311.7,1576,34.0,28,0,0,0,0,0,0
5749,2,302.2,311.8,1330,62.4,31,0,0,0,0,0,0
5751,2,302.3,311.8,1475,42.8,38,0,0,0,0,0,0
5752,2,302.3,311.8,1804,25.0,43,0,0,0,0,0,0
5753,0,302.2,311.6,1416,54.1,48,0,0,0,0,0,0
5754,0,302.1,311.5,1727,27.7,50,0,0,0,0,0,0
5755,0,302.1,311.4,1391,49.2,52,0,0,0,0,0,0
5756,1,302.0,311.5,1366,52.3,54,0,0,0,0,0,0
5757,0,301.9,311.3,1366,55.6,57,0,0,0,0,0,0
5758,0,301.9,311.3,1501,40.8,59,0,0,0,0,0,0
5759,0,301.8,311.3,1551,35.8,61,0,0,0,0,0,0
5760,1,301.9,311.3,1522,35.6,63,0,0,0,0,0,0
5761,0,301.9,311.2,1369,49.8,66,0,0,0,0,0,0
5762,0,301.8,311.2,1334,52.3,68,0,0,0,0,0,0
5763,2,301.8,311.2,1451,39.4,70,0,0,0,0,0,0
5764,0,301.7,311.2,1589,37.9,75,0,0,0,0,0,0
5765,0,301.7,311.3,1708,30.5,77,0,0,0,0,0,0
5766,1,301.7,311.2,1413,42.6,79,0,0,0,0,0,0
5767,1,301.6,311.2,1415,46.5,82,0,0,0,0,0,0
5768,0,301.7,311.3,1421,45.9,85,0,0,0,0,0,0
5769,0,301.7,311.3,1348,51.0,87,0,0,0,0,0,0
5770,0,301.6,311.2,1408,42.9,89,0,0,0,0,0,0
5771,0,301.6,311.2,1525,43.7,91,0,0,0,0,0,0
5772,0,301.6,311.3,1706,29.9,93,0,0,0,0,0,0
5773,2,301.6,311.2,1395,46.8,95,0,0,0,0,0,0
5774,0,301.5,311.1,1602,34.3,100,0,0,0,0,0,0
5776,0,301.6,311.1,1325,49.2,104,0,0,0,0,0,0
5777,0,301.6,311.1,1408,44.4,106,0,0,0,0,0,0
5778,1,301.7,311.1,1489,41.4,108,0,0,0,0,0,0
5779,0,301.6,311.1,1680,29.2,111,0,0,0,0,0,0
5780,0,301.7,311.2,1517,42.4,113,0,0,0,0,0,0
5781,1,301.7,311.1,1618,36.7,115,0,0,0,0,0,0
5782,0,301.7,311.1,1455,39.8,118,0,0,0,0,0,0
5783,2,301.8,311.1,1543,36.4,120,0,0,0,0,0,0
5784,1,301.8,311.1,1399,41.8,125,0,0,0,0,0,0
5785,0,301.7,311.1,1469,37.2,128,0,0,0,0,0,0
5786,0,301.7,311.2,1521,36.7,130,0,0,0,0,0,0
5787,0,301.7,311.3,1584,38.8,132,0,0,0,0,0,0
5788,0,301.8,311.5,1443,43.3,134,0,0,0,0,0,0
5789,1,301.8,311.5,1416,49.0,136,0,0,0,0,0,0
5790,1,301.7,311.2,1563,34.5,139,0,0,0,0,0,0
5791,1,301.8,311.3,1542,40.1,142,0,0,0,0,0,0
5792,1,301.8,311.3,1624,31.6,145,0,0,0,0,0,0
5793,0,301.8,311.3,1471,44.2,148,0,0,0,0,0,0
5794,1,301.9,311.5,1492,40.8,150,0,0,0,0,0,0
5795,1,301.9,311.4,1465,39.9,153,0,0,0,0,0,0
5796,0,301.7,311.1,1399,55.1,156,0,0,0,0,0,0
5797,0,301.6,311.0,1431,42.6,158,0,0,0,0,0,0
5798,0,301.5,310.9,1600,39.0,160,0,0,0,0,0,0
5799,0,301.5,310.8,1593,34.5,162,0,0,0,0,0,0
5800,0,301.5,310.9,1469,44.7,164,0,0,0,0,0,0
5801,0,301.5,310.8,1413,44.6,166,0,0,0,0,0,0
5802,0,301.4,310.8,1490,38.0,168,0,0,0,0,0,0
5803,0,301.5,310.9,1671,31.1,170,0,0,0,0,0,0
5804,0,301.5,310.9,1365,46.5,172,0,0,0,0,0,0
5805,1,301.4,310.9,1557,39.3,174,0,0,0,0,0,0
5806,0,301.4,310.9,1440,45.4,177,0,0,0,0,0,0
5807,1,301.4,310.9,1489,38.9,179,0,0,0,0,0,0
5808,0,301.4,311.0,1733,25.7,182,0,0,0,0,0,0
5809,2,301.3,311.0,1580,36.6,184,0,0,0,0,0,0
5810,0,301.3,311.0,1856,21.9,189,0,0,0,0,0,0
5811,0,301.3,311.1,1454,40.3,191,0,0,0,0,0,0
5812,0,301.4,311.1,1495,36.3,193,0,0,0,0,0,0
5813,0,301.2,311.0,1761,29.1,195,0,0,0,0,0,0
5814,1,301.3,311.0,1402,47.5,197,0,0,0,0,0,0
5815,0,301.2,311.0,1670,33.0,200,0,0,0,0,0,0
5816,0,301.3,311.0,1582,35.6,202,0,0,0,0,0,0
5817,0,301.3,311.0,1542,35.1,204,0,0,0,0,0,0
5818,0,301.3,311.0,1539,36.9,206,0,0,0,0,0,0
5819,0,301.3,311.0,1418,41.9,208,0,0,0,0,0,0
5820,0,301.3,311.1,1723,27.6,210,0,0,0,0,0,0
5821,0,301.3,311.1,1303,49.2,212,0,0,0,0,0,0
5822,1,301.3,311.0,1463,50.2,214,0,0,0,0,0,0
5823,0,301.2,311.0,1544,39.3,217,0,0,0,0,0,0
5824,0,301.2,311.0,1596,37.2,219,0,0,0,0,0,0
5825,0,301.3,311.1,1413,42.0,221,0,0,0,0,0,0
5826,1,301.3,311.1,1492,41.2,223,0,0,0,0,0,0
5827,0,301.3,311.1,1624,40.9,0,0,0,0,0,0,0
5828,0,301.3,311.1,1504,39.1,2,0,0,0,0,0,0
5829,1,301.2,311.1,1574,34.3,4,0,0,0,0,0,0
5830,1,301.3,311.2,1438,42.4,7,0,0,0,0,0,0
5831,0,301.3,311.3,1474,50.7,10,0,0,0,0,0,0
5832,0,301.3,311.2,1675,32.1,12,0,0,0,0,0,0
5833,0,301.3,311.2,1457,44.5,14,0,0,0,0,0,0
5834,0,301.3,311.3,1434,49.8,16,0,0,0,0,0,0
5835,0,301.3,311.2,1668,30.1,18,0,0,0,0,0,0
5836,0,301.2,311.1,1550,39.7,20,0,0,0,0,0,0
5837,1,301.3,311.1,1834,25.4,22,0,0,0,0,0,0
5838,1,301.4,311.2,1476,36.5,25,0,0,0,0,0,0
5839,1,301.4,311.2,1541,36.3,28,0,0,0,0,0,0
5840,1,301.3,311.1,1581,30.9,31,0,0,0,0,0,0
5841,1,301.3,311.1,1678,30.7,34,0,0,0,0,0,0
5842,0,301.4,311.2,1355,50.6,37,0,0,0,0,0,0
5843,0,301.5,311.2,1700,28.8,39,0,0,0,0,0,0
5844,0,301.4,311.1,1462,37.1,41,0,0,0,0,0,0
5845,1,301.4,311.2,1727,26.5,43,0,0,0,0,0,0
5846,0,301.4,311.3,1674,33.3,46,0,0,0,0,0,0
5847,0,301.4,311.3,1397,42.3,48,0,0,0,0,0,0
5849,1,301.4,311.2,1434,47.6,52,0,0,0,0,0,0
5850,0,301.3,311.1,1560,35.3,55,0,0,0,0,0,0
5851,0,301.2,311.0,1573,32.8,57,0,0,0,0,0,0
5852,2,301.2,310.9,1798,22.3,59,0,0,0,0,0,0
5853,0,301.2,311.0,1567,35.1,64,0,0,0,0,0,0
5854,0,301.2,310.9,1416,53.3,66,0,0,0,0,0,0
5855,1,301.2,310.9,1424,45.2,68,0,0,0,0,0,0
5856,2,301.2,310.9,1598,35.9,71,0,0,0,0,0,0
5857,0,301.3,310.9,1760,23.9,76,0,0,0,0,0,0
5858,0,301.3,311.0,1348,44.5,78,0,0,0,0,0,0
5859,0,301.3,311.0,1542,33.6,80,0,0,0,0,0,0
5860,0,301.3,310.9,1566,33.1,82,0,0,0,0,0,0
5861,0,301.3,311.0,1554,47.7,84,0,0,0,0,0,0
5862,0,301.4,311.0,1470,40.6,86,0,0,0,0,0,0
5863,1,301.4,311.1,1758,25.4,88,0,0,0,0,0,0
5864,1,301.4,311.0,1486,36.5,91,0,0,0,0,0,0
5865,1,301.5,311.1,1402,40.0,94,0,0,0,0,0,0
5866,0,301.5,311.1,1459,45.1,97,0,0,0,0,0,0
5867,0,301.5,311.0,1494,45.3,99,0,0,0,0,0,0
5868,0,301.5,311.1,1731,27.9,101,0,0,0,0,0,0
5871,0,301.5,311.1,1469,49.5,107,0,0,0,0,0,0
5872,1,301.5,311.0,1504,42.6,109,0,0,0,0,0,0
5873,1,301.5,311.1,1396,43.5,112,0,0,0,0,0,0
5874,1,301.5,311.1,1660,33.8,115,0,0,0,0,0,0
5875,1,301.5,311.0,1577,39.7,118,0,0,0,0,0,0
5876,0,301.5,311.1,1426,52.1,121,0,0,0,0,0,0
5877,0,301.5,311.1,1458,41.4,123,0,0,0,0,0,0
5878,0,301.4,311.0,1533,45.8,125,0,0,0,0,0,0
5879,0,301.4,311.0,1701,28.4,127,0,0,0,0,0,0
5880,0,301.5,311.1,1434,49.6,129,0,0,0,0,0,0
5882,0,301.4,311.1,1469,36.9,133,0,0,0,0,0,0
5883,0,301.4,311.1,1800,26.0,135,0,0,0,0,0,0
5884,1,301.3,311.1,1438,43.0,137,0,0,0,0,0,0
5885,0,301.3,311.1,1647,28.2,140,0,0,0,0,0,0
5886,0,301.4,311.1,1494,41.9,142,0,0,0,0,0,0
5887,2,301.4,311.1,1445,41.4,144,0,0,0,0,0,0
5888,1,301.5,311.1,1507,38.6,149,0,0,0,0,0,0
5889,1,301.4,311.0,1234,55.8,152,0,0,0,0,0,0
5890,0,301.4,311.0,1634,32.6,155,0,0,0,0,0,0
5891,0,301.4,311.0,1334,53.3,157,0,0,0,0,0,0
5892,0,301.4,311.1,1472,44.5,159,0,0,0,0,0,0
5893,1,301.3,311.0,1410,52.7,161,0,0,0,0,0,0
5894,0,301.2,310.9,1597,37.9,164,0,0,0,0,0,0
5895,1,301.2,310.9,1460,46.7,166,0,0,0,0,0,0
5896,0,301.1,310.8,1274,55.7,169,0,0,0,0,0,0
5897,1,301.0,310.7,1517,40.2,171,0,0,0,0,0,0
5898,0,301.0,310.7,1300,57.2,174,0,0,0,0,0,0
5899,2,300.9,310.6,1686,27.7,176,0,0,0,0,0,0
5900,1,300.9,310.7,1485,41.0,181,0,0,0,0,0,0
5901,0,301.0,310.7,1464,45.8,184,0,0,0,0,0,0
5902,0,300.9,310.6,1598,35.4,186,0,0,0,0,0,0
5903,0,300.9,310.5,1894,21.9,188,0,0,0,0,0,0
5904,1,300.8,310.5,1330,59.0,190,0,0,0,0,0,0
5905,2,300.8,310.5,1582,31.1,193,0,0,0,0,0,0
5906,0,300.7,310.3,1533,35.6,198,0,0,0,0,0,0
5907,2,300.8,310.4,1419,46.4,200,0,0,0,0,0,0
5908,1,300.8,310.3,1526,36.3,205,0,0,0,0,0,0
5909,2,300.7,310.2,1364,65.3,208,1,1,0,1,1,0
5910,1,300.8,310.3,1458,43.4,0,0,0,0,0,0,0
5911,1,300.8,310.4,1288,64.0,3,0,0,0,0,0,0
5912,1,300.7,310.3,1659,29.8,6,0,0,0,0,0,0
5913,2,300.7,310.2,1479,52.3,9,0,0,0,0,0,0
5914,0,300.7,310.3,1592,36.0,14,0,0,0,0,0,0
5915,1,300.6,310.2,1532,38.7,16,0,0,0,0,0,0
5916,0,300.6,310.2,1555,41.9,19,0,0,0,0,0,0
5917,0,300.6,310.2,1341,52.6,21,0,0,0,0,0,0
5918,0,300.6,310.1,1541,42.0,23,0,0,0,0,0,0
5919,0,300.6,310.3,1414,50.6,25,0,0,0,0,0,0
5920,0,300.5,310.2,1764,25.9,27,0,0,0,0,0,0
5921,0,300.5,310.3,1336,57.1,29,0,0,0,0,0,0
5922,0,300.5,310.3,1435,43.3,31,0,0,0,0,0,0
5923,1,300.4,310.3,1537,35.0,33,0,0,0,0,0,0
5924,0,300.3,310.2,1369,48.8,36,0,0,0,0,0,0
5925,1,300.2,310.1,1619,31.3,38,0,0,0,0,0,0
5926,0,300.2,310.1,1440,51.1,41,0,0,0,0,0,0
5927,0,300.2,310.1,1649,30.5,43,0,0,0,0,0,0
5928,1,300.2,310.1,1550,38.7,45,0,0,0,0,0,0
5929,0,300.3,310.2,1471,45.2,48,0,0,0,0,0,0
5930,0,300.3,310.3,1483,51.6,50,0,0,0,0,0,0
5931,0,300.3,310.4,1336,54.4,52,0,0,0,0,0,0
5932,0,300.5,310.5,1515,36.6,54,0,0,0,0,0,0
5933,0,300.5,310.5,1373,47.4,56,0,0,0,0,0,0
5934,2,300.6,310.5,1454,51.2,58,0,0,0,0,0,0
5935,0,300.5,310.5,1646,34.5,63,0,0,0,0,0,0
5936,1,300.5,310.4,1548,37.3,65,0,0,0,0,0,0
5937,1,300.6,310.5,1462,41.3,68,0,0,0,0,0,0
5938,0,300.5,310.4,1702,33.1,71,0,0,0,0,0,0
5939,0,300.5,310.5,1409,60.9,73,0,0,0,0,0,0
5940,1,300.6,310.6,1427,52.8,75,0,0,0,0,0,0
5941,0,300.6,310.7,1438,48.5,78,1,0,0,0,0,0
5942,0,300.7,310.7,1450,43.4,80,0,0,0,0,0,0
5943,0,300.7,310.7,1541,41.3,82,0,0,0,0,0,0
5944,1,300.7,310.6,1484,38.0,84,0,0,0,0,0,0
5945,1,300.8,310.8,1415,44.5,87,0,0,0,0,0,0
5946,0,300.7,310.8,1496,46.4,90,0,0,0,0,0,0
5947,1,300.7,310.8,1465,45.2,92,0,0,0,0,0,0
5949,1,300.7,310.8,1506,44.0,97,0,0,0,0,0,0
5950,0,300.7,310.8,1689,28.9,100,0,0,0,0,0,0
5951,0,300.7,310.9,1650,29.4,102,0,0,0,0,0,0
5952,0,300.7,310.8,1563,33.8,104,0,0,0,0,0,0
5953,1,300.7,310.9,1486,38.9,106,0,0,0,0,0,0
5954,0,300.8,310.9,1732,25.7,109,0,0,0,0,0,0
5955,0,300.7,310.8,1653,31.6,111,0,0,0,0,0,0
5956,0,300.7,310.9,1535,37.1,113,0,0,0,0,0,0
5957,0,300.7,310.9,1637,37.2,115,0,0,0,0,0,0
5958,0,300.6,310.8,1533,38.5,117,0,0,0,0,0,0
5959,0,300.6,310.8,1378,51.2,119,0,0,0,0,0,0
5960,0,300.5,310.7,1606,33.5,121,0,0,0,0,0,0
5961,0,300.3,310.7,1539,32.3,123,0,0,0,0,0,0
5962,0,300.5,310.8,1728,26.3,125,0,0,0,0,0,0
5963,2,300.4,310.7,1656,36.3,127,0,0,0,0,0,0
5964,2,300.5,310.8,1631,30.5,132,0,0,0,0,0,0
5965,2,300.5,310.9,1447,46.5,137,0,0,0,0,0,0
5966,0,300.4,310.8,1396,49.3,142,0,0,0,0,0,0
5967,0,300.4,310.8,1390,52.5,144,0,0,0,0,0,0
5968,0,300.4,310.8,1348,56.0,146,0,0,0,0,0,0
5969,1,300.4,310.8,1491,35.9,148,0,0,0,0,0,0
5970,0,300.4,310.8,1520,37.6,151,0,0,0,0,0,0
5971,0,300.5,310.8,1509,33.0,153,0,0,0,0,0,0
5972,0,300.5,310.8,1445,46.6,155,0,0,0,0,0,0
5973,0,300.5,310.8,1354,51.8,157,0,0,0,0,0,0
5974,0,300.5,310.7,1488,39.4,159,0,0,0,0,0,0
5975,2,300.5,310.7,1654,28.6,161,0,0,0,0,0,0
5976,2,300.5,310.6,1378,51.5,166,0,0,0,0,0,0
5977,0,300.6,310.7,1750,30.6,171,0,0,0,0,0,0
5978,0,300.5,310.6,1448,46.3,173,0,0,0,0,0,0
5979,2,300.6,310.7,1501,45.3,175,0,0,0,0,0,0
5980,1,300.6,310.7,1654,32.0,180,0,0,0,0,0,0
5981,1,300.7,310.7,1347,46.5,183,0,0,0,0,0,0
5982,0,300.7,310.8,1486,37.1,186,0,0,0,0,0,0
5983,2,300.8,310.8,1466,45.2,188,0,0,0,0,0,0
5984,2,300.7,310.8,1346,52.0,193,0,0,0,0,0,0
5985,0,300.7,310.7,1314,42.4,198,0,0,0,0,0,0
5986,0,300.6,310.7,1440,52.5,200,0,0,0,0,0,0
5987,0,300.7,310.8,1608,39.5,202,0,0,0,0,0,0
5988,2,300.7,310.8,1296,58.2,204,0,0,0,0,0,0
5989,0,300.7,310.7,1507,46.1,209,0,0,0,0,0,0
5990,1,300.7,310.7,1343,51.6,211,0,0,0,0,0,0
5991,0,300.7,310.7,1416,40.4,214,0,0,0,0,0,0
5992,0,300.7,310.6,1288,47.2,216,0,0,0,0,0,0
5993,1,300.7,310.6,1407,42.4,218,0,0,0,0,0,0
5994,0,300.6,310.4,1608,39.2,221,0,0,0,0,0,0
5996,1,300.5,310.2,1386,48.2,225,0,0,0,0,0,0
5997,1,300.5,310.2,1571,34.6,228,0,0,0,0,0,0
5998,1,300.4,310.2,1613,36.9,231,0,0,0,0,0,0
5999,1,300.4,310.2,1671,30.5,234,1,1,0,0,0,0
6000,2,300.4,310.2,1431,43.2,0,0,0,0,0,0,0
6001,1,300.4,310.2,1380,47.3,5,0,0,0,0,0,0
6002,0,300.5,310.3,1683,31.5,8,0,0,0,0,0,0
6003,0,300.4,310.2,1529,36.2,10,0,0,0,0,0,0
6004,0,300.5,310.4,1761,26.5,12,0,0,0,0,0,0
6005,0,300.6,310.5,1570,38.3,14,0,0,0,0,0,0
6007,1,300.7,310.6,1349,54.5,19,0,0,0,0,0,0
6008,0,300.7,310.7,1431,39.3,22,0,0,0,0,0,0
6010,2,300.7,310.7,1428,43.4,26,0,0,0,0,0,0
6011,0,300.8,310.8,1564,36.2,31,0,0,0,0,0,0
6012,2,300.8,310.9,1425,44.0,33,0,0,0,0,0,0
6013,0,300.7,310.8,1597,30.5,38,0,0,0,0,0,0
6014,2,300.8,310.8,1618,32.8,40,0,0,0,0,0,0
6015,1,300.8,310.8,1520,38.0,45,0,0,0,0,0,0
6016,0,300.7,310.7,1425,45.3,48,0,0,0,0,0,0
6017,0,300.8,310.9,1398,38.2,50,0,0,0,0,0,0
6018,1,300.8,310.9,1557,31.6,52,0,0,0,0,0,0
6019,0,300.7,310.8,1519,43.9,55,0,0,0,0,0,0
6020,0,300.7,310.8,1619,34.9,57,0,0,0,0,0,0
6021,0,300.7,310.8,1814,21.4,59,0,0,0,0,0,0
6022,0,300.7,310.9,1521,39.4,61,0,0,0,0,0,0
6023,1,300.7,310.9,1369,51.2,63,0,0,0,0,0,0
6024,0,300.7,310.9,1356,65.3,66,1,0,0,1,0,0
6025,0,300.7,311.0,1336,53.3,68,0,0,0,0,0,0
6026,0,300.7,311.0,1403,48.3,70,0,0,0,0,0,0
6027,1,300.7,311.0,1413,44.3,72,0,0,0,0,0,0
6028,0,300.6,310.9,1472,47.6,75,0,0,0,0,0,0
6029,1,300.7,310.8,1452,47.9,77,0,0,0,0,0,0
6030,0,300.6,310.7,1397,53.7,80,0,0,0,0,0,0
6031,0,300.6,310.7,1455,40.6,82,0,0,0,0,0,0
6032,0,300.7,310.8,1754,27.7,84,0,0,0,0,0,0
6033,0,300.6,310.9,1471,37.9,86,0,0,0,0,0,0
6034,1,300.6,310.8,1389,48.1,88,0,0,0,0,0,0
6035,1,300.6,310.9,1702,30.3,91,0,0,0,0,0,0
6036,1,300.6,311.0,1401,54.6,94,0,0,0,0,0,0
6037,0,300.7,311.1,1426,46.2,97,0,0,0,0,0,0
6038,0,300.7,311.0,1496,38.3,99,0,0,0,0,0,0
6039,0,300.6,310.9,1433,42.6,101,0,0,0,0,0,0
6040,1,300.7,311.1,1438,46.6,103,0,0,0,0,0,0
6041,1,300.7,311.0,1418,49.3,106,0,0,0,0,0,0
6042,1,300.8,311.0,1580,36.6,109,0,0,0,0,0,0
6043,1,300.7,310.9,1468,41.8,112,0,0,0,0,0,0
6044,1,300.8,310.9,1522,41.7,115,0,0,0,0,0,0
6045,0,300.8,310.9,1311,55.8,118,0,0,0,0,0,0
6046,0,300.9,311.0,1316,56.5,120,0,0,0,0,0,0
6047,2,300.9,311.0,1853,23.6,122,0,0,0,0,0,0
6048,1,300.9,311.0,1556,38.8,127,0,0,0,0,0,0
6049,1,300.9,311.0,1567,34.3,130,0,0,0,0,0,0
6050,1,300.9,311.1,1546,37.7,133,0,0,0,0,0,0
6051,0,300.9,311.0,1382,51.2,136,0,0,0,0,0,0
6053,0,300.8,310.9,1748,29.9,140,0,0,0,0,0,0
6054,2,300.7,310.8,1518,40.1,142,0,0,0,0,0,0
6055,0,300.7,310.8,1475,42.0,147,0,0,0,0,0,0
6056,0,300.8,310.8,1634,29.2,149,0,0,0,0,0,0
6057,0,300.8,310.8,1689,32.9,151,0,0,0,0,0,0
6058,1,300.9,310.9,1636,35.3,153,0,0,0,0,0,0
6060,0,301.0,311.1,1615,35.6,158,0,0,0,0,0,0
6061,2,301.1,311.1,1618,29.5,160,0,0,0,0,0,0
6062,1,301.1,311.2,1407,53.0,165,0,0,0,0,0,0
6063,0,301.1,311.1,1450,43.3,168,0,0,0,0,0,0
6064,0,301.1,311.1,1889,23.8,170,0,0,0,0,0,0
6065,0,301.0,310.9,1568,38.2,172,0,0,0,0,0,0
6066,0,301.0,311.0,1804,25.8,174,0,0,0,0,0,0
6067,0,301.0,311.0,1582,37.5,176,0,0,0,0,0,0
6069,0,300.9,310.9,1601,34.0,181,0,0,0,0,0,0
6070,0,300.9,310.9,1615,32.0,183,0,0,0,0,0,0
6071,1,300.9,310.8,1452,43.6,185,0,0,0,0,0,0
6072,1,300.9,310.8,1695,30.2,188,0,0,0,0,0,0
6073,1,300.9,310.8,1790,26.2,191,0,0,0,0,0,0
6074,1,301.0,310.8,1533,39.3,194,0,0,0,0,0,0
6075,0,301.0,310.9,1813,28.5,197,0,0,0,0,0,0
6076,0,301.0,310.9,1492,36.7,199,0,0,0,0,0,0
6077,0,300.9,310.7,1479,43.3,201,0,0,0,0,0,0
6078,0,300.8,310.7,1339,59.1,203,1,0,0,0,1,0
6079,1,300.8,310.7,1371,44.7,205,0,0,0,0,0,0
6080,0,300.9,310.7,1468,36.2,208,0,0,0,0,0,0
6081,0,300.9,310.7,1517,41.7,210,0,0,0,0,0,0
6082,0,300.9,310.7,1352,46.4,212,0,0,0,0,0,0
6083,0,300.9,310.7,1389,50.0,214,0,0,0,0,0,0
6084,1,300.8,310.6,1505,36.2,0,0,0,0,0,0,0
6085,0,300.9,310.6,1538,36.7,3,0,0,0,0,0,0
6086,0,300.9,310.8,1482,37.0,5,0,0,0,0,0,0
6087,1,300.9,310.8,1599,33.0,7,0,0,0,0,0,0
6088,0,300.9,310.8,1476,39.0,10,0,0,0,0,0,0
6089,0,300.9,310.7,1509,37.5,12,0,0,0,0,0,0
6090,0,300.9,310.8,1708,29.1,14,0,0,0,0,0,0
6091,0,300.9,310.7,1412,57.5,16,0,0,0,0,0,1
6092,0,300.9,310.7,1658,28.5,18,0,0,0,0,0,0
6093,0,301.0,310.8,1375,57.2,20,0,0,0,0,0,0
6094,1,300.9,310.8,1402,48.1,22,0,0,0,0,0,0
6095,1,300.9,310.7,1452,47.3,25,0,0,0,0,0,0
6096,1,300.8,310.7,1483,40.8,28,0,0,0,0,0,0
6097,2,300.9,310.8,1477,38.4,31,0,0,0,0,0,0
6099,2,300.9,310.7,1609,28.7,39,0,0,0,0,0,0
6100,1,300.8,310.7,1886,21.1,44,0,0,0,0,0,0
6101,0,300.7,310.6,1616,29.6,47,0,0,0,0,0,0
6102,0,300.7,310.7,1442,43.2,49,0,0,0,0,0,0
6103,0,300.8,310.8,1407,45.1,51,0,0,0,0,0,0
6104,1,300.8,310.8,1461,41.3,53,0,0,0,0,0,0
6105,1,300.8,310.9,1522,46.2,56,0,0,0,0,0,0
6106,0,300.9,311.0,1432,48.1,59,0,0,0,0,0,0
6107,0,300.9,311.0,1438,49.0,61,0,0,0,0,0,0
6108,1,300.8,310.9,1678,28.1,63,0,0,0,0,0,0
6109,1,300.8,310.9,1514,38.7,66,0,0,0,0,0,0
6110,0,300.7,310.8,1534,41.3,69,0,0,0,0,0,0
6111,1,300.7,310.8,1486,41.2,71,0,0,0,0,0,0
6113,1,300.7,310.8,1724,30.0,76,0,0,0,0,0,0
6114,1,300.8,310.8,1549,35.5,79,0,0,0,0,0,0
6115,0,300.8,310.9,1457,47.7,82,0,0,0,0,0,0
6116,0,300.8,310.9,1453,43.9,84,0,0,0,0,0,0
6117,0,300.8,311.0,1578,44.4,86,0,0,0,0,0,0
6118,1,300.9,311.1,1325,61.4,88,0,0,0,0,0,0
6119,0,300.9,311.1,1471,39.3,91,0,0,0,0,0,0
6120,1,300.9,311.2,1472,40.0,93,0,0,0,0,0,0
6121,0,300.9,311.1,1457,37.4,96,0,0,0,0,0,0
6122,0,301.0,311.0,1402,55.3,98,0,0,0,0,0,0
6123,0,300.9,310.9,1477,41.5,100,0,0,0,0,0,0
6124,1,300.9,310.9,1727,30.1,102,0,0,0,0,0,0
6126,0,300.9,310.9,1370,52.5,107,0,0,0,0,0,0
6127,0,300.9,310.9,1228,66.4,109,0,0,0,0,0,0
6128,0,300.9,311.0,1499,38.0,111,0,0,0,0,0,0
6129,1,301.0,311.0,1508,46.9,113,0,0,0,0,0,0
6130,0,301.0,310.9,1473,44.2,116,0,0,0,0,0,0
6131,2,301.0,311.0,1640,37.6,118,0,0,0,0,0,0
6132,0,301.1,311.1,1429,42.5,123,0,0,0,0,0,0
6133,0,301.1,311.1,1470,40.9,125,0,0,0,0,0,0
6134,0,301.0,311.0,1581,37.0,127,0,0,0,0,0,0
6135,0,301.0,310.9,1740,28.9,129,0,0,0,0,0,0
6136,2,300.9,310.8,1390,40.6,131,0,0,0,0,0,0
6138,1,300.8,310.7,1452,43.0,139,0,0,0,0,0,0
6139,0,300.8,310.7,1586,33.4,142,0,0,0,0,0,0
6140,0,300.8,310.7,1589,34.3,144,0,0,0,0,0,0
6141,0,300.8,310.8,1486,45.7,146,0,0,0,0,0,0
6142,0,300.9,310.9,1755,27.9,148,0,0,0,0,0,0
6143,1,301.0,310.9,1575,34.6,150,0,0,0,0,0,0
6144,1,301.1,311.1,1615,37.7,153,0,0,0,0,0,0
6145,1,301.1,311.1,1436,41.8,156,0,0,0,0,0,0
6146,1,301.1,311.1,1470,40.6,159,0,0,0,0,0,0
6148,0,301.1,311.2,1564,37.0,165,0,0,0,0,0,0
6149,1,301.0,311.1,1420,47.4,167,0,0,0,0,0,0
6150,0,301.1,311.1,1711,29.1,170,0,0,0,0,0,0
6151,0,301.1,311.2,1555,35.3,172,0,0,0,0,0,0
6152,1,301.1,311.1,1592,35.7,174,0,0,0,0,0,0
6153,0,301.0,311.1,1236,64.4,177,1,0,0,0,1,0
6154,1,301.0,310.9,1765,24.2,179,0,0,0,0,0,0
6155,0,301.0,311.0,1634,31.2,182,0,0,0,0,0,0
6156,0,301.1,311.1,1508,41.5,184,0,0,0,0,0,0
6157,0,301.1,311.2,1774,29.6,186,0,0,0,0,0,0
6158,0,301.1,311.0,1677,29.1,188,0,0,0,0,0,0
6159,0,301.0,311.0,1399,58.0,190,1,0,0,0,1,0
6160,0,301.0,310.9,1570,34.0,192,0,0,0,0,0,0
6161,0,301.0,310.9,1479,44.3,194,0,0,0,0,0,0
6162,0,301.0,310.8,1558,34.9,196,0,0,0,0,0,0
6163,0,300.8,310.7,1358,48.1,198,0,0,0,0,0,0
6164,2,300.9,310.7,1656,30.7,200,0,0,0,0,0,0
6165,0,300.9,310.7,1523,35.8,205,0,0,0,0,0,0
6166,2,300.9,310.7,1403,40.6,207,0,0,0,0,0,0
6167,1,300.9,310.7,1362,51.6,212,0,0,0,0,0,0
6168,1,300.7,310.6,1778,27.1,215,0,0,0,0,0,0
6169,0,300.7,310.5,1448,38.2,218,0,0,0,0,0,0
6170,2,300.8,310.5,1559,40.1,220,0,0,0,0,0,0
6171,0,300.8,310.6,1416,42.2,225,0,0,0,0,0,0
6172,0,300.8,310.6,1577,37.9,227,1,1,0,0,0,0
6173,0,300.8,310.7,1633,27.8,0,0,0,0,0,0,0
6174,0,300.9,310.7,1573,31.2,2,0,0,0,0,0,0
6175,0,300.9,310.8,1517,44.3,4,0,0,0,0,0,0
6176,0,301.0,310.9,1515,37.3,6,0,0,0,0,0,0
6177,0,301.0,310.8,1527,45.3,8,0,0,0,0,0,0
6179,1,301.1,310.9,1396,45.1,12,0,0,0,0,0,0
6180,0,301.0,310.9,1492,44.6,15,0,0,0,0,0,0
6182,0,301.0,310.8,1475,35.3,19,0,0,0,0,0,0
6183,2,301.0,310.9,1495,37.3,21,0,0,0,0,0,0
6184,0,301.0,311.0,1553,35.8,26,0,0,0,0,0,0
6186,1,301.1,311.0,1413,46.6,30,0,0,0,0,0,0
6187,0,301.0,311.0,1437,56.0,33,0,0,0,0,0,0
6188,0,301.0,310.9,1450,45.9,35,0,0,0,0,0,0
6190,0,300.9,310.9,1749,26.4,40,0,0,0,0,0,0
6192,0,301.0,310.9,1428,45.3,47,0,0,0,0,0,0
6193,0,301.0,310.9,1578,38.4,49,0,0,0,0,0,0
6194,0,300.9,310.8,1571,39.9,51,0,0,0,0,0,0
6195,0,300.9,310.8,1729,30.2,53,0,0,0,0,0,0
6196,0,300.9,310.8,1701,30.4,55,0,0,0,0,0,0
6197,0,300.9,310.8,1493,45.8,57,0,0,0,0,0,0
6198,1,301.0,310.9,1554,32.7,59,0,0,0,0,0,0
6199,0,300.9,310.9,1497,43.2,62,0,0,0,0,0,0
6200,0,301.0,310.9,1679,29.8,64,0,0,0,0,0,0
6201,1,301.0,310.9,1510,44.5,66,0,0,0,0,0,0
6202,0,301.0,310.9,1296,54.9,69,0,0,0,0,0,0
6203,0,301.0,310.9,1404,41.8,71,0,0,0,0,0,0
6204,1,300.9,310.8,1519,34.9,73,0,0,0,0,0,0
6205,1,300.9,310.7,1696,27.3,76,0,0,0,0,0,0
6206,1,300.8,310.6,1669,28.4,79,0,0,0,0,0,0
6207,0,300.7,310.6,1447,40.7,82,0,0,0,0,0,0
6208,1,300.7,310.6,1418,46.3,84,0,0,0,0,0,0
6209,0,300.7,310.6,1407,40.5,87,0,0,0,0,0,0
6210,0,300.8,310.5,1434,44.5,89,0,0,0,0,0,0
6211,0,300.8,310.6,1360,48.8,91,0,0,0,0,0,0
6212,0,300.8,310.6,1402,53.7,93,0,0,0,0,0,0
6213,0,300.9,310.6,1552,34.9,95,0,0,0,0,0,0
6214,0,300.9,310.7,1392,44.2,97,0,0,0,0,0,0
6215,0,301.1,310.8,1521,41.0,99,0,0,0,0,0,0
6216,0,301.1,310.8,1724,27.5,101,0,0,0,0,0,0
6217,1,301.0,310.7,1455,46.1,103,0,0,0,0,0,0
6218,2,301.0,310.6,1366,50.6,106,0,0,0,0,0,0
6219,2,301.1,310.6,1407,43.9,111,0,0,0,0,0,0
6220,0,301.1,310.8,1470,49.3,116,0,0,0,0,0,0
6221,1,301.2,310.9,1359,50.8,118,0,0,0,0,0,0
6222,2,301.1,310.8,1792,25.8,121,0,0,0,0,0,0
6223,1,301.1,310.9,1552,37.9,126,0,0,0,0,0,0
6224,0,301.2,311.0,1612,32.9,129,0,0,0,0,0,0
6225,1,301.2,311.0,1424,41.4,131,0,0,0,0,0,0
6226,2,301.3,311.0,1341,59.3,134,0,0,0,0,0,0
6227,0,301.2,310.8,1479,38.2,139,0,0,0,0,0,0
6228,0,301.2,310.9,1413,50.1,141,0,0,0,0,0,0
6230,1,301.3,311.0,1641,33.0,145,0,0,0,0,0,0
6231,1,301.3,311.0,1495,40.8,148,0,0,0,0,0,0
6232,0,301.3,311.0,1576,30.4,151,0,0,0,0,0,0
6233,0,301.2,310.9,1467,37.1,153,0,0,0,0,0,0
6234,0,301.2,310.8,1479,41.2,155,0,0,0,0,0,0
6235,0,301.3,310.9,1596,33.9,157,0,0,0,0,0,0
6236,1,301.3,310.9,1512,36.9,159,0,0,0,0,0,0
6237,0,301.4,310.9,1414,38.8,162,0,0,0,0,0,0
6238,0,301.3,310.8,1390,57.4,164,0,0,0,0,0,0
6239,0,301.2,310.7,1644,31.6,166,0,0,0,0,0,0
6240,1,301.2,310.7,1394,42.8,168,0,0,0,0,0,0
6241,0,301.1,310.5,1324,52.4,171,0,0,0,0,0,0
6242,0,301.0,310.4,1476,43.6,173,0,0,0,0,0,0
6244,1,301.0,310.4,1665,30.9,177,0,0,0,0,0,0
6245,0,300.9,310.4,1445,41.7,180,0,0,0,0,0,0
6246,2,300.8,310.3,1457,46.8,182,0,0,0,0,0,0
6247,0,300.8,310.2,1492,46.3,187,0,0,0,0,0,0
6248,0,300.8,310.1,1405,61.2,189,1,0,0,1,1,0
6249,0,300.7,310.1,1542,35.5,191,0,0,0,0,0,0
6250,0,300.8,310.2,1520,37.7,193,0,0,0,0,0,0
6251,1,300.8,310.2,1598,36.5,195,0,0,0,0,0,0
6252,0,300.8,310.3,1538,36.1,198,0,0,0,0,0,0
6253,0,300.9,310.4,1615,30.9,200,0,0,0,0,0,0
6254,0,301.0,310.5,1408,47.0,202,0,0,0,0,0,0
6255,0,301.0,310.5,1379,57.3,204,1,0,0,0,1,0
6256,0,301.0,310.6,1493,37.8,206,1,1,0,0,0,0
6257,0,301.1,310.7,1376,49.1,0,0,0,0,0,0,0
6258,1,301.1,310.7,1583,40.7,2,0,0,0,0,0,0
6259,1,301.2,310.8,1396,47.4,5,0,0,0,0,0,0
6260,0,301.1,310.7,1436,45.3,8,0,0,0,0,0,0
6261,0,301.1,310.6,1417,47.6,10,0,0,0,0,0,0
6262,0,301.0,310.6,1641,33.4,12,0,0,0,0,0,0
6263,1,301.0,310.6,1698,27.3,14,0,0,0,0,0,0
6264,0,300.9,310.4,1541,39.1,17,0,0,0,0,0,0
6265,0,300.8,310.3,1383,46.6,19,0,0,0,0,0,0
6266,0,300.8,310.4,1368,46.8,21,0,0,0,0,0,0
6267,0,300.8,310.4,1570,35.2,23,0,0,0,0,0,0
6268,0,300.9,310.5,1616,33.5,25,0,0,0,0,0,0
6269,1,300.9,310.5,1444,43.2,27,0,0,0,0,0,0
6271,1,300.9,310.5,1702,29.3,32,0,0,0,0,0,0
6272,1,301.1,310.6,1429,52.7,35,0,0,0,0,0,0
6273,0,301.2,310.8,1711,28.9,38,0,0,0,0,0,0
6274,1,301.2,310.7,1543,32.9,40,0,0,0,0,0,0
6275,0,301.3,310.8,1628,32.2,43,0,0,0,0,0,0
6276,0,301.2,310.8,1233,64.6,45,0,0,0,0,0,0
6277,0,301.2,310.8,1461,40.6,47,0,0,0,0,0,0
6278,0,301.2,310.7,1568,38.3,49,0,0,0,0,0,0
6279,0,301.3,310.8,1432,54.4,51,0,0,0,0,0,0
6280,1,301.2,310.7,1527,41.1,53,0,0,0,0,0,0
6281,1,301.3,310.8,1455,41.2,56,0,0,0,0,0,0
6282,1,301.3,310.8,1418,45.4,59,0,0,0,0,0,0
6283,0,301.3,310.8,1719,29.5,62,0,0,0,0,0,0
6284,1,301.2,310.8,1734,31.3,64,0,0,0,0,0,0
6285,1,301.2,310.7,1426,46.1,67,0,0,0,0,0,0
6286,0,301.1,310.6,1611,35.2,70,0,0,0,0,0,0
6287,1,301.1,310.6,1479,41.1,72,0,0,0,0,0,0
6288,0,301.0,310.5,1317,50.9,75,0,0,0,0,0,0
6289,0,301.0,310.5,1248,61.4,77,0,0,0,0,0,0
6291,1,301.1,310.5,1547,35.8,81,0,0,0,0,0,0
6292,0,301.0,310.4,1614,31.6,84,0,0,0,0,0,0
6293,2,301.0,310.4,1512,44.9,86,0,0,0,0,0,0
6294,0,301.1,310.5,1529,38.7,91,0,0,0,0,0,0
6295,2,301.1,310.6,1782,24.9,93,0,0,0,0,0,0
6296,0,301.0,310.5,1429,39.4,98,0,0,0,0,0,0
6297,1,301.1,310.5,1309,60.7,100,0,0,0,0,0,0
6298,0,301.1,310.5,1428,44.1,103,0,0,0,0,0,0
6299,0,301.2,310.6,1385,49.2,105,0,0,0,0,0,0
6300,0,301.2,310.7,1517,39.4,107,0,0,0,0,0,0
6301,1,301.2,310.6,1576,39.6,109,0,0,0,0,0,0
6302,0,301.2,310.6,1437,51.2,112,0,0,0,0,0,0
6303,2,301.2,310.6,1457,50.5,114,0,0,0,0,0,0
6304,0,301.1,310.5,1532,37.5,119,0,0,0,0,0,0
6305,1,301.1,310.5,1603,32.6,121,0,0,0,0,0,0
6306,0,301.0,310.4,1563,34.4,124,0,0,0,0,0,0
6307,0,301.0,310.3,1617,34.5,126,0,0,0,0,0,0
6308,1,300.8,310.1,1686,26.9,128,0,0,0,0,0,0
6309,0,300.9,310.2,1382,50.4,131,0,0,0,0,0,0
6311,0,300.9,310.3,1446,44.5,135,0,0,0,0,0,0
6312,1,300.9,310.2,1533,38.1,137,0,0,0,0,0,0
6313,0,300.9,310.3,1440,47.6,140,0,0,0,0,0,0
6314,1,301.0,310.4,1793,25.0,142,0,0,0,0,0,0
6315,1,301.0,310.4,1517,46.1,145,0,0,0,0,0,0
6316,0,300.9,310.4,1544,36.0,148,0,0,0,0,0,0
6317,0,300.9,310.3,1321,48.8,150,0,0,0,0,0,0
6318,1,300.9,310.3,1416,50.9,152,0,0,0,0,0,0
6319,0,300.8,310.2,1514,40.0,155,0,0,0,0,0,0
6320,1,300.8,310.2,1304,52.5,157,0,0,0,0,0,0
6321,0,300.7,310.2,1286,64.9,160,0,0,0,0,0,0
6322,1,300.7,310.1,1483,40.2,162,0,0,0,0,0,0
6323,0,300.7,310.1,1351,46.9,165,0,0,0,0,0,0
6324,1,300.7,310.1,1367,52.6,167,0,0,0,0,0,0
6325,0,300.7,310.1,1721,32.3,170,0,0,0,0,0,0
6326,0,300.6,310.0,1455,40.4,172,0,0,0,0,0,0
6327,0,300.6,310.0,1425,49.5,174,0,0,0,0,0,0
6328,0,300.7,310.0,1672,29.7,176,0,0,0,0,0,0
6329,1,300.7,310.0,1641,34.6,178,0,0,0,0,0,0
6330,1,300.5,310.0,1580,37.0,181,0,0,0,0,0,0
6331,2,300.5,310.0,1495,47.4,184,0,0,0,0,0,0
6333,1,300.4,309.9,1415,31.8,192,0,0,0,0,0,0
6334,1,300.4,309.8,1725,30.4,195,0,0,0,0,0,0
6335,1,300.4,309.8,1430,43.4,198,0,0,0,0,0,0
6336,0,300.4,309.8,1395,48.1,201,0,0,0,0,0,0
6337,1,300.4,309.8,1435,43.6,203,0,0,0,0,0,0
6338,0,300.4,309.9,1681,28.6,206,0,0,0,0,0,0
6339,0,300.5,310.0,1451,48.6,208,0,0,0,0,0,0
6340,2,300.5,309.9,1397,45.9,210,1,1,0,0,0,0
6341,1,300.4,309.8,1421,47.2,0,0,0,0,0,0,0
6342,1,300.3,309.8,1444,42.0,3,0,0,0,0,0,0
6343,0,300.2,309.8,1827,23.0,6,0,0,0,0,0,0
6344,2,300.2,309.8,1374,47.7,8,0,0,0,0,0,0
6345,0,300.2,309.8,1650,29.6,13,0,0,0,0,0,0
6346,0,300.2,309.7,1275,60.7,15,0,0,0,0,0,0
6347,0,300.2,309.7,1421,44.6,17,0,0,0,0,0,0
6348,0,300.2,309.8,1557,33.8,19,0,0,0,0,0,0
6349,0,300.1,309.8,1506,35.2,21,0,0,0,0,0,0
6350,0,300.1,309.7,1362,49.1,23,0,0,0,0,0,0
6351,0,300.0,309.7,1542,47.1,25,0,0,0,0,0,0
6352,0,300.0,309.6,1496,38.8,27,0,0,0,0,0,0
6353,1,300.0,309.6,1491,42.0,29,0,0,0,0,0,0
6354,0,300.1,309.6,1565,34.8,32,0,0,0,0,0,0
6355,0,300.1,309.7,1481,37.9,34,0,0,0,0,0,0
6356,1,300.1,309.7,1420,48.4,36,0,0,0,0,0,0
6357,0,300.2,309.8,1398,54.8,39,0,0,0,0,0,0
6358,1,300.2,309.8,1466,45.7,41,0,0,0,0,0,0
6359,0,300.1,309.8,1430,56.7,44,0,0,0,0,0,0
6360,0,300.1,309.7,1441,40.1,46,0,0,0,0,0,0
6361,1,300.1,309.7,1348,57.3,48,0,0,0,0,0,0
6362,0,300.0,309.6,1738,28.7,51,0,0,0,0,0,0
6363,1,300.0,309.6,1618,36.2,53,0,0,0,0,0,0
6364,1,299.9,309.6,1489,41.7,56,0,0,0,0,0,0
6365,1,299.9,309.5,1412,57.9,59,0,0,0,0,0,0
6367,0,300.0,309.6,1571,33.1,65,0,0,0,0,0,0
6368,1,300.0,309.6,1423,48.7,67,0,0,0,0,0,0
6369,2,300.0,309.5,1781,24.9,70,0,0,0,0,0,0
6370,0,300.1,309.6,1321,46.9,75,0,0,0,0,0,0
6371,0,300.1,309.6,1546,36.7,77,0,0,0,0,0,0
6372,1,300.0,309.5,1879,22.4,79,0,0,0,0,0,0
6373,2,300.0,309.5,1735,28.9,82,0,0,0,0,0,0
6374,0,300.0,309.5,1506,38.8,87,0,0,0,0,0,0
6375,2,300.0,309.6,1629,32.3,89,0,0,0,0,0,0
6376,0,300.0,309.6,1694,28.7,94,0,0,0,0,0,0
6377,0,300.1,309.6,1541,37.0,96,0,0,0,0,0,0
6378,0,300.0,309.6,1514,44.6,98,0,0,0,0,0,0
6379,0,300.1,309.7,1485,45.9,100,0,0,0,0,0,0
6380,0,300.2,309.8,1430,55.0,102,0,0,0,0,0,0
6381,0,300.2,309.7,1771,27.1,104,0,0,0,0,0,0
6382,0,300.2,309.8,1481,41.9,106,0,0,0,0,0,0
6383,2,300.2,309.7,1483,43.8,108,0,0,0,0,0,0
6384,2,300.1,309.6,1463,45.1,113,0,0,0,0,0,0
6385,0,300.1,309.7,1410,48.3,118,0,0,0,0,0,0
6386,0,300.2,309.7,1656,34.3,120,0,0,0,0,0,0
6387,1,300.2,309.8,1487,39.2,122,0,0,0,0,0,0
6388,2,300.3,309.9,1509,46.6,125,0,0,0,0,0,0
6389,2,300.3,309.9,1677,30.1,130,0,0,0,0,0,0
6390,0,300.3,309.8,1450,55.0,135,0,0,0,0,0,0
6391,1,300.2,309.7,1413,43.0,137,0,0,0,0,0,0
6392,0,300.1,309.7,1680,33.8,140,0,0,0,0,0,0
6393,0,300.2,309.7,1678,30.5,142,0,0,0,0,0,0
6394,1,300.2,309.7,1408,44.0,144,0,0,0,0,0,0
6395,1,300.1,309.6,1376,52.1,147,0,0,0,0,0,0
6396,0,300.0,309.6,1526,46.4,150,0,0,0,0,0,0
6397,1,300.0,309.6,1587,32.6,152,0,0,0,0,0,0
6398,0,300.1,309.7,1351,58.2,155,0,0,0,0,0,0
6399,1,300.1,309.6,1501,38.0,157,0,0,0,0,0,0
6400,0,300.1,309.7,1601,35.8,160,0,0,0,0,0,0
6401,1,300.0,309.6,1573,39.7,162,0,0,0,0,0,0
6402,1,300.1,309.6,1584,36.7,165,0,0,0,0,0,0
6403,0,300.1,309.6,1649,33.6,168,0,0,0,0,0,0
6404,1,300.2,309.7,1183,61.4,170,0,0,0,0,0,0
6406,0,300.2,309.8,1526,45.6,175,0,0,0,0,0,0
6407,1,300.3,309.9,1611,29.0,177,0,0,0,0,0,0
6408,0,300.3,309.9,1601,31.7,180,0,0,0,0,0,0
6409,0,300.3,310.0,1560,40.8,182,0,0,0,0,0,0
6410,0,300.4,310.1,1544,41.9,184,0,0,0,0,0,0
6411,1,300.4,310.0,1560,42.3,186,0,0,0,0,0,0
6412,0,300.4,310.0,1423,44.2,189,0,0,0,0,0,0
6413,0,300.4,310.1,1614,33.5,191,0,0,0,0,0,0
6414,1,300.4,310.1,1457,35.1,193,0,0,0,0,0,0
6415,0,300.4,310.1,1503,42.2,196,0,0,0,0,0,0
6416,2,300.4,310.1,1484,38.0,198,0,0,0,0,0,0
6417,0,300.3,309.9,1540,39.9,203,0,0,0,0,0,0
6418,2,300.3,309.9,1405,52.1,205,0,0,0,0,0,0
6419,2,300.3,309.9,1394,46.7,210,1,1,0,0,0,0
6420,0,300.3,309.9,1518,36.4,0,0,0,0,0,0,0
6421,0,300.3,309.9,1527,41.4,2,0,0,0,0,0,0
6422,0,300.3,309.9,1377,55.3,4,0,0,0,0,0,0
6423,1,300.3,310.0,1537,37.5,6,0,0,0,0,0,0
6424,1,300.3,310.0,1409,43.2,9,0,0,0,0,0,0
6425,0,300.3,309.9,1393,56.1,12,0,0,0,0,0,0
6426,0,300.2,309.7,1448,36.8,14,0,0,0,0,0,0
6427,0,300.2,309.8,1418,49.3,16,0,0,0,0,0,0
6428,1,300.2,309.8,1743,24.1,18,0,0,0,0,0,0
6429,1,300.2,309.8,1394,47.4,21,0,0,0,0,0,0
6430,0,300.3,309.8,1523,39.2,24,0,0,0,0,0,0
6431,0,300.2,309.8,1353,59.4,26,0,0,0,0,0,0
6432,1,300.3,309.9,1447,46.5,28,0,0,0,0,0,0
6433,0,300.3,309.9,1570,34.0,31,0,0,0,0,0,0
6434,1,300.3,309.9,1494,38.5,33,0,0,0,0,0,0
6435,0,300.3,309.9,1621,34.1,36,0,0,0,0,0,0
6436,0,300.4,310.0,1769,26.1,38,0,0,0,0,0,0
6437,0,300.4,310.0,1282,66.1,40,0,0,0,0,0,0
6438,0,300.4,310.0,1581,30.3,42,0,0,0,0,0,0
6439,0,300.6,310.1,1656,32.7,44,0,0,0,0,0,0
6440,0,300.6,310.2,1648,31.7,46,0,0,0,0,0,0
6441,0,300.7,310.2,1639,31.4,48,0,0,0,0,0,0
6442,0,300.7,310.2,1348,54.8,50,0,0,0,0,0,0
6443,0,300.8,310.3,1537,33.3,52,0,0,0,0,0,0
6444,1,300.8,310.3,1270,61.0,54,0,0,0,0,0,0
6445,0,300.7,310.3,1662,34.4,57,0,0,0,0,0,0
6446,1,300.7,310.3,1471,40.2,59,0,0,0,0,0,0
6447,0,300.6,310.1,1337,45.8,62,0,0,0,0,0,0
6448,2,300.7,310.2,1877,24.8,64,0,0,0,0,0,0
6449,0,300.6,310.2,1519,44.6,69,0,0,0,0,0,0
6450,0,300.6,310.2,1378,47.3,71,0,0,0,0,0,0
6451,0,300.7,310.2,1696,27.5,73,0,0,0,0,0,0
6452,0,300.7,310.1,1376,50.8,75,0,0,0,0,0,0
6453,0,300.7,310.2,1807,24.2,77,0,0,0,0,0,0
6454,0,300.7,310.1,1598,32.8,79,0,0,0,0,0,0
6455,0,300.7,310.1,1565,40.2,81,0,0,0,0,0,0
6456,0,300.7,310.2,1387,50.6,83,0,0,0,0,0,0
6457,0,300.7,310.0,1395,48.0,85,0,0,0,0,0,0
6458,1,300.6,310.0,1302,62.9,87,0,0,0,0,0,0
6459,1,300.6,310.0,1397,55.2,90,0,0,0,0,0,0
6460,0,300.6,310.0,1313,52.9,93,0,0,0,0,0,0
6461,0,300.6,310.0,1505,35.9,95,0,0,0,0,0,0
6462,2,300.6,310.0,1483,44.0,97,0,0,0,0,0,0
6463,2,300.5,310.0,1358,60.4,102,0,0,0,0,0,0
6464,1,300.5,309.9,1735,27.0,107,0,0,0,0,0,0
6465,1,300.5,309.8,1416,48.5,110,0,0,0,0,0,0
6466,0,300.4,309.7,1740,31.1,113,0,0,0,0,0,0
6467,0,300.4,309.7,1692,27.4,115,0,0,0,0,0,0
6468,0,300.5,309.8,1507,42.5,117,0,0,0,0,0,0
6469,1,300.4,309.6,1521,35.0,119,0,0,0,0,0,0
6470,0,300.4,309.6,1379,54.5,122,0,0,0,0,0,0
6471,0,300.4,309.6,1523,38.5,124,0,0,0,0,0,0
6472,2,300.4,309.6,1571,33.6,126,0,0,0,0,0,0
6473,2,300.4,309.5,1547,50.7,131,0,0,0,0,0,0
6474,1,300.5,309.7,1347,54.3,136,0,0,0,0,0,0
6475,0,300.5,309.7,1560,30.2,139,0,0,0,0,0,0
6476,0,300.5,309.7,1384,48.6,141,0,0,0,0,0,0
6477,0,300.5,309.7,1841,24.6,143,0,0,0,0,0,0
6478,0,300.5,309.8,1663,29.1,145,1,0,0,0,0,0
6479,0,300.6,309.8,1418,42.7,147,0,0,0,0,0,0
6480,0,300.7,309.9,1775,26.6,149,0,0,0,0,0,0
6481,0,300.7,309.8,1406,48.4,151,0,0,0,0,0,0
6482,0,300.6,309.9,1480,43.7,153,0,0,0,0,0,0
6483,0,300.7,309.9,1412,45.3,155,0,0,0,0,0,0
6485,0,300.6,309.8,1629,37.6,162,0,0,0,0,0,0
6487,2,300.6,309.8,1541,36.2,166,0,0,0,0,0,0
6488,0,300.7,309.8,1330,54.4,171,0,0,0,0,0,0
6489,1,300.7,309.8,1490,38.8,173,0,0,0,0,0,0
6490,0,300.7,309.9,1383,44.5,176,0,0,0,0,0,0
6491,0,300.8,310.0,1468,52.7,178,0,0,0,0,0,0
6492,1,300.8,309.9,1444,46.0,180,0,0,0,0,0,0
6493,0,300.7,309.8,1363,53.1,183,0,0,0,0,0,0
6494,0,300.6,309.7,1617,33.2,185,0,0,0,0,0,0
6495,1,300.6,309.8,1694,31.1,187,0,0,0,0,0,0
6496,0,300.7,309.9,1815,27.0,190,0,0,0,0,0,0
6497,0,300.8,309.9,1312,65.3,192,1,0,0,0,1,0
6499,0,300.9,310.0,1671,26.8,199,0,0,0,0,0,0
6500,1,300.9,310.0,1416,46.6,201,0,0,0,0,0,0
6501,1,300.9,310.0,1600,36.0,204,0,0,0,0,0,0
6503,1,300.9,309.9,1465,42.9,209,0,0,0,0,0,0
6504,1,301.0,310.1,1681,27.4,212,0,0,0,0,0,0
6505,0,301.1,310.1,1457,39.6,215,0,0,0,0,0,0
6506,2,301.0,310.1,1454,44.1,217,0,0,0,0,0,0
6507,0,301.0,310.1,1558,32.6,0,0,0,0,0,0,0
6508,2,301.0,310.1,1756,30.7,2,0,0,0,0,0,0
6509,0,301.1,310.1,1564,36.8,7,0,0,0,0,0,0
6510,0,301.1,310.2,1455,55.3,9,0,0,0,0,0,0
6512,1,301.1,310.0,1433,48.1,14,0,0,0,0,0,0
6513,0,301.1,310.0,1513,38.0,17,0,0,0,0,0,0
6514,0,301.0,309.9,1507,41.8,19,0,0,0,0,0,0
6515,0,301.0,310.0,1480,43.5,21,0,0,0,0,0,0
6516,2,301.1,310.0,1470,40.1,23,0,0,0,0,0,0
6517,0,301.1,310.1,1540,36.6,28,0,0,0,0,0,0
6519,0,301.1,310.1,1417,46.9,35,0,0,0,0,0,0
6520,1,301.2,310.1,1666,34.9,37,0,0,0,0,0,0
6521,0,301.1,310.1,1666,27.2,40,0,0,0,0,0,0
6522,0,301.1,310.1,1489,45.8,42,0,0,0,0,0,0
6523,1,301.1,310.2,1850,27.7,44,0,0,0,0,0,0
6524,0,301.1,310.4,1874,24.8,47,0,0,0,0,0,0
6526,0,301.2,310.4,1515,38.4,51,0,0,0,0,0,0
6527,0,301.2,310.4,1516,44.4,53,0,0,0,0,0,0
6528,0,301.2,310.5,1546,40.0,55,0,0,0,0,0,0
6529,0,301.3,310.6,1481,40.9,57,0,0,0,0,0,0
6530,2,301.3,310.6,1605,32.5,59,0,0,0,0,0,0
6531,2,301.2,310.7,1656,26.2,64,0,0,0,0,0,0
6532,2,301.2,310.6,1352,52.0,69,0,0,0,0,0,0
6533,0,301.3,310.7,1504,47.2,74,0,0,0,0,0,0
6534,0,301.3,310.6,1436,44.2,76,0,0,0,0,0,0
6535,2,301.2,310.5,1505,43.6,78,0,0,0,0,0,0
6536,0,301.3,310.5,1406,47.1,83,0,0,0,0,0,0
6537,1,301.3,310.5,1481,39.7,85,0,0,0,0,0,0
6538,0,301.4,310.7,1487,44.6,88,0,0,0,0,0,0
6539,0,301.4,310.7,1436,54.1,90,0,0,0,0,0,0
6540,1,301.4,310.7,1368,63.7,92,1,0,0,1,0,0
6541,0,301.4,310.7,1509,38.3,95,0,0,0,0,0,0
6542,0,301.4,310.8,1543,36.9,97,0,0,0,0,0,0
6543,0,301.4,310.8,1698,29.6,99,0,0,0,0,0,0
6544,1,301.4,310.7,1470,46.5,101,0,0,0,0,0,0
6545,1,301.4,310.8,1738,30.3,104,0,0,0,0,0,0
6546,1,301.4,310.8,1530,39.9,107,0,0,0,0,0,0
6547,0,301.4,310.8,1740,29.2,110,0,0,0,0,0,0
6548,0,301.4,310.8,1770,24.1,112,0,0,0,0,0,0
6549,2,301.3,310.6,1527,44.0,114,0,0,0,0,0,0
6550,0,301.3,310.7,1516,46.0,119,0,0,0,0,0,0
6551,0,301.4,310.7,1616,36.5,121,0,0,0,0,0,0
6552,0,301.4,310.7,1786,26.1,123,0,0,0,0,0,0
6553,0,301.4,310.8,1389,52.7,125,0,0,0,0,0,0
6554,1,301.4,310.7,1639,29.8,127,0,0,0,0,0,0
6555,2,301.5,310.7,1394,46.7,130,0,0,0,0,0,0
6556,0,301.5,310.7,1686,27.9,135,0,0,0,0,0,0
6557,1,301.5,310.6,1638,31.9,137,0,0,0,0,0,0
6558,1,301.5,310.6,1447,41.9,140,0,0,0,0,0,0
6559,2,301.5,310.6,1512,39.0,143,0,0,0,0,0,0
6561,0,301.5,310.7,1596,35.4,150,0,0,0,0,0,0
6562,1,301.5,310.7,1871,21.3,152,0,0,0,0,0,0
6564,0,301.4,310.6,1557,38.2,157,0,0,0,0,0,0
6565,0,301.4,310.6,1550,36.8,159,0,0,0,0,0,0
6567,1,301.3,310.6,1499,36.1,163,0,0,0,0,0,0
6568,0,301.3,310.6,1521,36.3,166,0,0,0,0,0,0
6569,1,301.4,310.7,1375,42.0,168,0,0,0,0,0,0
6570,0,301.4,310.6,1634,31.1,171,0,0,0,0,0,0
6571,1,301.3,310.6,1378,49.4,173,0,0,0,0,0,0
6572,0,301.4,310.7,1428,53.7,176,0,0,0,0,0,0
6573,1,301.4,310.6,1855,25.3,178,0,0,0,0,0,0
6574,0,301.4,310.6,1578,33.0,181,0,0,0,0,0,0
6575,1,301.4,310.5,1451,45.3,183,0,0,0,0,0,0
6576,0,301.5,310.5,1644,34.9,186,0,0,0,0,0,0
6577,0,301.4,310.4,1388,45.3,188,0,0,0,0,0,0
6578,0,301.4,310.4,1543,40.9,190,0,0,0,0,0,0
6579,0,301.3,310.4,1501,41.6,192,0,0,0,0,0,0
6580,0,301.3,310.4,1507,39.1,194,0,0,0,0,0,0
6581,0,301.4,310.4,1559,36.0,196,0,0,0,0,0,0
6582,0,301.5,310.5,1528,35.7,198,0,0,0,0,0,0
6583,1,301.5,310.5,1503,38.2,200,0,0,0,0,0,0
6584,0,301.5,310.5,1372,44.0,203,0,0,0,0,0,0
6585,1,301.5,310.5,1600,32.8,205,0,0,0,0,0,0
6586,0,301.5,310.6,1453,44.0,208,0,0,0,0,0,0
6587,1,301.6,310.7,1813,24.6,210,0,0,0,0,0,0
6588,0,301.6,310.7,1457,40.4,213,0,0,0,0,0,0
6589,1,301.6,310.6,1553,38.9,0,0,0,0,0,0,0
6590,0,301.7,310.7,1763,25.9,3,0,0,0,0,0,0
6592,1,301.6,310.7,1457,47.8,7,0,0,0,0,0,0
6593,0,301.6,310.7,1679,29.5,10,0,0,0,0,0,0
6595,1,301.5,310.7,1460,38.6,14,0,0,0,0,0,0
6596,1,301.5,310.7,1454,39.4,17,0,0,0,0,0,0
6597,0,301.5,310.6,1481,46.8,20,0,0,0,0,0,0
6598,0,301.5,310.7,1424,51.1,22,0,0,0,0,0,0
6599,0,301.6,310.7,1494,39.5,24,0,0,0,0,0,0
6600,1,301.5,310.6,1424,47.0,26,0,0,0,0,0,0
6601,1,301.5,310.7,1347,47.9,29,0,0,0,0,0,0
6602,0,301.5,310.6,1374,46.7,32,0,0,0,0,0,0
6603,1,301.5,310.6,1403,47.4,34,0,0,0,0,0,0
6604,1,301.5,310.6,1573,37.4,37,0,0,0,0,0,0
6605,1,301.6,310.6,1691,30.1,40,0,0,0,0,0,0
6606,2,301.5,310.5,1538,44.3,43,0,0,0,0,0,0
6607,0,301.5,310.5,1556,39.1,48,0,0,0,0,0,0
6608,1,301.5,310.4,1593,36.8,50,0,0,0,0,0,0
6609,0,301.5,310.4,1474,39.9,53,0,0,0,0,0,0
6610,0,301.5,310.4,1543,34.0,55,0,0,0,0,0,0
6611,2,301.5,310.5,1587,33.8,57,0,0,0,0,0,0
6613,0,301.7,310.6,1513,41.1,64,0,0,0,0,0,0
6614,0,301.7,310.6,1660,28.7,66,0,0,0,0,0,0
6615,0,301.7,310.6,1545,42.1,68,0,0,0,0,0,0
6616,1,301.7,310.6,1380,45.8,70,0,0,0,0,0,0
6617,0,301.6,310.6,1321,60.8,73,0,0,0,0,0,0
6618,1,301.6,310.6,1309,65.8,75,1,0,0,1,0,0
6619,1,301.7,310.7,1627,31.3,78,0,0,0,0,0,0
6620,1,301.6,310.7,1791,23.8,81,0,0,0,0,0,0
6621,1,301.7,310.7,1861,21.8,84,0,0,0,0,0,0
6622,0,301.7,310.7,1493,51.1,87,0,0,0,0,0,0
6623,1,301.7,310.7,1442,41.1,89,0,0,0,0,0,0
6624,0,301.7,310.7,1532,39.8,92,0,0,0,0,0,0
6625,1,301.6,310.7,1421,44.4,94,0,0,0,0,0,0
6626,0,301.6,310.6,1613,42.5,97,0,0,0,0,0,0
6627,1,301.7,310.6,1876,22.1,99,0,0,0,0,0,0
6628,0,301.6,310.5,1593,34.5,102,0,0,0,0,0,0
6629,0,301.6,310.5,1397,49.4,104,0,0,0,0,0,0
6630,1,301.6,310.5,1414,49.3,106,0,0,0,0,0,0
6631,1,301.5,310.4,1378,55.3,109,0,0,0,0,0,0
6632,0,301.4,310.4,1301,51.2,112,0,0,0,0,0,0
6633,1,301.5,310.5,1737,29.3,114,0,0,0,0,0,0
6634,0,301.5,310.5,1396,44.5,117,0,0,0,0,0,0
6635,0,301.5,310.5,1534,39.3,119,0,0,0,0,0,0
6636,1,301.5,310.5,1774,25.5,121,0,0,0,0,0,0
6637,2,301.5,310.5,1453,48.0,124,0,0,0,0,0,0
6638,0,301.5,310.5,1453,44.2,129,0,0,0,0,0,0
6639,0,301.4,310.5,1380,48.4,131,0,0,0,0,0,0
6640,0,301.4,310.4,1334,43.2,133,0,0,0,0,0,0
6641,0,301.5,310.5,1702,28.7,135,0,0,0,0,0,0
6642,0,301.6,310.6,1431,37.5,137,0,0,0,0,0,0
6643,1,301.5,310.5,1308,60.5,139,0,0,0,0,0,0
6644,0,301.5,310.6,1565,43.9,142,0,0,0,0,0,0
6645,1,301.5,310.4,1486,39.6,144,0,0,0,0,0,0
6646,0,301.5,310.5,1479,34.2,147,0,0,0,0,0,0
6648,0,301.5,310.4,1488,41.1,151,0,0,0,0,0,0
6649,1,301.5,310.4,1350,54.9,153,0,0,0,0,0,0
6650,0,301.6,310.4,1561,35.3,156,0,0,0,0,0,0
6651,1,301.5,310.4,1276,55.6,158,0,0,0,0,0,0
6652,2,301.5,310.4,1580,35.7,161,0,0,0,0,0,0
6653,1,301.4,310.3,1610,29.1,166,0,0,0,0,0,0
6655,0,301.4,310.3,1639,32.7,171,0,0,0,0,0,0
6656,1,301.4,310.4,1553,44.7,173,0,0,0,0,0,0
6657,0,301.4,310.3,1374,47.6,176,0,0,0,0,0,0
6658,0,301.4,310.4,1430,50.9,178,0,0,0,0,0,0
6659,0,301.3,310.3,1626,31.3,180,0,0,0,0,0,0
6660,2,301.4,310.5,1421,43.8,182,0,0,0,0,0,0
6661,1,301.3,310.4,1501,39.8,187,0,0,0,0,0,0
6663,0,301.3,310.4,1504,47.2,193,0,0,0,0,0,0
6664,0,301.3,310.4,1538,38.4,195,0,0,0,0,0,0
6665,0,301.3,310.4,1440,41.5,197,0,0,0,0,0,0
6666,0,301.3,310.4,1414,51.4,199,0,0,0,0,0,0
6667,2,301.4,310.5,1536,39.9,201,0,0,0,0,0,0
6668,0,301.4,310.5,1476,39.2,206,0,0,0,0,0,0
6669,0,301.4,310.5,1571,33.9,208,0,0,0,0,0,0
6671,0,301.5,310.6,1357,42.1,212,0,0,0,0,0,0
6672,0,301.6,310.7,1424,50.5,214,0,0,0,0,0,0
6673,0,301.6,310.7,1380,51.8,216,1,0,0,0,1,0
6674,0,301.5,310.7,1618,35.5,218,0,0,0,0,0,0
6675,0,301.5,310.6,1579,28.0,220,0,0,0,0,0,0
6676,0,301.5,310.7,1423,44.0,222,0,0,0,0,0,0
6677,0,301.5,310.7,1435,38.5,224,0,0,0,0,0,0
6678,1,301.5,310.7,1336,65.6,0,1,0,0,1,0,0
6679,0,301.6,310.8,1392,42.4,3,0,0,0,0,0,0
6680,0,301.5,310.8,1417,49.7,5,0,0,0,0,0,0
6681,0,301.4,310.7,1425,45.1,7,0,0,0,0,0,0
6682,0,301.5,310.8,1512,38.9,9,0,0,0,0,0,0
6683,0,301.5,310.9,1318,50.6,11,0,0,0,0,0,0
6684,0,301.6,310.9,1538,40.4,13,0,0,0,0,0,0
6685,0,301.6,310.9,1532,43.6,15,0,0,0,0,0,0
6686,0,301.7,311.0,1715,24.8,17,0,0,0,0,0,0
6687,0,301.7,311.0,1700,28.7,19,0,0,0,0,0,0
6688,0,301.7,311.0,1548,40.3,21,0,0,0,0,0,0
6689,0,301.7,311.0,1546,43.0,23,0,0,0,0,0,0
6690,0,301.7,311.0,1343,49.2,25,0,0,0,0,0,0
6691,1,301.7,311.0,1510,47.8,27,0,0,0,0,0,0
6692,1,301.8,311.0,1839,23.6,30,0,0,0,0,0,0
6693,1,301.8,311.0,1756,26.7,33,0,0,0,0,0,0
6694,1,301.7,310.9,1300,62.7,36,0,0,0,0,0,0
6695,1,301.7,311.0,1311,55.8,39,0,0,0,0,0,0
6696,0,301.7,310.9,1636,31.3,42,0,0,0,0,0,0
6697,0,301.6,310.9,1643,34.1,44,0,0,0,0,0,0
6698,0,301.6,310.8,1418,44.7,46,0,0,0,0,0,0
6699,1,301.7,310.8,1516,40.4,48,0,0,0,0,0,0
6700,2,301.6,310.9,1419,50.2,51,0,0,0,0,0,0
6701,0,301.6,310.9,1623,34.1,56,0,0,0,0,0,0
6702,1,301.6,310.8,1664,32.0,58,0,0,0,0,0,0
6703,1,301.5,310.7,1744,28.2,61,0,0,0,0,0,0
6704,1,301.5,310.7,1510,36.0,64,0,0,0,0,0,0
6705,1,301.5,310.6,1382,58.1,67,0,0,0,0,0,0
6706,0,301.4,310.6,1381,46.1,70,0,0,0,0,0,0
6707,0,301.3,310.6,1556,39.0,72,0,0,0,0,0,0
6708,1,301.4,310.6,1464,37.4,74,0,0,0,0,0,0
6709,0,301.4,310.6,1481,37.6,77,0,0,0,0,0,0
6710,0,301.5,310.7,1323,49.7,79,0,0,0,0,0,0
6711,0,301.5,310.7,1426,46.1,81,0,0,0,0,0,0
6712,2,301.4,310.7,1516,36.4,83,0,0,0,0,0,0
6713,0,301.3,310.6,1416,45.2,88,0,0,0,0,0,0
6714,0,301.3,310.6,1440,53.8,90,0,0,0,0,0,0
6715,0,301.3,310.6,1576,30.4,92,0,0,0,0,0,0
6716,0,301.3,310.6,1387,53.6,94,0,0,0,0,0,0
6717,1,301.4,310.6,1464,48.6,96,0,0,0,0,0,0
6719,1,301.4,310.6,1431,40.6,101,0,0,0,0,0,0
6720,0,301.3,310.6,1458,48.0,104,0,0,0,0,0,0
6721,0,301.4,310.7,1280,61.0,106,0,0,0,0,0,0
6722,0,301.4,310.7,1657,28.7,108,0,0,0,0,0,0
6723,1,301.4,310.6,1565,36.1,110,0,0,0,0,0,0
6724,0,301.3,310.6,1560,36.8,113,0,0,0,0,0,0
6725,1,301.5,310.7,1359,47.1,115,0,0,0,0,0,0
6726,0,301.5,310.8,1500,41.0,118,0,0,0,0,0,0
6727,0,301.5,310.8,1785,25.5,120,0,0,0,0,0,0
6728,0,301.5,310.9,1891,23.2,122,0,0,0,0,0,0
6729,2,301.5,310.9,1524,40.4,124,0,0,0,0,0,0
6730,1,301.6,311.0,1431,42.3,129,0,0,0,0,0,0
6731,0,301.6,310.9,1385,51.2,132,0,0,0,0,0,0
6732,0,301.7,311.0,1503,44.8,134,0,0,0,0,0,0
6733,1,301.7,311.0,1311,46.8,136,0,0,0,0,0,0
6734,1,301.6,310.9,1575,40.1,139,0,0,0,0,0,0
6735,0,301.6,311.0,1485,40.1,142,0,0,0,0,0,0
6736,0,301.7,311.0,1527,42.2,144,0,0,0,0,0,0
6737,1,301.7,311.0,1537,33.5,146,0,0,0,0,0,0
6738,2,301.8,311.1,1463,50.1,149,0,0,0,0,0,0
6739,0,301.7,311.2,1482,43.6,154,0,0,0,0,0,0
6740,0,301.8,311.2,1417,55.9,156,0,0,0,0,0,0
6741,1,301.7,311.1,1506,39.5,158,0,0,0,0,0,0
6742,2,301.7,311.2,1639,30.0,161,0,0,0,0,0,0
6743,0,301.7,311.2,1418,38.0,166,0,0,0,0,0,0
6744,1,301.7,311.0,1298,58.1,168,0,0,0,0,0,0
6745,1,301.8,311.1,1395,44.6,171,0,0,0,0,0,0
6746,1,301.7,311.1,1578,40.5,174,0,0,0,0,0,0
6747,1,301.8,311.1,1597,29.8,177,0,0,0,0,0,0
6749,0,301.7,311.0,1585,35.9,185,0,0,0,0,0,0
6750,1,301.7,311.0,1505,44.0,187,0,0,0,0,0,0
6751,1,301.7,311.0,1505,37.1,190,0,0,0,0,0,0
6752,0,301.6,310.9,1706,29.5,193,0,0,0,0,0,0
6753,0,301.6,310.9,1385,50.7,195,0,0,0,0,0,0
6754,0,301.8,311.1,1495,36.9,197,0,0,0,0,0,0
6755,1,301.8,311.1,1663,31.6,199,0,0,0,0,0,0
6756,0,301.8,311.2,1840,26.6,202,0,0,0,0,0,0
6757,0,301.8,311.2,1822,26.2,204,0,0,0,0,0,0
6758,0,301.7,311.1,1644,32.8,206,0,0,0,0,0,0
6759,0,301.7,311.0,1441,44.3,208,1,1,0,0,0,0
6760,0,301.5,310.9,1451,40.6,0,0,0,0,0,0,0
6761,0,301.5,310.9,1400,50.8,2,0,0,0,0,0,0
6762,0,301.4,310.8,1362,53.2,4,0,0,0,0,0,0
6763,1,301.4,310.8,1782,26.5,6,0,0,0,0,0,0
6764,0,301.4,310.9,1536,38.3,9,0,0,0,0,0,0
6765,0,301.5,310.9,1580,32.3,11,0,0,0,0,0,0
6766,1,301.4,311.0,1427,43.2,13,0,0,0,0,0,0
6767,0,301.3,310.9,1509,41.7,16,0,0,0,0,0,0
6768,2,301.3,310.8,1434,39.5,18,0,0,0,0,0,0
6769,0,301.2,310.8,1392,52.6,23,0,0,0,0,0,0
6770,1,301.3,310.8,1509,40.1,25,0,0,0,0,0,0
6772,0,301.3,310.7,1536,39.3,31,0,0,0,0,0,0
6773,0,301.3,310.8,1381,47.9,33,0,0,0,0,0,0
6774,2,301.2,310.7,1747,27.3,35,0,0,0,0,0,0
6775,0,301.2,310.6,1670,30.0,40,0,0,0,0,0,0
6776,0,301.3,310.6,1451,47.5,42,0,0,0,0,0,0
6778,1,301.3,310.7,1819,25.5,46,0,0,0,0,0,0
6779,1,301.3,310.8,1372,54.2,49,0,0,0,0,0,0
6780,0,301.3,310.8,1560,38.5,52,0,0,0,0,0,0
6781,1,301.3,310.8,1494,35.3,54,0,0,0,0,0,0
6782,0,301.3,310.8,1531,53.4,57,0,0,0,0,0,0
6783,0,301.3,310.8,1450,46.9,59,0,0,0,0,0,0
6784,1,301.3,310.7,1391,52.5,61,0,0,0,0,0,0
6785,0,301.2,310.6,1389,45.3,64,0,0,0,0,0,0
6786,0,301.2,310.6,1409,50.9,66,0,0,0,0,0,0
6787,2,301.1,310.6,1388,58.5,68,0,0,0,0,0,0
6788,1,301.1,310.6,1410,43.9,73,0,0,0,0,0,0
6789,1,301.1,310.5,1646,30.7,76,0,0,0,0,0,0
6791,0,301.2,310.7,1551,41.2,82,0,0,0,0,0,0
6792,0,301.2,310.6,1811,24.0,84,0,0,0,0,0,0
6793,0,301.3,310.7,1608,31.4,86,0,0,0,0,0,0
6794,0,301.3,310.8,1428,55.2,88,0,0,0,0,0,0
6795,0,301.4,310.8,1477,50.4,90,0,0,0,0,0,0
6796,1,301.3,310.7,1300,58.3,92,0,0,0,0,0,0
6797,1,301.2,310.7,1615,34.9,95,0,0,0,0,0,0
6798,0,301.2,310.7,1676,32.4,98,0,0,0,0,0,0
6800,1,301.1,310.6,1310,48.8,103,0,0,0,0,0,0
6801,0,301.1,310.7,1334,48.2,106,0,0,0,0,0,0
6802,1,301.1,310.7,1621,31.0,108,0,0,0,0,0,0
6803,1,301.1,310.7,1367,43.4,111,0,0,0,0,0,0
6804,0,301.0,310.6,1588,33.7,114,0,0,0,0,0,0
6805,1,301.0,310.7,1497,37.6,116,0,0,0,0,0,0
6806,0,301.1,310.8,1608,32.9,119,0,0,0,0,0,0
6807,0,301.0,310.8,1549,41.4,121,0,0,0,0,0,0
6808,0,301.0,310.7,1391,45.0,123,0,0,0,0,0,0
6809,0,300.9,310.8,1490,38.1,125,0,0,0,0,0,0
6810,0,301.0,310.7,1727,34.5,127,0,0,0,0,0,0
6811,0,300.9,310.6,1504,46.4,129,0,0,0,0,0,0
6812,0,300.9,310.6,1350,53.8,131,0,0,0,0,0,0
6813,1,300.9,310.7,1420,43.0,133,0,0,0,0,0,0
6814,2,300.8,310.6,1465,44.1,136,0,0,0,0,0,0
6815,0,300.9,310.7,1427,44.1,141,0,0,0,0,0,0
6816,0,300.9,310.7,1477,43.2,143,0,0,0,0,0,0
6817,1,301.0,310.7,1493,48.1,145,0,0,0,0,0,0
6818,1,301.0,310.7,1657,29.9,148,0,0,0,0,0,0
6819,0,300.9,310.7,1359,46.0,151,0,0,0,0,0,0
6820,0,300.8,310.6,1551,34.5,153,0,0,0,0,0,0
6821,1,300.8,310.6,1545,37.5,155,0,0,0,0,0,0
6822,1,300.9,310.6,1709,29.2,158,0,0,0,0,0,0
6823,1,300.9,310.7,1268,56.3,161,0,0,0,0,0,0
6824,0,300.9,310.7,1740,25.3,164,0,0,0,0,0,0
6825,0,301.0,310.9,1828,25.1,166,0,0,0,0,0,0
6826,0,301.0,310.9,1822,21.6,168,0,0,0,0,0,0
6827,1,301.0,310.9,1515,41.8,170,0,0,0,0,0,0
6828,0,301.0,310.9,1392,52.9,173,0,0,0,0,0,0
6829,2,300.9,310.9,1474,35.7,175,0,0,0,0,0,0
6830,1,301.0,310.9,1359,53.4,180,0,0,0,0,0,0
6831,0,301.1,311.0,1565,52.3,183,0,0,0,0,0,0
6832,1,301.1,311.1,1384,42.5,185,0,0,0,0,0,0
6833,0,301.1,311.1,1387,53.1,188,0,0,0,0,0,0
6834,0,301.1,311.0,1378,51.1,190,0,0,0,0,0,0
6835,0,301.0,310.9,1809,25.7,192,0,0,0,0,0,0
6836,2,301.1,311.0,1339,52.8,194,0,0,0,0,0,0
6837,1,301.0,311.0,1423,38.6,199,0,0,0,0,0,0
6838,0,301.1,311.1,1570,41.6,202,0,0,0,0,0,0
6839,0,301.2,311.2,1558,34.1,204,0,0,0,0,0,0
6840,0,301.1,311.1,1799,21.7,206,0,0,0,0,0,0
6841,1,301.1,311.2,1591,35.0,208,0,0,0,0,0,0
6842,0,301.2,311.2,1635,29.6,211,0,0,0,0,0,0
6843,0,301.3,311.3,1509,42.5,213,0,0,0,0,0,0
6844,1,301.3,311.4,1838,23.2,215,0,0,0,0,0,0
6845,1,301.3,311.5,1648,32.4,0,0,0,0,0,0,0
6846,1,301.2,311.5,1498,49.5,3,0,0,0,0,0,0
6847,0,301.2,311.4,1757,28.0,6,0,0,0,0,0,0
6848,1,301.1,311.3,1389,53.3,8,0,0,0,0,0,0
6849,0,301.1,311.3,1498,37.6,11,0,0,0,0,0,0
6850,1,301.0,311.2,1521,35.8,13,0,0,0,0,0,0
6851,1,301.0,311.2,1394,41.3,16,0,0,0,0,0,0
6852,2,301.0,311.2,1602,32.7,19,0,0,0,0,0,0
6853,0,300.9,311.1,1417,40.7,24,0,0,0,0,0,0
6854,0,301.0,311.2,1511,42.9,26,0,0,0,0,0,0
6855,1,301.1,311.3,1654,30.7,28,0,0,0,0,0,0
6856,1,301.1,311.3,1836,22.8,31,0,0,0,0,0,0
6857,0,301.1,311.3,1622,35.6,34,0,0,0,0,0,0
6858,0,301.0,311.2,1467,45.4,36,0,0,0,0,0,0
6862,1,301.1,311.2,1384,49.4,48,0,0,0,0,0,0
6863,0,301.1,311.3,1630,29.5,51,0,0,0,0,0,0
6864,0,301.1,311.3,1268,60.0,53,0,0,0,0,0,0
6865,0,301.1,311.4,1531,38.7,55,0,0,0,0,0,0
6866,1,301.0,311.3,1454,41.5,57,0,0,0,0,0,0
6867,0,301.0,311.3,1342,50.9,60,0,0,0,0,0,0
6868,0,301.0,311.2,1363,46.3,62,0,0,0,0,0,0
6869,0,301.0,311.2,1412,42.1,64,0,0,0,0,0,0
6870,2,301.0,311.3,1597,39.2,66,0,0,0,0,0,0
6871,0,301.0,311.3,1349,47.0,71,0,0,0,0,0,0
6872,0,301.0,311.3,1472,35.3,73,0,0,0,0,0,0
6873,0,301.0,311.4,1478,39.5,75,0,0,0,0,0,0
6874,2,300.9,311.3,1295,58.9,77,0,0,0,0,0,0
6875,1,300.8,311.2,1592,32.9,82,0,0,0,0,0,0
6876,0,300.8,311.2,1430,54.4,85,0,0,0,0,0,0
6877,1,300.8,311.2,1488,40.1,87,0,0,0,0,0,0
6878,2,300.9,311.2,1518,35.0,90,0,0,0,0,0,0
6880,1,300.9,311.3,1801,24.6,100,0,0,0,0,0,0
6881,0,301.0,311.4,1573,37.6,103,0,0,0,0,0,0
6884,0,300.8,311.2,1492,39.0,109,0,0,0,0,0,0
6885,0,300.8,311.2,1397,48.7,111,0,0,0,0,0,0
6886,1,300.8,311.3,1465,43.2,113,0,0,0,0,0,0
6887,0,300.8,311.3,1782,26.9,116,0,0,0,0,0,0
6888,1,300.9,311.4,1434,45.4,118,0,0,0,0,0,0
6889,2,300.9,311.4,1387,42.7,121,0,0,0,0,0,0
6890,1,300.9,311.4,1532,41.5,126,0,0,0,0,0,0
6891,0,300.9,311.5,1505,41.1,129,0,0,0,0,0,0
6892,0,301.0,311.6,1440,43.3,131,0,0,0,0,0,0
6893,0,301.0,311.6,1470,43.4,133,0,0,0,0,0,0
6894,0,301.1,311.7,1408,46.3,135,0,0,0,0,0,0
6895,1,301.0,311.6,1357,45.6,137,0,0,0,0,0,0
6896,1,301.0,311.6,1454,40.0,140,0,0,0,0,0,0
6897,0,301.0,311.6,1352,63.5,143,0,0,0,0,0,0
6898,1,301.0,311.6,1448,43.9,145,0,0,0,0,0,0
6899,0,300.9,311.6,1671,33.5,148,0,0,0,0,0,0
6900,0,301.0,311.7,1670,31.3,150,0,0,0,0,0,0
6901,0,301.0,311.7,1547,34.5,152,0,0,0,0,0,0
6902,0,301.0,311.6,1461,40.6,154,0,0,0,0,0,0
6903,1,301.0,311.6,1609,35.8,156,0,0,0,0,0,0
6904,1,300.9,311.5,1704,31.3,159,0,0,0,0,0,0
6905,1,301.0,311.5,1550,34.9,162,0,0,0,0,0,0
6906,1,301.0,311.5,1530,43.9,165,0,0,0,0,0,0
6907,0,300.9,311.3,1449,40.2,168,0,0,0,0,0,0
6908,0,300.9,311.3,1613,32.7,170,0,0,0,0,0,0
6909,0,300.8,311.2,1376,48.1,172,0,0,0,0,0,0
6910,0,300.8,311.2,1434,45.6,174,0,0,0,0,0,0
6911,0,300.8,311.1,1480,41.1,176,0,0,0,0,0,0
6912,1,300.8,311.2,1634,31.9,178,0,0,0,0,0,0
6913,0,300.8,311.2,1481,38.5,181,0,0,0,0,0,1
6914,2,300.9,311.3,1668,28.9,183,0,0,0,0,0,0
6915,0,301.0,311.4,1484,36.2,188,0,0,0,0,0,0
6916,1,300.9,311.3,1603,31.8,190,0,0,0,0,0,0
6917,0,301.0,311.4,1481,37.5,193,0,0,0,0,0,0
6918,0,301.0,311.5,1559,31.8,195,0,0,0,0,0,0
6919,0,301.0,311.5,1444,39.8,197,0,0,0,0,0,0
6920,1,301.2,311.6,1423,48.0,199,0,0,0,0,0,0
6921,0,301.1,311.6,1432,48.1,202,0,0,0,0,0,0
6922,0,301.2,311.7,1463,48.3,204,0,0,0,0,0,0
6923,0,301.2,311.7,1433,49.3,206,0,0,0,0,0,0
6924,0,301.2,311.6,1461,52.9,208,1,0,0,0,1,0
6925,1,301.1,311.6,1266,55.5,210,0,0,0,0,0,0
6926,2,301.1,311.6,1417,53.4,0,0,0,0,0,0,0
6927,0,301.1,311.6,1488,43.4,5,0,0,0,0,0,0
6928,0,301.1,311.7,1816,24.5,7,0,0,0,0,0,0
6929,1,301.0,311.6,1301,55.0,9,0,0,0,0,0,0
6930,1,300.9,311.5,1836,21.8,12,0,0,0,0,0,0
6931,1,300.8,311.4,1521,39.9,15,0,0,0,0,0,0
6933,0,300.8,311.4,1492,40.6,20,0,0,0,0,0,0
6934,0,300.8,311.4,1536,40.9,22,0,0,0,0,0,0
6935,0,300.7,311.2,1878,24.3,24,0,0,0,0,0,0
6936,0,300.6,311.1,1471,40.7,26,0,0,0,0,0,0
6937,2,300.6,311.1,1452,40.2,28,0,0,0,0,0,0
6938,0,300.7,311.2,1452,44.4,33,0,0,0,0,0,0
6939,1,300.7,311.3,1348,53.0,35,0,0,0,0,0,0
6940,2,300.8,311.4,1453,44.6,38,0,0,0,0,0,0
6941,0,300.8,311.4,1316,57.6,43,0,0,0,0,0,0
6942,1,300.8,311.4,1732,26.9,45,0,0,0,0,0,0
6943,0,300.7,311.3,1522,35.2,48,0,0,0,0,0,0
6944,1,300.7,311.3,1487,39.8,50,0,0,0,0,0,0
6945,1,300.8,311.4,1852,22.2,53,0,0,0,0,0,0
6946,0,300.7,311.2,1486,46.8,56,0,0,0,0,0,0
6947,1,300.7,311.3,1562,37.1,58,0,0,0,0,0,0
6948,0,300.7,311.2,1457,51.4,61,0,0,0,0,0,0
6949,1,300.7,311.2,1769,26.5,63,0,0,0,0,0,0
6950,2,300.7,311.3,1374,53.1,66,0,0,0,0,0,0
6951,0,300.8,311.3,1524,43.5,71,0,0,0,0,0,0
6952,0,300.8,311.3,1498,40.2,73,0,0,0,0,0,0
6953,0,300.8,311.3,1462,41.4,75,0,0,0,0,0,0
6954,1,300.8,311.2,1429,52.3,77,0,0,0,0,0,0
6955,0,300.7,311.2,1399,47.9,80,0,0,0,0,0,0
6956,1,300.8,311.2,1434,39.1,82,0,0,0,0,0,0
6957,0,300.7,311.1,1324,52.2,85,0,0,0,0,0,0
6958,0,300.6,311.0,1563,40.7,87,0,0,0,0,0,0
6959,0,300.6,311.0,1543,34.7,89,0,0,0,0,0,0
6960,0,300.7,311.0,1413,52.0,91,0,0,0,0,0,1
6961,1,300.7,311.0,1378,41.2,93,0,0,0,0,0,0
6962,1,300.7,311.1,1373,49.9,96,0,0,0,0,0,0
6964,1,300.7,311.0,1263,52.3,104,0,0,0,0,0,0
6965,0,300.7,311.0,1312,52.1,107,0,0,0,0,0,0
6967,1,300.8,311.2,1365,51.7,111,0,0,0,0,0,0
6968,0,300.9,311.2,1789,25.5,114,0,0,0,0,0,0
6969,1,300.8,311.1,1583,32.1,116,0,0,0,0,0,0
6970,0,300.7,311.0,1436,44.9,119,0,0,0,0,0,0
6971,1,300.7,311.0,1559,42.8,121,0,0,0,0,0,0
6972,0,300.7,311.0,1377,49.9,124,0,0,0,0,0,0
6973,0,300.7,311.0,1462,41.9,126,0,0,0,0,0,0
6974,0,300.7,311.0,1318,48.2,128,0,0,0,0,0,0
6975,1,300.7,311.0,1378,51.6,130,0,0,0,0,0,0
6976,0,300.6,310.9,1344,46.7,133,0,0,0,0,0,0
6978,0,300.7,311.1,1427,50.3,137,0,0,0,0,0,0
6979,0,300.9,311.2,1353,60.4,139,0,0,0,0,0,0
6980,0,300.8,311.3,1505,45.5,141,0,0,0,0,0,0
6981,2,300.8,311.2,1612,32.5,143,0,0,0,0,0,0
6982,0,300.7,311.1,1440,43.0,148,0,0,0,0,0,0
6983,1,300.7,311.0,1334,53.9,150,0,0,0,0,0,0
6984,1,300.7,311.0,1706,25.0,153,0,0,0,0,0,0
6985,2,300.8,311.1,1698,24.8,156,0,0,0,0,0,0
6986,0,300.7,311.1,1688,30.7,161,0,0,0,0,0,0
6988,0,300.7,311.1,1478,46.8,165,0,0,0,0,0,0
6989,1,300.7,311.1,1608,35.3,167,0,0,0,0,0,0
6991,0,300.8,311.1,1509,33.4,172,0,0,0,0,0,0
6992,0,300.7,311.0,1596,36.9,174,0,0,0,0,0,0
6993,1,300.7,311.0,1740,25.6,176,0,0,0,0,0,0
6994,0,300.6,310.8,1375,53.2,179,0,0,0,0,0,0
6995,1,300.6,310.7,1705,31.2,181,0,0,0,0,0,0
6996,1,300.5,310.6,1621,32.0,184,0,0,0,0,0,0
6997,1,300.6,310.7,1566,38.2,187,0,0,0,0,0,0
6998,1,300.6,310.7,1388,42.9,190,0,0,0,0,0,0
6999,1,300.6,310.7,1457,36.7,193,0,0,0,0,0,0
7000,1,300.6,310.6,1463,45.5,196,0,0,0,0,0,0
7001,0,300.5,310.5,1564,38.2,199,0,0,0,0,0,0
7002,2,300.5,310.6,1411,47.2,201,0,0,0,0,0,0
7003,0,300.5,310.6,1540,46.7,206,0,0,0,0,0,0
7005,1,300.6,310.7,1339,52.9,0,0,0,0,0,0,0
7006,2,300.6,310.6,1419,39.6,3,0,0,0,0,0,0
7007,0,300.5,310.6,1499,45.2,8,0,0,0,0,0,0
7008,0,300.5,310.6,1368,49.6,10,0,0,0,0,0,0
7009,0,300.5,310.5,1536,36.2,12,0,0,0,0,0,0
7010,1,300.5,310.5,1469,42.9,14,0,0,0,0,0,0
7012,0,300.4,310.4,1298,61.4,19,0,0,0,0,0,0
7013,1,300.4,310.4,1544,36.3,21,0,0,0,0,0,0
7014,2,300.5,310.5,1403,47.7,24,0,0,0,0,0,0
7015,0,300.5,310.5,1452,42.9,29,0,0,0,0,0,0
7016,0,300.6,310.5,1509,43.1,31,0,0,0,0,0,0
7017,1,300.7,310.6,1474,37.0,33,0,0,0,0,0,0
7018,1,300.7,310.7,1377,46.7,36,0,0,0,0,0,0
7019,0,300.8,310.8,1741,27.1,39,0,0,0,0,0,0
7020,0,300.8,310.8,1460,53.8,41,0,0,0,0,0,0
7021,2,300.7,310.6,1631,32.6,43,0,0,0,0,0,0
7022,0,300.7,310.5,1561,33.2,48,0,0,0,0,0,0
7023,1,300.7,310.6,1572,38.5,50,0,0,0,0,0,0
7025,2,300.6,310.6,1448,44.7,55,0,0,0,0,0,0
7026,0,300.6,310.7,1543,39.6,60,0,0,0,0,0,0
7027,0,300.6,310.6,1508,34.8,62,0,0,0,0,0,0
7028,1,300.6,310.6,1403,50.4,64,0,0,0,0,0,0
7029,0,300.6,310.6,1454,39.7,67,0,0,0,0,0,0
7030,0,300.7,310.8,1772,27.3,69,0,0,0,0,0,0
7031,0,300.7,310.8,1479,49.1,71,0,0,0,0,0,0
7032,0,300.7,310.9,1723,31.0,73,0,0,0,0,0,0
7033,1,300.7,310.8,1469,46.4,75,0,0,0,0,0,0
7034,2,300.6,310.6,1830,26.2,78,0,0,0,0,0,0
7035,0,300.6,310.6,1497,38.2,83,0,0,0,0,0,0
7036,0,300.7,310.6,1540,52.7,85,0,0,0,0,0,0
7037,0,300.6,310.6,1514,39.5,87,0,0,0,0,0,0
7038,0,300.7,310.6,1654,34.2,89,0,0,0,0,0,0
7039,2,300.6,310.5,1519,37.0,91,0,0,0,0,0,0
7040,0,300.7,310.6,1720,30.3,96,0,0,0,0,0,0
7041,0,300.6,310.5,1470,37.7,98,0,0,0,0,0,0
7042,0,300.6,310.5,1642,29.9,100,0,0,0,0,0,0
7044,1,300.7,310.6,1505,35.6,105,0,0,0,0,0,0
7045,1,300.7,310.6,1609,27.6,108,0,0,0,0,0,0
7046,1,300.7,310.5,1863,22.2,111,0,0,0,0,0,0
7047,0,300.6,310.4,1401,42.6,114,0,0,0,0,0,0
7049,0,300.6,310.4,1494,47.3,118,0,0,0,0,0,0
7050,0,300.6,310.4,1457,47.7,120,0,0,0,0,0,0
7051,0,300.6,310.4,1556,37.7,122,0,0,0,0,0,0
7052,2,300.6,310.4,1510,42.8,124,0,0,0,0,0,0
7053,2,300.7,310.5,1567,38.7,129,0,0,0,0,0,0
7054,2,300.7,310.5,1476,43.1,134,0,0,0,0,0,0
7055,0,300.8,310.6,1663,30.6,139,0,0,0,0,0,0
7056,1,300.8,310.5,1409,50.6,141,0,0,0,0,0,0
7057,0,300.8,310.6,1666,36.2,144,0,0,0,0,0,0
7058,0,300.7,310.6,1520,45.9,146,0,0,0,0,0,0
7059,0,300.6,310.5,1644,33.8,148,0,0,0,0,0,0
7060,2,300.6,310.4,1479,35.6,150,0,0,0,0,0,0
7061,0,300.6,310.4,1446,49.7,155,0,0,0,0,0,0
7062,1,300.6,310.4,1407,51.1,157,0,0,0,0,0,0
7063,0,300.7,310.4,1234,51.7,160,0,0,0,0,0,0
7064,1,300.8,310.5,1696,29.7,162,0,0,0,0,0,0
7065,0,300.8,310.6,1384,52.9,165,0,0,0,0,0,0
7066,1,300.8,310.7,1572,36.2,167,0,0,0,0,0,0
7067,1,300.8,310.7,1386,42.1,170,0,0,0,0,0,0
7068,0,300.8,310.7,1461,42.8,173,0,0,0,0,0,0
7069,0,300.8,310.7,1525,39.4,175,0,0,0,0,0,0
7070,0,300.7,310.7,1333,61.0,177,0,0,0,0,0,0
7071,2,300.7,310.6,1505,40.6,179,0,0,0,0,0,0
7072,1,300.7,310.6,1439,41.7,184,0,0,0,0,0,0
7073,0,300.7,310.6,1491,43.2,187,0,0,0,0,0,0
7074,1,300.7,310.6,1488,39.2,189,0,0,0,0,0,0
7075,0,300.7,310.5,1536,47.4,192,0,0,0,0,0,0
7077,1,300.7,310.5,1594,31.0,196,0,0,0,0,0,0
7078,0,300.7,310.5,1357,52.6,199,0,0,0,0,0,0
7079,0,300.7,310.5,1445,41.1,201,0,0,0,0,0,0
7080,0,300.7,310.4,1543,47.3,203,0,0,0,0,0,0
7081,0,300.7,310.4,1366,52.6,205,0,0,0,0,0,0
7082,0,300.7,310.3,1458,40.0,207,0,0,0,0,0,0
7083,0,300.7,310.4,1416,61.8,209,1,0,0,1,1,0
7084,0,300.6,310.3,1794,24.4,211,0,0,0,0,0,0
7085,0,300.6,310.3,1484,41.0,213,0,0,0,0,0,0
7087,0,300.6,310.3,1648,30.5,217,1,1,0,0,0,0
7088,1,300.6,310.3,1614,32.7,0,0,0,0,0,0,0
7089,0,300.6,310.2,1622,34.1,3,0,0,0,0,0,0
7090,1,300.6,310.2,1478,40.1,5,0,0,0,0,0,0
7091,0,300.6,310.2,1318,51.0,8,0,0,0,0,0,0
7092,0,300.7,310.2,1493,35.9,10,0,0,0,0,0,0
7093,2,300.7,310.3,1369,50.7,12,0,0,0,0,0,0
7094,0,300.6,310.2,1447,45.9,17,0,0,0,0,0,0
7095,0,300.6,310.1,1485,49.9,19,0,0,0,0,0,0
7096,0,300.6,310.2,1489,47.8,21,0,0,0,0,0,0
7097,1,300.6,310.2,1233,52.3,23,0,0,0,0,0,0
7098,0,300.7,310.2,1642,32.6,26,0,0,0,0,0,0
7099,1,300.7,310.2,1373,44.1,28,0,0,0,0,0,0
7100,0,300.7,310.2,1569,32.8,31,0,0,0,0,0,0
7101,0,300.8,310.2,1850,22.8,33,0,0,0,0,0,0
7102,1,300.8,310.3,1494,42.2,35,0,0,0,0,0,0
7103,2,300.8,310.3,1777,30.1,38,0,0,0,0,0,0
7104,0,300.9,310.4,1454,43.1,43,0,0,0,0,0,0
7105,0,300.9,310.4,1536,34.2,45,0,0,0,0,0,0
7106,0,300.8,310.5,1482,39.0,47,0,0,0,0,0,0
7107,2,300.9,310.5,1512,41.2,49,0,0,0,0,0,0
7108,1,300.8,310.5,1511,35.8,54,0,0,0,0,0,0
7109,0,300.9,310.5,1599,40.5,57,0,0,0,0,0,0
7110,1,300.8,310.4,1518,36.0,59,0,0,0,0,0,0
7111,1,300.8,310.4,1450,39.4,62,0,0,0,0,0,0
7112,0,300.9,310.4,1427,47.0,65,0,0,0,0,0,0
7113,0,300.9,310.4,1561,32.7,67,0,0,0,0,0,0
7114,2,300.9,310.4,1457,43.8,69,0,0,0,0,0,0
7115,1,301.0,310.6,1460,53.6,74,0,0,0,0,0,0
7116,0,301.0,310.5,1601,33.2,77,0,0,0,0,0,0
7117,0,300.9,310.5,1570,40.1,79,0,0,0,0,0,0
7118,0,300.9,310.5,1565,35.9,81,0,0,0,0,0,0
7119,0,301.0,310.5,1378,44.4,83,0,0,0,0,0,0
7121,1,300.9,310.4,1375,44.7,87,0,0,0,0,0,0
7122,0,300.9,310.4,1788,27.8,90,0,0,0,0,0,0
7123,1,300.9,310.4,1576,40.4,92,0,0,0,0,0,0
7124,1,300.8,310.3,1868,24.5,95,0,0,0,0,0,0
7125,0,300.7,310.1,1261,56.6,98,0,0,0,0,0,0
7126,1,300.6,310.0,1542,33.9,100,0,0,0,0,0,0
7127,0,300.6,310.0,1438,53.8,103,0,0,0,0,0,0
7128,0,300.6,310.0,1511,36.9,105,0,0,0,0,0,0
7129,0,300.6,310.0,1635,31.0,107,0,0,0,0,0,0
7130,0,300.6,309.9,1428,48.8,109,0,0,0,0,0,0
7131,1,300.5,309.8,1410,44.4,111,0,0,0,0,0,0
7132,0,300.5,309.9,1423,47.9,114,0,0,0,0,0,0
7133,1,300.5,309.9,1552,41.3,116,0,0,0,0,0,0
7134,1,300.5,310.0,1406,50.2,119,0,0,0,0,0,0
7135,0,300.5,309.9,1443,48.3,122,0,0,0,0,0,0
7136,1,300.5,309.9,1343,63.7,124,0,0,0,0,0,0
7137,1,300.6,310.0,1486,41.2,127,0,0,0,0,0,0
7138,0,300.6,310.1,1297,50.0,130,0,0,0,0,0,0
7139,0,300.6,310.1,1495,42.3,132,0,0,0,0,0,0
7140,0,300.5,309.9,1382,46.5,134,0,0,0,0,0,0
7141,1,300.4,309.8,1356,44.4,136,0,0,0,0,0,0
7142,2,300.3,309.7,1452,41.5,139,0,0,0,0,0,0
7143,2,300.3,309.7,1582,30.8,144,0,0,0,0,0,0
7144,1,300.4,309.8,1517,40.3,149,0,0,0,0,0,0
7145,0,300.5,310.0,1413,44.5,152,0,0,0,0,0,0
7146,0,300.4,309.9,1496,31.8,154,0,0,0,0,0,0
7147,0,300.3,309.8,1466,41.2,156,0,0,0,0,0,0
7148,1,300.3,309.8,1617,40.8,158,0,0,0,0,0,0
7149,0,300.2,309.8,1506,41.8,161,0,0,0,0,0,0
7150,0,300.2,309.8,1401,49.3,163,0,0,0,0,0,0
7152,0,300.2,309.9,1566,36.4,170,0,0,0,0,0,0
7153,0,300.2,310.0,1493,47.3,172,0,0,0,0,0,0
7154,0,300.3,310.1,1483,39.9,174,0,0,0,0,0,0
7155,1,300.2,309.9,1569,31.2,176,0,0,0,0,0,0
7156,1,300.2,310.0,1664,30.7,179,0,0,0,0,0,0
7157,0,300.2,310.0,1486,40.1,182,0,0,0,0,0,0
7158,0,300.2,310.0,1389,53.6,184,0,0,0,0,0,0
7159,0,300.1,310.0,1511,41.7,186,0,0,0,0,0,0
7160,1,300.2,310.1,1485,40.5,188,0,0,0,0,0,0
7161,0,300.2,310.2,1440,42.9,191,0,0,0,0,0,0
7162,0,300.2,310.2,1378,43.9,193,0,0,0,0,0,0
7163,1,300.1,310.1,1501,39.3,195,0,0,0,0,0,0
7164,1,300.2,310.1,1474,44.0,198,0,0,0,0,0,0
7165,0,300.2,310.1,1392,47.9,201,0,0,0,0,0,0
7166,1,300.3,310.2,1429,44.7,203,0,0,0,0,0,0
7167,0,300.3,310.3,1362,60.3,206,1,0,0,0,1,0
7168,0,300.3,310.3,1704,29.5,0,0,0,0,0,0,0
7169,0,300.3,310.2,1492,52.3,2,0,0,0,0,0,0
7170,1,300.3,310.2,1442,39.5,4,0,0,0,0,0,0
7171,1,300.2,310.2,1438,51.5,7,0,0,0,0,0,0
7172,1,300.1,310.1,1402,46.6,10,0,0,0,0,0,0
7173,0,300.1,310.1,1684,30.8,13,0,0,0,0,0,0
7174,0,300.2,310.2,1530,48.5,15,0,0,0,0,0,0
7175,0,300.1,310.1,1569,43.5,17,0,0,0,0,0,0
7176,0,300.1,310.1,1650,31.6,19,0,0,0,0,0,0
7177,0,300.2,310.2,1415,49.6,21,0,0,0,0,0,0
7178,0,300.2,310.2,1600,31.5,23,0,0,0,0,0,0
7179,0,300.2,310.1,1523,42.3,25,0,0,0,0,0,0
7180,1,300.2,310.2,1628,30.3,27,0,0,0,0,0,0
7181,0,300.2,310.3,1331,52.1,30,0,0,0,0,0,0
7183,0,300.2,310.3,1445,50.9,34,0,0,0,0,0,0
7184,1,300.2,310.3,1593,36.1,36,0,0,0,0,0,0
7185,0,300.3,310.4,1672,29.2,39,0,0,0,0,0,0
7186,1,300.4,310.5,1644,31.4,41,0,0,0,0,0,0
7187,0,300.4,310.5,1402,54.3,44,0,0,0,0,0,0
7188,0,300.4,310.4,1286,56.8,46,0,0,0,0,0,0
7189,0,300.4,310.4,1486,46.3,48,0,0,0,0,0,0
7190,0,300.3,310.3,1345,46.3,50,0,0,0,0,0,0
7191,0,300.3,310.3,1629,34.1,52,0,0,0,0,0,0
7192,1,300.2,310.2,1429,43.8,54,0,0,0,0,0,0
7193,0,300.1,310.1,1306,64.7,57,0,0,0,0,0,0
7194,0,300.1,310.1,1380,52.6,59,0,0,0,0,0,0
7195,1,300.1,310.1,1443,49.3,61,0,0,0,0,0,0
7196,2,300.1,310.1,1426,42.7,64,0,0,0,0,0,0
7197,0,300.0,310.0,1486,41.8,69,0,0,0,0,0,0
7198,1,300.0,309.9,1530,34.5,71,0,0,0,0,0,0
7199,0,300.0,309.9,1507,41.4,74,0,0,0,0,0,0
7200,0,300.0,309.9,1608,33.4,76,0,0,0,0,0,0
7201,0,300.0,309.8,1474,40.6,78,0,0,0,0,0,0
7202,0,300.0,309.7,1326,61.9,80,0,0,0,0,0,0
7203,1,299.8,309.6,1434,48.0,82,0,0,0,0,0,0
7204,0,299.8,309.6,1526,41.7,85,0,0,0,0,0,0
7205,0,299.8,309.7,1483,39.6,87,0,0,0,0,0,0
7206,0,299.8,309.7,1457,51.9,89,0,0,0,0,0,0
7207,1,299.7,309.6,1540,34.4,91,0,0,0,0,0,0
7208,0,299.8,309.7,1707,29.1,94,0,0,0,0,0,0
7209,0,299.8,309.7,1624,34.2,96,0,0,0,0,0,0
7210,1,299.8,309.6,1331,50.2,98,0,0,0,0,0,0
7211,0,299.8,309.7,1431,40.3,101,0,0,0,0,0,0
7212,1,299.8,309.7,1705,28.5,103,0,0,0,0,0,0
7213,1,299.8,309.8,1427,45.2,106,0,0,0,0,0,0
7214,1,299.9,309.8,1625,41.2,109,0,0,0,0,0,0
7215,0,299.9,309.8,1477,47.7,112,0,0,0,0,0,0
7216,1,300.0,309.9,1651,28.1,114,0,0,0,0,0,0
7217,0,299.9,309.8,1716,28.2,117,0,0,0,0,0,0
7218,2,299.9,309.8,1400,48.7,119,0,0,0,0,0,0
7219,1,299.8,309.7,1556,37.7,124,0,0,0,0,0,0
7220,0,299.8,309.7,1429,42.6,127,0,0,0,0,0,0
7221,2,299.7,309.6,1433,49.6,129,0,0,0,0,0,0
7222,1,299.8,309.7,1320,61.7,134,0,0,0,0,0,0
7223,0,299.8,309.6,1374,51.6,137,0,0,0,0,0,0
7224,0,299.8,309.6,1598,31.0,139,0,0,0,0,0,0
7226,0,299.7,309.6,1399,51.3,144,0,0,0,0,0,0
7227,0,299.7,309.6,1720,27.1,146,0,0,0,0,0,0
7228,2,299.8,309.7,1368,47.4,148,0,0,0,0,0,0
7229,0,299.8,309.8,1749,33.4,153,0,0,0,0,0,0
7230,0,299.8,309.8,1542,39.4,155,0,0,0,0,0,0
7231,0,299.8,309.9,1553,36.6,157,0,0,0,0,0,0
7232,1,299.9,309.9,1639,42.1,159,0,0,0,0,0,0
7233,0,299.9,310.0,1447,45.9,162,0,0,0,0,0,0
7234,1,299.8,310.0,1397,48.1,164,0,0,0,0,0,0
7235,0,299.8,310.0,1361,53.8,167,0,0,0,0,0,0
7236,1,299.8,310.0,1460,37.1,169,0,0,0,0,0,0
7237,1,299.8,310.0,1632,33.7,172,0,0,0,0,0,0
7238,0,299.8,310.0,1697,36.0,175,0,0,0,0,0,0
7239,0,299.8,310.1,1553,42.0,177,0,0,0,0,0,0
7240,1,299.9,310.1,1362,56.3,179,0,0,0,0,0,0
7241,1,299.9,310.0,1484,42.1,182,0,0,0,0,0,0
7242,2,299.9,310.1,1447,51.4,185,0,0,0,0,0,0
7243,1,300.0,310.2,1393,51.2,190,0,0,0,0,0,0
7244,0,300.0,310.2,1760,26.9,193,0,0,0,0,0,0
7245,0,300.0,310.1,1477,34.6,195,0,0,0,0,0,0
7246,0,299.9,310.1,1681,29.1,197,0,0,0,0,0,0
7247,1,300.0,310.1,1314,53.5,199,0,0,0,0,0,0
7248,0,300.0,310.1,1762,28.0,202,0,0,0,0,0,0
7249,0,299.9,310.0,1402,44.7,204,0,0,0,0,0,0
7250,1,300.1,310.2,1429,42.0,206,0,0,0,0,0,0
7251,1,300.2,310.3,1448,40.1,209,0,0,0,0,0,0
7252,2,300.2,310.4,1501,42.9,212,0,0,0,0,0,0
7253,0,300.3,310.5,1522,39.1,217,0,0,0,0,0,0
7254,0,300.3,310.4,1493,37.5,219,0,0,0,0,0,0
7255,1,300.2,310.3,1704,29.4,221,0,0,0,0,0,0
7256,2,300.2,310.3,1408,42.5,0,0,0,0,0,0,0
7257,0,300.2,310.4,1518,41.8,5,0,0,0,0,0,0
7258,0,300.3,310.4,1742,25.9,7,0,0,0,0,0,0
7259,1,300.4,310.5,1500,43.0,9,0,0,0,0,0,0
7261,0,300.4,310.5,1818,25.1,14,0,0,0,0,0,0
7262,1,300.4,310.6,1545,35.6,16,0,0,0,0,0,0
7263,0,300.4,310.6,1429,46.9,19,0,0,0,0,0,0
7264,1,300.4,310.6,1448,44.9,21,0,0,0,0,0,0
7265,0,300.4,310.6,1384,48.7,24,0,0,0,0,0,0
7266,0,300.4,310.5,1578,32.8,26,0,0,0,0,0,0
7267,0,300.5,310.5,1695,26.7,28,0,0,0,0,0,0
7268,0,300.5,310.6,1543,36.2,30,0,0,0,0,0,0
7269,1,300.4,310.5,1540,33.4,32,0,0,0,0,0,0
7270,0,300.2,310.4,1808,25.8,35,0,0,0,0,0,0
7271,1,300.3,310.4,1293,49.7,37,0,0,0,0,0,0
7272,0,300.2,310.3,1202,59.5,40,0,0,0,0,0,0
7273,1,300.2,310.3,1704,29.2,42,0,0,0,0,0,0
7274,1,300.2,310.3,1478,38.1,45,0,0,0,0,0,0
7275,0,300.2,310.3,1514,38.7,48,0,0,0,0,0,0
7276,1,300.1,310.3,1350,48.8,50,0,0,0,0,0,0
7277,0,300.1,310.2,1475,54.2,53,0,0,0,0,0,0
7278,2,300.0,310.1,1714,28.7,55,0,0,0,0,0,0
7279,0,300.0,310.1,1465,40.9,60,0,0,0,0,0,0
7281,0,300.0,310.2,1675,29.7,64,0,0,0,0,0,0
7282,0,300.0,310.2,1486,36.4,66,0,0,0,0,0,0
7283,1,300.0,310.2,1443,58.7,68,0,0,0,0,0,0
7284,1,300.1,310.3,1345,57.1,71,0,0,0,0,0,0
7285,1,300.2,310.4,1202,61.7,74,0,0,0,0,0,0
7286,1,300.1,310.4,1480,37.1,77,0,0,0,0,0,0
7287,1,300.2,310.4,1530,35.7,80,0,0,0,0,0,0
7289,0,300.3,310.6,1433,53.8,86,0,0,0,0,0,0
7290,0,300.3,310.6,1806,24.4,88,0,0,0,0,0,0
7291,0,300.2,310.5,1416,46.7,90,0,0,0,0,0,0
7292,1,300.1,310.4,1556,38.1,92,0,0,0,0,0,0
7293,0,300.1,310.5,1627,29.2,95,0,0,0,0,0,0
7294,0,300.1,310.6,1809,24.3,97,0,0,0,0,0,0
7295,1,300.1,310.5,1329,57.4,99,0,0,0,0,0,0
7296,2,300.0,310.4,1881,21.9,102,0,0,0,0,0,0
7297,0,300.1,310.5,1500,39.8,107,0,0,0,0,0,0
7298,0,300.1,310.5,1532,36.0,109,0,0,0,0,0,0
7299,0,300.1,310.5,1492,50.9,111,0,0,0,0,0,0
7300,0,300.2,310.6,1431,42.3,113,0,0,0,0,0,0
7301,0,300.1,310.4,1554,39.4,115,0,0,0,0,0,0
7302,0,300.1,310.5,1494,44.2,117,0,0,0,0,0,0
7303,0,300.1,310.6,1374,45.4,119,0,0,0,0,0,0
7304,0,300.1,310.5,1394,44.3,121,0,0,0,0,0,0
7305,1,300.0,310.5,1790,25.7,123,0,0,0,0,0,0
7306,0,300.1,310.5,1356,45.8,126,0,0,0,0,0,0
7307,1,300.0,310.4,1385,52.1,128,0,0,0,0,0,0
7308,0,300.0,310.4,1333,49.1,131,0,0,0,0,0,0
7309,0,300.0,310.4,1505,44.9,133,0,0,0,0,0,0
7310,0,300.0,310.5,1606,33.5,135,0,0,0,0,0,0
7311,2,300.0,310.5,1558,36.7,137,0,0,0,0,0,0
7312,0,300.0,310.5,1412,52.4,142,0,0,0,0,0,0
7313,0,299.9,310.4,1408,38.4,144,0,0,0,0,0,0
7314,0,299.9,310.3,1268,53.3,146,0,0,0,0,0,0
7315,0,299.9,310.4,1470,50.0,148,0,0,0,0,0,0
7316,0,299.9,310.4,1497,47.0,150,0,0,0,0,0,0
7317,0,299.9,310.3,1638,29.1,152,0,0,0,0,0,0
7318,2,299.9,310.3,1535,43.9,154,0,0,0,0,0,0
7319,0,299.8,310.2,1654,32.7,159,0,0,0,0,0,0
7320,2,299.8,310.2,1411,49.7,161,0,0,0,0,0,0
7322,2,299.8,310.2,1573,33.3,168,0,0,0,0,0,0
7323,0,299.9,310.2,1479,46.3,173,0,0,0,0,0,0
7324,1,299.9,310.4,1820,26.6,175,0,0,0,0,0,0
7325,0,299.9,310.4,1419,45.7,178,0,0,0,0,0,0
7326,1,299.9,310.5,1335,52.9,180,0,0,0,0,0,0
7327,1,299.9,310.5,1576,39.4,183,0,0,0,0,0,0
7328,0,300.0,310.5,1517,42.2,186,0,0,0,0,0,0
7329,1,299.9,310.4,1576,34.3,188,0,0,0,0,0,0
7330,2,299.8,310.2,1537,36.6,191,0,0,0,0,0,0
7331,0,299.8,310.3,1524,34.2,196,0,0,0,0,0,0
7332,1,299.8,310.3,1805,23.7,198,0,0,0,0,0,0
7333,1,299.9,310.4,1367,53.3,201,0,0,0,0,0,0
7334,0,299.8,310.4,1694,30.3,204,0,0,0,0,0,0
7335,0,299.9,310.4,1328,49.9,206,0,0,0,0,0,0
7336,2,299.9,310.5,1549,42.8,208,0,0,0,0,0,0
7337,0,299.9,310.5,1539,32.8,213,0,0,0,0,0,0
7338,0,299.8,310.5,1496,38.8,215,0,0,0,0,0,0
7339,0,299.8,310.4,1579,36.4,0,0,0,0,0,0,0
7340,0,299.7,310.3,1386,46.6,2,0,0,0,0,0,0
7341,0,299.7,310.3,1505,37.7,4,0,0,0,0,0,0
7342,1,299.7,310.3,1661,34.5,6,0,0,0,0,0,0
7343,0,299.6,310.2,1468,48.0,9,0,0,0,0,0,0
7344,0,299.6,310.1,1384,49.8,11,0,0,0,0,0,0
7345,0,299.6,310.2,1381,60.5,13,0,0,0,0,0,0
7346,0,299.6,310.2,1469,47.0,15,0,0,0,0,0,0
7347,0,299.6,310.2,1627,36.6,17,0,0,0,0,0,0
7348,2,299.7,310.3,1462,40.4,19,0,0,0,0,0,0
7349,0,299.7,310.2,1633,36.5,24,0,0,0,0,0,0
7350,0,299.7,310.2,1469,39.5,26,0,0,0,0,0,0
7351,0,299.7,310.2,1458,43.4,28,0,0,0,0,0,0
7352,1,299.7,310.2,1440,42.8,30,0,0,0,0,0,0
7353,0,299.8,310.3,1687,30.4,33,0,0,0,0,0,0
7354,1,299.7,310.3,1429,47.7,35,0,0,0,0,0,0
7355,0,299.6,310.2,1588,34.1,38,0,0,0,0,0,0
7356,0,299.6,310.2,1333,51.2,40,0,0,0,0,0,0
7357,0,299.6,310.1,1487,42.9,42,0,0,0,0,0,0
7358,1,299.5,310.1,1659,31.5,44,0,0,0,0,0,0
7359,1,299.4,310.0,1512,43.2,47,0,0,0,0,0,0
7360,0,299.5,310.1,1585,35.2,50,0,0,0,0,0,0
7361,0,299.5,310.0,1502,38.5,52,0,0,0,0,0,0
7362,0,299.5,310.0,1594,35.1,54,0,0,0,0,0,0
7363,0,299.5,310.0,1412,48.9,56,0,0,0,0,0,0
7364,0,299.5,309.9,1402,51.7,58,0,0,0,0,0,0
7366,2,299.6,310.1,1531,36.8,62,0,0,0,0,0,0
7367,1,299.5,310.1,1359,61.1,67,0,0,0,0,0,0
7368,1,299.6,310.2,1620,30.0,70,0,0,0,0,0,0
7369,1,299.6,310.1,1646,29.6,73,0,0,0,0,0,0
7370,1,299.6,310.1,1455,46.1,76,0,0,0,0,0,0
7371,0,299.6,310.2,1512,44.0,79,0,0,0,0,0,0
7372,0,299.6,310.2,1473,42.7,81,0,0,0,0,0,0
7373,0,299.6,310.1,1553,38.0,83,0,0,0,0,0,0
7374,0,299.5,310.0,1379,50.4,85,0,0,0,0,0,0
7375,1,299.4,309.9,1567,40.6,87,0,0,0,0,0,0
7376,0,299.5,310.0,1481,43.1,90,0,0,0,0,0,0
7377,0,299.5,310.0,1349,52.7,92,0,0,0,0,0,0
7378,0,299.5,310.0,1388,52.4,94,0,0,0,0,0,0
7379,1,299.6,310.1,1357,48.7,96,0,0,0,0,0,0
7380,0,299.6,310.2,1743,24.8,99,0,0,0,0,0,0
7381,0,299.7,310.3,1495,43.1,101,0,0,0,0,0,0
7382,0,299.8,310.4,1698,28.3,103,0,0,0,0,0,0
7383,1,299.7,310.4,1410,44.5,105,0,0,0,0,0,0
7384,0,299.7,310.4,1614,36.2,108,0,0,0,0,0,0
7385,1,299.8,310.5,1375,53.9,110,0,0,0,0,0,0
7386,1,299.8,310.6,1574,31.8,113,0,0,0,0,0,0
7387,2,299.8,310.6,1423,44.6,116,0,0,0,0,0,0
7388,1,299.8,310.6,1694,31.3,121,0,0,0,0,0,0
7389,0,299.8,310.6,1707,32.5,124,0,0,0,0,0,0
7390,1,299.7,310.5,1490,41.2,126,0,0,0,0,0,0
7391,0,299.7,310.6,1675,31.3,129,0,0,0,0,0,0
7392,1,299.7,310.5,1492,39.3,131,0,0,0,0,0,0
7393,1,299.7,310.5,1594,35.4,134,0,0,0,0,0,0
7394,0,299.7,310.6,1479,38.0,137,0,0,0,0,0,0
7395,1,299.7,310.6,1572,38.0,139,0,0,0,0,0,0
7396,0,299.7,310.6,1616,35.1,142,0,0,0,0,0,0
7397,0,299.7,310.6,1737,26.1,144,0,0,0,0,0,0
7398,1,299.7,310.7,1498,37.8,146,0,0,0,0,0,0
7399,0,299.6,310.6,1642,35.1,149,0,0,0,0,0,0
7400,1,299.6,310.6,1633,34.2,151,0,0,0,0,0,0
7401,0,299.8,310.8,1409,51.9,154,0,0,0,0,0,0
7402,1,299.8,310.8,1463,43.5,156,0,0,0,0,0,0
7403,0,299.8,310.8,1376,48.6,159,0,0,0,0,0,0
7404,0,299.8,310.8,1553,32.2,161,0,0,0,0,0,0
7405,1,299.8,310.8,1530,35.2,163,0,0,0,0,0,0
7406,0,299.8,310.9,1545,40.7,166,0,0,0,0,0,0
7407,2,299.8,310.9,1427,47.2,168,0,0,0,0,0,0
7408,0,299.9,310.9,1292,51.1,173,0,0,0,0,0,0
7410,0,299.9,311.0,1747,27.6,177,0,0,0,0,0,0
7411,0,300.0,311.1,1425,47.8,179,0,0,0,0,0,0
7412,0,300.0,311.0,1637,33.6,181,0,0,0,0,0,0
7413,1,300.1,311.1,1616,35.2,183,0,0,0,0,0,0
7414,0,300.1,311.1,1619,33.4,186,0,0,0,0,0,0
7415,0,300.1,311.2,1489,39.1,188,0,0,0,0,0,0
7416,1,300.1,311.2,1452,42.4,190,0,0,0,0,0,0
7417,1,300.1,311.3,1495,41.0,193,0,0,0,0,0,0
7418,1,300.2,311.4,1427,39.7,196,0,0,0,0,0,0
7419,0,300.1,311.4,1572,36.2,199,0,0,0,0,0,0
7420,0,300.1,311.3,1547,40.0,201,0,0,0,0,0,0
7421,1,300.1,311.4,1342,48.5,203,0,0,0,0,0,0
7422,0,300.0,311.2,1351,44.1,206,0,0,0,0,0,0
7423,0,300.0,311.3,1407,47.3,208,0,0,0,0,0,0
7424,1,300.1,311.4,1575,29.8,210,0,0,0,0,0,0
7425,1,300.0,311.4,1791,24.1,213,0,0,0,0,0,0
7426,1,300.0,311.4,1692,29.0,216,1,1,0,0,0,0
7427,0,300.0,311.4,1634,31.9,0,0,0,0,0,0,0
7428,1,300.0,311.4,1864,23.3,2,0,0,0,0,0,0
7429,0,300.0,311.4,1590,33.6,5,0,0,0,0,0,0
7430,1,300.0,311.4,1384,46.1,7,0,0,0,0,0,0
7431,1,300.0,311.4,1352,61.8,10,0,0,0,0,0,0
7432,0,300.1,311.4,1484,43.1,13,0,0,0,0,0,0
7434,0,300.0,311.4,1508,38.2,18,0,0,0,0,0,0
7435,0,299.9,311.3,1504,40.7,20,0,0,0,0,0,0
7436,0,300.0,311.4,1487,41.2,22,0,0,0,0,0,0
7437,0,299.8,311.3,1727,30.0,24,0,0,0,0,0,0
7438,0,299.9,311.3,1647,27.5,26,0,0,0,0,0,0
7439,0,300.0,311.3,1493,41.4,28,0,0,0,0,0,0
7440,0,300.0,311.4,1655,29.6,30,0,0,0,0,0,0
7441,1,299.9,311.4,1337,54.8,32,0,0,0,0,0,0
7442,0,300.0,311.5,1601,36.9,35,0,0,0,0,0,0
7443,2,300.1,311.6,1589,37.9,37,0,0,0,0,0,0
7444,0,300.2,311.7,1286,55.1,42,0,0,0,0,0,0
7445,0,300.2,311.7,1553,41.3,44,0,0,0,0,0,0
7446,0,300.2,311.8,1379,51.0,46,0,0,0,0,0,0
7447,1,300.3,311.9,1677,30.8,48,0,0,0,0,0,0
7448,0,300.3,311.8,1488,38.4,51,0,0,0,0,0,0
7449,0,300.3,311.8,1418,45.9,53,0,0,0,0,0,0
7450,0,300.3,311.8,1451,41.0,55,0,0,0,0,0,0
7451,0,300.3,311.8,1508,43.1,57,0,0,0,0,0,0
7452,0,300.3,311.7,1579,33.6,59,0,0,0,0,0,0
7453,2,300.3,311.7,1432,47.7,61,0,0,0,0,0,0
7454,0,300.2,311.6,1446,47.3,66,0,0,0,0,0,0
7455,1,300.2,311.7,1597,39.5,68,0,0,0,0,0,0
7456,1,300.2,311.7,1397,50.2,71,0,0,0,0,0,0
7457,0,300.1,311.6,1530,36.6,74,0,0,0,0,0,0
7458,1,300.1,311.6,1433,51.4,76,0,0,0,0,0,0
7459,0,300.0,311.5,1591,32.0,79,0,0,0,0,0,0
7460,0,300.0,311.5,1445,41.6,81,0,0,0,0,0,0
7461,0,300.0,311.5,1749,28.3,83,0,0,0,0,0,0
7462,0,300.0,311.3,1703,30.4,85,0,0,0,0,0,0
7463,2,300.1,311.4,1518,46.9,87,0,0,0,0,0,0
7464,0,300.1,311.3,1535,42.3,92,0,0,0,0,0,0
7465,1,300.1,311.4,1390,52.1,94,0,0,0,0,0,0
7466,2,300.3,311.6,1801,23.6,97,0,0,0,0,0,0
7467,2,300.3,311.6,1463,41.6,102,0,0,0,0,0,0
7468,0,300.3,311.6,1560,37.7,107,0,0,0,0,0,0
7469,0,300.3,311.6,1607,33.5,109,0,0,0,0,0,0
7470,0,300.4,311.6,1332,54.6,111,0,0,0,0,0,0
7471,0,300.3,311.7,1365,53.3,113,0,0,0,0,0,0
7472,1,300.3,311.6,1617,32.5,115,0,0,0,0,0,0
7473,1,300.3,311.6,1304,62.8,118,0,0,0,0,0,0
7475,2,300.3,311.6,1339,53.4,123,0,0,0,0,0,0
7476,0,300.2,311.5,1492,41.8,128,0,0,0,0,0,0
7477,1,300.1,311.3,1518,40.2,130,0,0,0,0,0,0
7478,0,300.1,311.3,1479,39.5,133,0,0,0,0,0,0
7479,1,300.1,311.3,1523,34.1,135,0,0,0,0,0,0
7480,1,300.2,311.4,1570,35.3,138,0,0,0,0,0,0
7481,2,300.2,311.4,1506,36.1,141,0,0,0,0,0,0
7482,1,300.2,311.6,1510,47.5,146,0,0,0,0,0,0
7483,0,300.2,311.6,1671,28.8,149,0,0,0,0,0,0
7484,1,300.3,311.6,1312,53.4,151,0,0,0,0,0,0
7485,0,300.3,311.6,1595,38.8,154,0,0,0,0,0,0
7486,0,300.3,311.7,1635,31.8,156,0,0,0,0,0,0
7487,0,300.3,311.7,1707,33.6,158,0,0,0,0,0,0
7488,0,300.3,311.7,1545,43.5,160,0,0,0,0,0,1
7489,1,300.2,311.6,1751,28.0,162,0,0,0,0,0,0
7490,1,300.4,311.8,1707,30.0,165,0,0,0,0,0,0
7491,0,300.4,311.8,1320,57.9,168,0,0,0,0,0,0
7492,1,300.3,311.7,1319,51.4,170,0,0,0,0,0,0
7493,0,300.2,311.7,1448,54.2,173,0,0,0,0,0,0
7494,0,300.2,311.8,1436,48.2,175,0,0,0,0,0,0
7495,0,300.3,311.9,1609,34.0,177,0,0,0,0,0,0
7496,0,300.2,311.8,1464,44.5,179,0,0,0,0,0,0
7497,1,300.3,311.8,1483,45.1,181,0,0,0,0,0,0
7498,1,300.2,311.8,1748,28.5,184,0,0,0,0,0,0
7499,0,300.3,311.8,1746,26.3,187,0,0,0,0,0,0
7500,0,300.2,311.8,1410,51.4,189,0,0,0,0,0,0
7501,0,300.2,311.7,1640,30.8,191,0,0,0,0,0,0
7502,2,300.3,311.7,1655,29.9,193,0,0,0,0,0,0
7503,1,300.3,311.7,1646,28.9,198,0,0,0,0,0,0
7504,0,300.4,311.8,1589,42.0,201,0,0,0,0,0,0
7505,0,300.5,311.9,1546,39.4,203,0,0,0,0,0,0
7506,0,300.5,311.9,1511,41.8,205,0,0,0,0,0,0
7507,0,300.5,311.9,1750,28.3,207,0,0,0,0,0,0
7508,1,300.5,311.9,1730,27.5,209,0,0,0,0,0,0
7509,0,300.6,311.9,1372,60.1,212,1,0,0,0,1,0
7510,0,300.5,311.8,1524,38.9,214,1,1,0,0,0,0
7511,0,300.4,311.8,1601,36.1,0,0,0,0,0,0,0
7512,1,300.5,311.8,1636,34.4,2,0,0,0,0,0,0
7514,0,300.4,311.8,1636,32.3,7,0,0,0,0,0,0
7515,1,300.4,311.9,1335,58.3,9,0,0,0,0,0,0
7516,1,300.3,311.7,1236,57.5,12,0,0,0,0,0,0
7517,0,300.3,311.7,1445,47.3,15,0,0,0,0,0,0
7518,0,300.2,311.5,1500,40.8,17,0,0,0,0,0,0
7520,0,300.2,311.6,1529,35.5,21,0,0,0,0,0,0
7521,1,300.2,311.6,1467,40.7,23,0,0,0,0,0,0
7522,0,300.1,311.5,1334,54.0,26,0,0,0,0,0,0
7523,1,300.1,311.5,1343,46.2,28,0,0,0,0,0,0
7524,0,300.2,311.5,1639,31.1,31,0,0,0,0,0,0
7525,2,300.1,311.5,1383,49.1,33,0,0,0,0,0,0
7526,0,300.1,311.4,1660,31.4,38,0,0,0,0,0,0
7527,0,300.1,311.3,1470,45.2,40,0,0,0,0,0,0
7528,1,300.1,311.3,1748,26.6,42,0,0,0,0,0,0
7529,0,300.1,311.4,1467,35.7,45,0,0,0,0,0,0
7530,1,300.1,311.4,1617,39.3,47,0,0,0,0,0,0
7531,2,300.1,311.4,1377,56.7,50,0,0,0,0,0,0
7532,1,300.0,311.3,1629,32.1,55,0,0,0,0,0,0
7533,0,300.0,311.2,1504,37.9,58,0,0,0,0,0,0
7534,0,300.0,311.2,1418,47.3,60,0,0,0,0,0,0
7535,0,300.0,311.2,1629,31.7,62,0,0,0,0,0,0
7537,0,300.1,311.3,1305,64.7,66,0,0,0,0,0,0
7538,1,300.2,311.4,1450,38.5,68,0,0,0,0,0,0
7539,0,300.2,311.3,1487,36.9,71,0,0,0,0,0,0
7540,1,300.2,311.3,1587,31.2,73,0,0,0,0,0,0
7541,1,300.3,311.5,1528,40.9,76,0,0,0,0,0,0
7542,1,300.4,311.6,1401,49.9,79,0,0,0,0,0,0
7543,0,300.3,311.5,1446,45.0,82,0,0,0,0,0,0
7544,0,300.2,311.4,1425,44.2,84,0,0,0,0,0,0
7545,0,300.2,311.4,1891,22.6,86,0,0,0,0,0,0
7546,2,300.2,311.5,1454,42.8,88,0,0,0,0,0,0
7547,0,300.1,311.4,1430,40.9,93,0,0,0,0,0,0
7548,0,300.2,311.4,1495,43.6,95,0,0,0,0,0,0
7549,0,300.3,311.4,1544,41.6,97,0,0,0,0,0,0
7550,1,300.3,311.4,1554,34.3,99,0,0,0,0,0,0
7551,1,300.2,311.3,1491,37.3,102,0,0,0,0,0,0
7552,0,300.3,311.3,1525,40.7,105,0,0,0,0,0,0
7553,0,300.3,311.3,1505,39.6,107,0,0,0,0,0,0
7554,1,300.3,311.4,1371,50.2,109,0,0,0,0,0,0
7555,0,300.3,311.3,1332,60.5,112,0,0,0,0,0,0
7556,0,300.3,311.4,1471,37.0,114,0,0,0,0,0,0
7557,1,300.4,311.5,1750,27.3,116,0,0,0,0,0,0
7558,1,300.3,311.4,1386,48.1,119,0,0,0,0,0,0
7559,1,300.4,311.4,1355,56.2,122,0,0,0,0,0,0
7560,1,300.3,311.3,1377,53.8,125,0,0,0,0,0,0
7561,0,300.3,311.1,1388,49.4,128,0,0,0,0,0,0
7562,1,300.3,311.1,1350,58.7,130,0,0,0,0,0,0
7563,1,300.4,311.2,1831,23.4,133,0,0,0,0,0,0
7564,1,300.3,311.2,1381,65.2,136,1,0,0,1,0,0
7565,1,300.3,311.2,1783,25.6,139,0,0,0,0,0,0
7566,0,300.3,311.0,1613,34.7,142,0,0,0,0,0,0
7568,0,300.2,311.0,1627,33.7,147,0,0,0,0,0,0
7570,2,300.2,311.0,1777,27.5,151,0,0,0,0,0,0
7571,0,300.3,311.1,1606,30.9,156,0,0,0,0,0,0
7572,0,300.3,311.1,1676,28.6,158,0,0,0,0,0,0
7573,0,300.3,311.1,1605,37.1,160,0,0,0,0,0,0
7574,0,300.4,311.1,1487,37.4,162,0,0,0,0,0,0
7575,0,300.4,311.2,1471,46.5,164,0,0,0,0,0,0
7576,1,300.3,311.1,1477,44.2,166,0,0,0,0,0,0
7577,0,300.4,311.2,1530,32.0,169,0,0,0,0,0,0
7578,0,300.4,311.2,1673,28.9,171,0,0,0,0,0,0
7579,0,300.4,311.2,1436,56.8,173,0,0,0,0,0,0
7580,0,300.4,311.3,1495,51.2,175,0,0,0,0,0,0
7581,1,300.4,311.2,1366,56.1,177,0,0,0,0,0,0
7582,2,300.4,311.2,1489,45.3,180,0,0,0,0,0,0
7583,0,300.3,311.1,1480,46.6,185,0,0,0,0,0,0
7584,0,300.4,311.2,1472,37.3,187,0,0,0,0,0,0
7585,0,300.4,311.1,1397,50.8,189,0,0,0,0,0,0
7586,0,300.4,311.1,1589,35.5,191,0,0,0,0,0,0
7587,0,300.4,311.1,1405,54.1,193,0,0,0,0,0,0
7589,0,300.4,311.0,1802,26.0,197,0,0,0,0,0,0
7590,1,300.4,311.0,1433,46.1,199,0,0,0,0,0,0
7591,1,300.5,311.1,1296,61.3,202,1,0,0,0,1,0
7592,1,300.5,311.2,1551,36.6,205,0,0,0,0,0,0
7594,0,300.6,311.3,1531,38.5,0,0,0,0,0,0,0
7595,2,300.5,311.2,1397,45.2,2,0,0,0,0,0,0
7596,0,300.5,311.1,1547,37.2,7,0,0,0,0,0,0
7598,0,300.5,311.1,1491,42.6,11,0,0,0,0,0,0
7599,0,300.5,311.0,1759,28.3,13,0,0,0,0,0,0
7600,1,300.4,311.0,1595,35.4,15,0,0,0,0,0,0
7601,0,300.4,311.2,1351,62.0,18,0,0,0,0,0,0
7602,0,300.4,311.2,1705,28.7,20,0,0,0,0,0,0
7603,0,300.4,311.2,1406,43.6,22,0,0,0,0,0,0
7604,0,300.4,311.3,1639,34.6,24,0,0,0,0,0,0
7606,1,300.4,311.3,1350,56.5,31,0,0,0,0,0,0
7607,1,300.5,311.3,1468,41.1,34,0,0,0,0,0,0
7608,0,300.5,311.4,1642,27.1,37,0,0,0,0,0,0
7609,0,300.5,311.3,1490,41.8,39,0,0,0,0,0,0
7610,1,300.5,311.3,1507,43.4,41,0,0,0,0,0,0
7611,0,300.5,311.4,1611,32.7,44,0,0,0,0,0,0
7612,1,300.5,311.4,1743,27.6,46,0,0,0,0,0,0
7613,0,300.5,311.3,1475,46.3,49,0,0,0,0,0,0
7614,0,300.5,311.4,1432,47.5,51,0,0,0,0,0,0
7615,0,300.5,311.4,1442,47.0,53,0,0,0,0,0,0
7616,1,300.6,311.4,1468,40.4,55,0,0,0,0,0,0
7617,0,300.5,311.4,1556,45.3,58,0,0,0,0,0,0
7618,1,300.5,311.4,1312,51.4,60,0,0,0,0,0,0
7619,0,300.6,311.5,1459,47.0,63,0,0,0,0,0,0
7620,0,300.5,311.5,1651,36.9,65,0,0,0,0,0,0
7621,0,300.5,311.5,1490,38.4,67,0,0,0,0,0,0
7622,1,300.6,311.6,1473,31.5,69,0,0,0,0,0,0
7623,0,300.6,311.7,1734,29.9,72,0,0,0,0,0,0
7624,0,300.6,311.7,1507,45.5,74,0,0,0,0,0,0
7625,0,300.6,311.7,1556,34.9,76,0,0,0,0,0,0
7626,2,300.5,311.6,1351,53.5,78,0,0,0,0,0,0
7627,0,300.5,311.7,1445,44.8,83,0,0,0,0,0,0
7628,0,300.5,311.7,1619,32.7,85,0,0,0,0,0,0
7629,1,300.5,311.7,1269,64.0,87,0,0,0,0,0,0
7630,0,300.5,311.6,1534,37.7,90,0,0,0,0,0,0
7631,0,300.5,311.6,1444,49.3,92,0,0,0,0,0,0
7632,0,300.5,311.6,1744,26.8,94,0,0,0,0,0,0
7633,0,300.4,311.5,1441,44.6,96,0,0,0,0,0,0
7634,1,300.3,311.3,1506,40.7,98,0,0,0,0,0,0
7635,0,300.3,311.4,1526,38.5,101,0,0,0,0,0,0
7636,0,300.4,311.5,1704,29.7,103,0,0,0,0,0,0
7637,2,300.4,311.4,1445,52.4,105,0,0,0,0,0,0
7638,0,300.5,311.5,1661,35.9,110,0,0,0,0,0,0
7639,0,300.5,311.4,1466,41.8,112,0,0,0,0,0,0
7640,0,300.4,311.3,1608,35.1,114,0,0,0,0,0,0
7641,1,300.4,311.4,1352,57.3,116,0,0,0,0,0,0
7642,1,300.4,311.4,1604,31.7,119,0,0,0,0,0,0
7643,2,300.4,311.4,1427,50.7,122,0,0,0,0,0,0
7644,0,300.4,311.4,1424,44.6,127,0,0,0,0,0,0
7645,0,300.4,311.4,1662,29.3,129,0,0,0,0,0,0
7647,0,300.4,311.4,1728,31.7,133,0,0,0,0,0,0
7648,0,300.4,311.4,1552,28.8,135,0,0,0,0,0,0
7649,2,300.4,311.5,1662,29.0,137,0,0,0,0,0,0
7650,0,300.3,311.4,1343,57.7,142,0,0,0,0,0,0
7651,1,300.4,311.5,1476,32.6,144,0,0,0,0,0,0
7652,0,300.3,311.4,1346,51.1,147,0,0,0,0,0,0
7653,0,300.4,311.5,1492,44.6,149,0,0,0,0,0,0
7654,1,300.3,311.5,1540,41.5,151,0,0,0,0,0,0
7655,0,300.4,311.5,1596,32.5,154,0,0,0,0,0,0
7656,0,300.5,311.6,1541,47.8,156,0,0,0,0,0,0
7657,0,300.5,311.6,1661,30.0,158,0,0,0,0,0,0
7658,1,300.4,311.6,1359,55.4,160,0,0,0,0,0,0
7659,0,300.5,311.6,1528,42.4,163,0,0,0,0,0,0
7660,1,300.5,311.6,1246,52.9,165,0,0,0,0,0,0
7661,0,300.5,311.6,1575,32.5,168,0,0,0,0,0,0
7662,1,300.5,311.6,1658,30.4,170,0,0,0,0,0,0
7663,0,300.5,311.6,1385,54.8,173,0,0,0,0,0,0
7664,2,300.5,311.7,1454,50.3,175,0,0,0,0,0,0
7665,0,300.5,311.6,1497,40.5,180,0,0,0,0,0,0
7666,1,300.6,311.7,1424,50.8,182,0,0,0,0,0,0
7667,0,300.6,311.7,1528,43.9,185,0,0,0,0,0,0
7668,0,300.6,311.8,1539,37.0,187,0,0,0,0,0,0
7669,0,300.7,311.8,1336,58.4,189,1,0,0,0,1,0
7670,0,300.5,311.6,1525,37.6,191,0,0,0,0,0,0
7671,1,300.5,311.6,1456,51.1,193,0,0,0,0,0,0
7673,1,300.5,311.6,1476,39.1,199,0,0,0,0,0,0
7674,0,300.5,311.6,1509,47.2,202,0,0,0,0,0,0
7675,0,300.5,311.6,1447,45.4,204,0,0,0,0,0,0
7676,0,300.6,311.7,1448,49.1,206,0,0,0,0,0,0
7677,0,300.6,311.7,1428,52.6,208,0,0,0,0,0,0
7678,1,300.6,311.7,1389,52.1,210,0,0,0,0,0,0
7679,0,300.7,311.7,1635,32.4,213,0,0,0,0,0,0
7680,0,300.7,311.7,1395,43.7,215,0,0,0,0,0,0
7681,0,300.7,311.8,1443,43.7,217,0,0,0,0,0,0
7682,1,300.7,311.7,1412,49.1,219,0,0,0,0,0,0
7683,0,300.7,311.7,1524,43.5,222,0,0,0,0,0,0
7684,1,300.7,311.8,1407,42.4,224,0,0,0,0,0,0
7685,0,300.8,311.7,1397,43.5,227,0,0,0,0,0,0
7686,1,300.7,311.7,1504,36.9,229,0,0,0,0,0,0
7688,0,300.6,311.7,1553,39.8,0,0,0,0,0,0,0
7689,0,300.6,311.7,1432,39.2,2,0,0,0,0,0,0
7690,1,300.5,311.6,1577,36.5,4,0,0,0,0,0,0
7691,1,300.5,311.5,1370,56.1,7,0,0,0,0,0,0
7692,2,300.5,311.6,1506,36.2,10,0,0,0,0,0,0
7694,2,300.6,311.7,1500,36.7,17,0,0,0,0,0,0
7695,0,300.6,311.7,1488,47.7,22,0,0,0,0,0,0
7696,2,300.6,311.5,1282,60.2,24,0,0,0,0,0,0
7697,0,300.5,311.4,1400,45.1,29,0,0,0,0,0,0
7698,0,300.6,311.5,1419,38.6,31,0,0,0,0,0,0
7699,1,300.7,311.5,1441,40.6,33,0,0,0,0,0,0
7700,1,300.7,311.6,1348,62.5,36,0,0,0,0,0,0
7701,2,300.8,311.7,1468,38.7,39,0,0,0,0,0,0
7702,1,300.7,311.7,1701,30.8,44,0,0,0,0,0,0
7703,2,300.7,311.7,1864,23.6,47,0,0,0,0,0,0
7704,1,300.6,311.6,1630,31.8,52,0,0,0,0,0,0
7705,0,300.5,311.5,1316,49.7,55,0,0,0,0,0,0
7706,0,300.5,311.5,1708,31.2,57,0,0,0,0,0,0
7707,2,300.5,311.4,1679,27.5,59,0,0,0,0,0,0
7708,0,300.5,311.4,1709,32.3,64,0,0,0,0,0,0
7709,0,300.5,311.4,1445,41.5,66,0,0,0,0,0,0
7710,1,300.5,311.4,1390,51.9,68,0,0,0,0,0,0
7711,0,300.4,311.4,1309,55.5,71,0,0,0,0,0,0
7712,0,300.5,311.5,1499,37.6,73,0,0,0,0,0,0
7714,0,300.5,311.5,1487,43.0,78,0,0,0,0,0,0
7715,0,300.5,311.5,1302,49.6,80,0,0,0,0,0,0
7716,1,300.5,311.5,1378,48.2,82,0,0,0,0,0,0
7717,0,300.5,311.6,1365,53.0,85,0,0,0,0,0,0
7718,2,300.6,311.7,1427,44.6,87,0,0,0,0,0,0
7719,2,300.6,311.7,1535,33.3,92,0,0,0,0,0,0
7720,2,300.5,311.6,1476,41.7,97,0,0,0,0,0,0
7721,0,300.5,311.6,1425,42.4,102,0,0,0,0,0,0
7722,0,300.5,311.7,1409,54.7,104,0,0,0,0,0,0
7723,0,300.5,311.6,1730,30.2,106,0,0,0,0,0,0
7724,1,300.5,311.6,1454,41.4,108,0,0,0,0,0,0
7725,0,300.6,311.7,1744,26.9,111,0,0,0,0,0,0
7726,1,300.8,311.9,1761,29.0,113,0,0,0,0,0,0
7727,1,300.7,311.9,1657,30.9,116,0,0,0,0,0,0
7728,0,300.7,311.8,1420,47.0,119,0,0,0,0,0,0
7729,2,300.7,311.9,1329,59.2,121,0,0,0,0,0,0
7730,0,300.6,311.9,1472,44.2,126,0,0,0,0,0,0
7731,0,300.6,312.0,1566,30.1,128,0,0,0,0,0,0
7732,0,300.6,312.0,1430,42.7,130,0,0,0,0,0,0
7733,0,300.6,312.0,1481,40.9,132,0,0,0,0,0,0
7734,0,300.6,312.0,1670,29.4,134,0,0,0,0,0,0
7735,0,300.6,312.0,1406,55.1,136,0,0,0,0,0,0
7736,2,300.6,312.1,1354,46.9,138,0,0,0,0,0,0
7738,1,300.5,312.0,1263,60.8,146,0,0,0,0,0,0
7739,0,300.5,311.9,1576,31.1,149,0,0,0,0,0,0
7740,0,300.5,312.0,1453,45.1,151,0,0,0,0,0,0
7741,0,300.5,312.0,1478,39.0,153,0,0,0,0,0,0
7742,1,300.5,311.9,1323,57.9,155,0,0,0,0,0,0
7743,0,300.5,311.9,1710,28.4,158,0,0,0,0,0,0
7744,0,300.4,311.7,1314,59.5,160,0,0,0,0,0,0
7745,0,300.4,311.7,1460,39.6,162,0,0,0,0,0,0
7746,1,300.4,311.7,1508,45.4,164,0,0,0,0,0,0
7747,1,300.5,311.8,1331,55.3,167,0,0,0,0,0,0
7748,0,300.4,311.7,1515,47.4,170,0,0,0,0,0,0
7749,0,300.4,311.6,1674,33.0,172,0,0,0,0,0,0
7750,0,300.4,311.7,1444,51.2,174,0,0,0,0,0,0
7751,1,300.4,311.7,1398,42.6,176,0,0,0,0,0,0
7752,1,300.4,311.7,1832,24.2,179,0,0,0,0,0,0
7753,1,300.5,311.8,1591,42.0,182,0,0,0,0,0,0
7754,1,300.4,311.7,1478,39.9,185,0,0,0,0,0,0
7755,1,300.4,311.8,1362,47.6,188,0,0,0,0,0,0
7756,0,300.5,311.8,1368,57.9,191,1,0,0,0,1,0
7757,1,300.3,311.7,1723,28.3,193,0,0,0,0,0,0
7758,0,300.4,311.8,1689,30.8,196,0,0,0,0,0,0
7759,0,300.4,311.8,1272,59.2,198,1,0,0,0,1,0
7760,1,300.4,311.7,1511,33.0,200,0,0,0,0,0,0
7761,2,300.4,311.6,1715,30.8,203,0,0,0,0,0,0
7762,1,300.3,311.5,1400,43.8,0,0,0,0,0,0,0
7764,1,300.4,311.7,1555,38.7,5,0,0,0,0,0,0
7765,2,300.3,311.6,1427,56.2,8,0,0,0,0,0,0
7766,0,300.3,311.4,1318,52.7,13,0,0,0,0,0,0
7767,2,300.2,311.4,1319,54.6,15,0,0,0,0,0,0
7769,0,300.3,311.5,1552,38.9,23,0,0,0,0,0,0
7770,0,300.3,311.5,1548,32.2,25,0,0,0,0,0,0
7771,0,300.3,311.6,1709,29.5,27,0,0,0,0,0,0
7772,2,300.3,311.5,1464,41.0,29,0,0,0,0,0,0
7773,0,300.3,311.4,1759,24.8,34,0,0,0,0,0,0
7774,0,300.3,311.5,1634,31.9,36,0,0,0,0,0,0
7775,0,300.3,311.5,1663,33.6,38,0,0,0,0,0,0
7776,1,300.3,311.5,1445,47.3,40,0,0,0,0,0,0
7777,0,300.3,311.5,1695,25.6,43,0,0,0,0,0,0
7778,0,300.4,311.6,1517,39.0,45,0,0,0,0,0,0
7779,0,300.5,311.7,1811,26.8,47,0,0,0,0,0,0
7780,0,300.4,311.6,1815,23.5,49,0,0,0,0,0,0
7781,0,300.4,311.7,1513,40.0,51,0,0,0,0,0,0
7782,1,300.4,311.6,1518,36.4,53,0,0,0,0,0,0
7783,0,300.3,311.5,1667,28.8,56,0,0,0,0,0,0
7784,0,300.3,311.5,1403,60.1,58,0,0,0,0,0,0
7785,0,300.2,311.5,1383,42.1,60,0,0,0,0,0,0
7786,0,300.3,311.5,1466,46.2,62,0,0,0,0,0,0
7787,0,300.3,311.5,1378,47.5,64,0,0,0,0,0,0
7788,1,300.2,311.5,1547,40.9,66,0,0,0,0,0,0
7789,0,300.2,311.5,1495,38.5,69,0,0,0,0,0,0
7790,0,300.1,311.4,1729,29.3,71,0,0,0,0,0,0
7791,0,300.1,311.4,1418,47.7,73,0,0,0,0,0,0
7792,2,300.1,311.4,1485,40.4,75,0,0,0,0,0,0
7793,0,300.1,311.5,1434,40.8,80,0,0,0,0,0,0
7794,1,300.2,311.6,1415,55.8,82,0,0,0,0,0,0
7795,2,300.1,311.6,1674,29.6,85,0,0,0,0,0,0
7796,0,300.1,311.5,1454,52.4,90,0,0,0,0,0,0
7797,0,300.0,311.4,1476,39.0,92,0,0,0,0,0,0
7798,0,300.0,311.5,1812,28.3,94,0,0,0,0,0,0
7799,0,300.0,311.4,1374,41.9,96,0,0,0,0,0,0
7800,1,300.1,311.4,1524,40.6,98,0,0,0,0,0,0
7801,0,300.0,311.4,1383,49.6,101,0,0,0,0,0,0
7802,0,299.9,311.3,1429,58.2,103,0,0,0,0,0,0
7803,1,299.8,311.3,1517,41.2,105,0,0,0,0,0,0
7804,1,299.9,311.4,1480,44.9,108,0,0,0,0,0,0
7805,0,299.9,311.4,1706,28.8,111,0,0,0,0,0,0
7806,0,300.0,311.5,1349,48.6,113,0,0,0,0,0,0
7807,1,300.0,311.5,1451,49.0,115,0,0,0,0,0,0
7808,0,299.9,311.4,1627,36.7,118,0,0,0,0,0,0
7809,1,300.0,311.4,1537,35.4,120,0,0,0,0,0,0
7811,1,300.0,311.4,1466,39.0,125,0,0,0,0,0,0
7812,0,300.0,311.5,1666,32.0,128,0,0,0,0,0,0
7813,0,300.0,311.5,1455,41.7,130,0,0,0,0,0,0
7815,1,299.9,311.3,1703,28.4,134,0,0,0,0,0,0
7816,0,299.8,311.2,1533,35.9,137,0,0,0,0,0,0
7817,2,299.8,311.3,1785,25.4,139,0,0,0,0,0,0
7819,0,299.8,311.2,1369,46.2,146,0,0,0,0,0,0
7820,1,299.8,311.2,1706,29.2,148,0,0,0,0,0,0
7821,0,299.9,311.3,1802,24.4,151,0,0,0,0,0,0
7822,2,299.9,311.3,1413,41.8,153,0,0,0,0,0,0
7823,0,300.0,311.3,1484,53.2,158,0,0,0,0,0,0
7824,0,299.9,311.3,1535,38.1,160,0,0,0,0,0,0
7825,1,299.9,311.2,1579,35.5,162,0,0,0,0,0,0
7826,0,299.8,311.1,1300,64.2,165,0,0,0,0,0,0
7827,1,299.8,311.1,1452,44.3,167,0,0,0,0,0,0
7828,1,299.8,311.1,1562,35.7,170,0,0,0,0,0,0
7829,0,299.8,311.2,1664,28.3,173,0,0,0,0,0,0
7830,2,299.9,311.2,1495,35.8,175,0,0,0,0,0,0
7831,1,300.0,311.4,1533,42.6,180,0,0,0,0,0,0
7832,0,300.0,311.4,1484,37.0,183,0,0,0,0,0,0
7833,0,300.0,311.4,1604,38.7,185,0,0,0,0,0,0
7834,0,300.0,311.4,1483,45.6,187,0,0,0,0,0,0
7835,0,300.1,311.5,1549,34.7,189,0,0,0,0,0,0
7836,0,300.1,311.4,1604,35.0,191,0,0,0,0,0,0
7837,0,300.2,311.5,1685,31.0,193,0,0,0,0,0,0
7838,0,300.2,311.6,1372,49.2,195,0,0,0,0,0,0
7839,0,300.3,311.6,1374,47.4,197,0,0,0,0,0,0
7840,0,300.2,311.6,1606,31.0,199,0,0,0,0,0,0
7841,0,300.1,311.5,1471,47.2,201,0,0,0,0,0,0
7842,0,300.1,311.5,1659,31.1,203,0,0,0,0,0,0
7843,1,300.1,311.7,1400,48.5,205,0,0,0,0,0,0
7844,0,300.1,311.7,1503,42.6,208,0,0,0,0,0,0
7845,0,300.2,311.8,1798,23.2,210,0,0,0,0,0,0
7846,1,300.2,311.6,1608,35.0,212,0,0,0,0,0,0
7847,0,300.2,311.6,1322,50.9,215,0,0,0,0,0,0
7848,2,300.2,311.6,1547,37.7,217,0,0,0,0,0,0
7849,1,300.3,311.7,1374,47.9,222,1,1,0,0,0,0
7850,1,300.3,311.7,1447,36.8,0,0,0,0,0,0,0
7851,0,300.4,311.7,1373,47.2,3,0,0,0,0,0,0
7852,0,300.3,311.7,1515,37.5,5,0,0,0,0,0,0
7853,0,300.3,311.7,1317,56.5,7,0,0,0,0,0,0
7854,0,300.3,311.8,1551,37.2,9,0,0,0,0,0,0
7855,1,300.3,311.8,1592,32.1,11,0,0,0,0,0,0
7856,0,300.4,311.8,1433,42.2,14,0,0,0,0,0,0
7857,0,300.5,311.9,1432,43.1,16,0,0,0,0,0,0
7858,0,300.5,311.9,1350,51.7,18,0,0,0,0,0,0
7859,1,300.5,311.9,1370,44.8,20,0,0,0,0,0,0
7860,0,300.5,312.0,1415,44.6,23,0,0,0,0,0,0
7861,0,300.5,312.0,1498,42.9,25,0,0,0,0,0,0
7862,1,300.5,312.0,1382,54.1,27,0,0,0,0,0,0
7863,1,300.5,311.9,1511,44.5,30,0,0,0,0,0,0
7864,0,300.5,311.9,1330,59.5,33,0,0,0,0,0,0
7865,0,300.5,311.9,1383,50.5,35,0,0,0,0,0,0
7866,0,300.5,311.9,1431,49.4,37,0,0,0,0,0,0
7867,0,300.5,312.0,1461,38.1,39,0,0,0,0,0,0
7868,2,300.4,311.9,1438,46.7,41,0,0,0,0,0,1
7869,1,300.5,312.0,1779,27.7,46,0,0,0,0,0,0
7870,1,300.6,312.1,1293,52.3,49,0,0,0,0,0,0
7871,0,300.6,312.2,1308,54.7,52,0,0,0,0,0,0
7872,0,300.6,312.3,1532,37.2,54,0,0,0,0,0,0
7873,0,300.7,312.4,1470,38.6,56,0,0,0,0,0,0
7874,0,300.7,312.3,1548,37.9,58,0,0,0,0,0,0
7876,2,300.7,312.2,1335,49.0,62,0,0,0,0,0,0
7877,0,300.7,312.3,1420,53.8,67,0,0,0,0,0,0
7878,0,300.7,312.3,1418,49.0,69,0,0,0,0,0,0
7879,1,300.8,312.3,1535,40.3,71,0,0,0,0,0,0
7880,2,300.7,312.4,1457,47.2,74,0,0,0,0,0,0
7881,0,300.8,312.4,1493,39.1,79,0,0,0,0,0,0
7882,2,300.7,312.3,1670,27.3,81,0,0,0,0,0,0
7883,2,300.7,312.3,1446,45.4,86,0,0,0,0,0,0
7884,0,300.8,312.4,1465,59.1,91,1,0,0,1,0,0
7885,0,300.7,312.3,1590,36.3,93,0,0,0,0,0,0
7887,0,300.7,312.4,1590,37.9,98,0,0,0,0,0,0
7888,0,300.7,312.3,1577,33.2,100,0,0,0,0,0,0
7889,1,300.7,312.4,1371,61.7,102,0,0,0,0,0,0
7890,0,300.8,312.4,1767,25.6,105,0,0,0,0,0,0
7891,0,300.8,312.5,1517,39.2,107,0,0,0,0,0,0
7892,1,300.9,312.6,1555,40.6,109,0,0,0,0,0,0
7893,0,300.9,312.7,1416,43.8,112,0,0,0,0,0,0
7894,1,300.8,312.6,1588,35.6,114,0,0,0,0,0,0
7895,0,300.8,312.6,1422,50.0,117,0,0,0,0,0,0
7896,0,300.8,312.6,1376,53.6,119,0,0,0,0,0,0
7897,0,300.8,312.5,1434,50.7,121,0,0,0,0,0,0
7898,0,300.8,312.5,1423,47.3,123,0,0,0,0,0,0
7899,0,300.9,312.4,1364,52.5,125,0,0,0,0,0,0
7900,0,300.8,312.4,1825,23.8,127,0,0,0,0,0,0
7901,0,300.8,312.4,1365,44.5,129,0,0,0,0,0,0
7902,1,300.7,312.3,1430,47.2,131,0,0,0,0,0,0
7903,0,300.8,312.3,1435,44.8,134,0,0,0,0,0,0
7904,1,300.8,312.4,1811,25.1,136,0,0,0,0,0,0
7905,1,300.8,312.4,1465,43.7,139,0,0,0,0,0,0
7906,0,300.9,312.4,1372,51.0,142,0,0,0,0,0,0
7907,0,300.8,312.3,1858,26.3,144,0,0,0,0,0,0
7908,0,300.7,312.3,1715,26.8,146,0,0,0,0,0,0
7909,0,300.7,312.2,1590,38.5,148,0,0,0,0,0,0
7910,1,300.8,312.2,1664,25.7,150,0,0,0,0,0,0
7911,0,300.7,312.1,1512,36.9,153,0,0,0,0,0,0
7912,0,300.7,312.1,1498,44.0,155,0,0,0,0,0,0
7913,0,300.7,312.1,1395,41.9,157,0,0,0,0,0,0
7914,2,300.7,312.1,1490,43.1,159,0,0,0,0,0,0
7915,2,300.8,312.1,1527,35.1,164,0,0,0,0,0,0
7916,0,300.8,312.1,1512,37.1,169,0,0,0,0,0,0
7917,0,300.9,312.1,1474,42.4,171,0,0,0,0,0,0
7918,0,300.8,312.1,1505,41.3,173,0,0,0,0,0,0
7919,0,300.8,312.0,1496,40.0,175,0,0,0,0,0,0
7920,0,300.8,312.0,1382,49.3,177,0,0,0,0,0,0
7921,0,300.7,311.9,1419,47.7,179,0,0,0,0,0,0
7922,0,300.7,311.9,1462,39.7,181,0,0,0,0,0,0
7923,1,300.8,312.0,1450,45.0,183,0,0,0,0,0,0
7924,2,300.7,311.9,1389,46.5,186,0,0,0,0,0,0
7925,1,300.7,311.9,1697,28.2,191,0,0,0,0,0,0
7926,0,300.7,311.9,1335,57.1,194,1,0,0,0,1,0
7927,0,300.7,311.9,1476,42.0,196,0,0,0,0,0,0
7928,0,300.6,311.7,1497,43.6,198,0,0,0,0,0,0
7929,1,300.6,311.6,1669,29.2,200,0,0,0,0,0,0
7930,0,300.6,311.6,1455,48.0,203,0,0,0,0,0,0
7931,0,300.7,311.7,1499,38.4,205,0,0,0,0,0,0
7932,0,300.7,311.8,1478,41.9,207,0,0,0,0,0,0
7934,1,300.8,311.9,1621,28.3,211,0,0,0,0,0,0
7935,1,300.8,311.9,1356,44.3,214,0,0,0,0,0,0
7936,0,300.8,311.7,1490,46.4,217,0,0,0,0,0,0
7937,0,300.8,311.7,1578,31.4,219,0,0,0,0,0,0
7938,0,300.8,311.7,1681,31.3,221,0,0,0,0,0,0
7939,0,300.8,311.8,1417,43.4,223,0,0,0,0,0,0
7940,1,300.7,311.7,1532,40.0,0,0,0,0,0,0,0
7941,1,300.7,311.7,1499,38.9,3,0,0,0,0,0,0
7942,0,300.8,311.7,1432,45.8,6,0,0,0,0,0,0
7943,0,300.8,311.7,1753,29.0,8,0,0,0,0,0,0
7944,0,300.8,311.7,1414,49.0,10,0,0,0,0,0,0
7945,0,300.8,311.7,1655,32.2,12,0,0,0,0,0,0
7946,0,300.8,311.6,1516,35.6,14,0,0,0,0,0,0
7947,0,300.8,311.7,1426,45.5,16,0,0,0,0,0,0
7948,0,300.8,311.7,1479,39.4,18,0,0,0,0,0,0
7949,1,300.7,311.5,1569,36.4,20,0,0,0,0,0,0
7950,0,300.8,311.6,1568,36.0,23,0,0,0,0,0,0
7951,1,300.9,311.8,1843,24.5,25,0,0,0,0,0,0
7952,1,300.9,311.9,1480,40.9,28,0,0,0,0,0,0
7953,0,301.0,312.0,1447,36.8,31,0,0,0,0,0,0
7954,0,301.0,311.9,1454,41.9,33,0,0,0,0,0,0
7955,1,300.9,311.9,1310,56.1,35,0,0,0,0,0,0
7956,2,300.9,311.9,1513,38.0,38,0,0,0,0,0,0
7958,0,301.0,312.1,1377,49.9,48,0,0,0,0,0,0
7959,0,301.0,312.1,1585,32.3,50,0,0,0,0,0,0
7960,2,301.1,312.2,1491,42.6,52,0,0,0,0,0,0
7961,0,301.0,312.2,1264,59.0,57,0,0,0,0,0,0
7962,0,301.0,312.2,1372,47.0,59,0,0,0,0,0,0
7963,0,301.0,312.2,1510,39.9,61,0,0,0,0,0,0
7964,0,300.9,312.1,1423,40.2,63,0,0,0,0,0,0
7965,0,301.1,312.3,1464,35.3,65,0,0,0,0,0,0
7966,0,301.0,312.2,1602,35.9,67,0,0,0,0,0,0
7967,1,301.0,312.2,1629,32.6,69,0,0,0,0,0,0
7968,0,300.9,312.2,1811,23.2,72,0,0,0,0,0,0
7969,0,300.9,312.1,1711,28.8,74,0,0,0,0,0,0
7970,1,300.9,312.1,1297,48.6,76,0,0,0,0,0,0
7971,0,301.0,312.1,1405,46.1,79,0,0,0,0,0,0
7972,0,301.1,312.2,1397,54.9,81,0,0,0,0,0,0
7973,0,301.1,312.3,1682,29.7,83,0,0,0,0,0,0
7974,0,301.2,312.3,1528,38.4,85,0,0,0,0,0,0
7975,1,301.2,312.3,1548,38.3,87,0,0,0,0,0,0
7976,2,301.2,312.4,1395,47.8,90,0,0,0,0,0,0
7977,0,301.2,312.4,1378,59.0,95,0,0,0,0,0,0
7978,0,301.2,312.4,1480,53.5,97,0,0,0,0,0,0
7979,1,301.2,312.4,1428,36.6,99,0,0,0,0,0,0
7980,1,301.2,312.4,1505,39.6,102,0,0,0,0,0,0
7981,0,301.0,312.3,1445,36.4,105,0,0,0,0,0,0
7982,0,301.0,312.3,1488,42.6,107,0,0,0,0,0,0
7983,0,301.0,312.2,1601,33.0,109,0,0,0,0,0,0
7984,0,301.0,312.3,1550,34.9,111,0,0,0,0,0,0
7985,0,301.0,312.2,1540,34.1,113,0,0,0,0,0,0
7986,0,301.1,312.3,1587,34.5,115,0,0,0,0,0,0
7987,2,301.0,312.2,1489,40.3,117,0,0,0,0,0,0
7988,0,301.1,312.3,1486,34.9,122,0,0,0,0,0,0
7989,0,301.1,312.4,1430,37.9,124,0,0,0,0,0,0
7990,1,301.1,312.4,1809,25.1,126,0,0,0,0,0,0
7991,0,301.1,312.3,1534,39.0,129,0,0,0,0,0,0
7992,1,301.1,312.3,1852,25.9,131,0,0,0,0,0,0
7993,0,301.1,312.3,1595,31.9,134,0,0,0,0,0,0
7994,0,301.0,312.3,1424,43.5,136,0,0,0,0,0,0
7995,0,301.0,312.2,1776,28.8,138,0,0,0,0,0,0
7996,1,301.0,312.2,1499,41.5,140,0,0,0,0,0,0
7998,0,300.9,312.1,1359,51.7,146,0,0,0,0,0,0
7999,1,300.9,312.1,1617,31.0,148,0,0,0,0,0,0
8000,1,300.8,312.0,1443,53.3,151,0,0,0,0,0,0
8001,0,300.8,312.0,1374,50.2,154,0,0,0,0,0,0
8002,1,300.9,312.1,1851,23.0,156,0,0,0,0,0,0
8004,0,300.9,312.0,1533,44.0,162,0,0,0,0,0,0
8005,0,300.8,312.0,1477,37.3,164,0,0,0,0,0,0
8006,0,300.9,312.1,1462,46.0,166,0,0,0,0,0,0
8007,1,301.0,312.1,1664,28.4,168,0,0,0,0,0,0
8008,0,300.8,311.9,1414,41.1,171,0,0,0,0,0,0
8010,0,300.8,311.8,1323,61.1,178,0,0,0,0,0,0
8011,0,300.8,311.8,1427,43.3,180,0,0,0,0,0,0
8012,1,300.9,312.0,1375,56.1,182,0,0,0,0,0,0
8013,1,300.9,312.0,1402,50.7,185,0,0,0,0,0,0
8014,0,300.9,312.0,1500,44.2,188,0,0,0,0,0,0
8015,1,301.0,312.0,1558,37.5,190,0,0,0,0,0,0
8016,1,300.9,312.0,1447,41.4,193,0,0,0,0,0,0
8017,0,301.0,312.0,1518,39.3,196,0,0,0,0,0,0
8018,0,301.0,311.9,1889,23.5,198,0,0,0,0,0,0
8019,0,301.0,312.1,1675,30.7,200,0,0,0,0,0,0
8020,2,300.9,312.0,1720,27.9,202,0,0,0,0,0,0
8021,1,301.0,312.0,1499,34.6,207,0,0,0,0,0,0
8022,0,300.9,312.0,1441,43.8,210,0,0,0,0,0,0
8023,2,300.9,312.0,1397,42.7,212,0,0,0,0,0,0
8024,0,300.9,312.0,1493,38.7,217,0,0,0,0,0,0
8025,1,300.8,312.0,1422,50.7,219,0,0,0,0,0,0
8026,0,300.7,311.9,1399,50.2,222,1,0,0,0,1,0
8027,0,300.6,311.9,1425,44.9,224,0,0,0,0,0,0
8028,0,300.6,311.8,1501,44.8,226,0,0,0,0,0,0
8029,1,300.6,311.9,1629,35.3,0,0,0,0,0,0,0
8030,0,300.6,312.0,1490,42.2,3,0,0,0,0,0,0
8031,0,300.7,312.0,1550,32.4,5,0,0,0,0,0,0
8032,0,300.8,312.0,1416,46.5,7,0,0,0,0,0,0
8033,0,300.7,311.9,1485,38.8,9,0,0,0,0,0,0
8034,0,300.7,311.8,1564,36.8,11,0,0,0,0,0,0
8036,0,300.7,311.7,1460,46.1,15,0,0,0,0,0,0
8037,0,300.7,311.8,1603,34.1,17,0,0,0,0,0,0
8038,0,300.7,311.8,1486,47.3,19,0,0,0,0,0,0
8039,0,300.8,311.9,1560,31.8,21,0,0,0,0,0,0
8040,0,300.8,311.9,1498,39.3,23,0,0,0,0,0,0
8041,2,300.8,311.9,1431,48.5,25,0,0,0,0,0,0
8042,0,300.8,311.9,1486,45.1,30,0,0,0,0,0,0
8043,0,300.7,311.9,1486,35.8,32,0,0,0,0,0,0
8044,0,300.7,311.8,1441,38.1,34,0,0,0,0,0,0
8045,1,300.7,311.9,1366,55.1,36,0,0,0,0,0,0
8046,0,300.6,311.8,1471,41.4,39,0,0,0,0,0,0
8047,0,300.6,311.9,1463,38.2,41,0,0,0,0,0,0
8048,0,300.6,311.9,1413,41.3,43,0,0,0,0,0,0
8049,2,300.6,311.9,1604,30.5,45,0,0,0,0,0,0
8050,0,300.7,312.0,1401,51.1,50,0,0,0,0,0,0
8051,0,300.6,311.8,1652,27.2,52,0,0,0,0,0,0
8052,0,300.5,311.9,1403,45.7,54,0,0,0,0,0,0
8053,0,300.5,311.9,1887,21.7,56,0,0,0,0,0,0
8054,0,300.4,311.8,1405,47.9,58,0,0,0,0,0,0
8055,2,300.2,311.6,1496,41.1,60,0,0,0,0,0,0
8056,0,300.1,311.5,1499,43.4,65,0,0,0,0,0,0
8057,0,300.2,311.5,1549,37.2,67,0,0,0,0,0,0
8058,0,300.3,311.6,1515,44.9,69,0,0,0,0,0,0
8059,0,300.2,311.6,1540,37.7,71,0,0,0,0,0,0
8060,2,300.2,311.5,1426,44.3,73,0,0,0,0,0,0
8061,1,300.2,311.6,1465,41.4,78,0,0,0,0,0,0
8062,1,300.3,311.6,1359,54.1,81,0,0,0,0,0,0
8063,1,300.3,311.7,1551,36.4,84,0,0,0,0,0,0
8064,0,300.5,311.8,1596,34.8,87,0,0,0,0,0,0
8065,1,300.5,311.9,1670,26.3,89,0,0,0,0,0,0
8066,0,300.4,311.9,1868,21.3,92,0,0,0,0,0,0
8067,1,300.6,312.0,1490,39.8,94,0,0,0,0,0,0
8068,1,300.5,311.9,1676,35.2,97,0,0,0,0,0,0
8069,1,300.5,311.9,1875,22.1,100,0,0,0,0,0,0
8070,1,300.5,312.0,1867,23.0,103,0,0,0,0,0,0
8071,0,300.5,312.0,1646,29.5,106,0,0,0,0,0,0
8072,2,300.5,312.0,1375,43.2,108,0,0,0,0,0,0
8073,0,300.5,312.0,1558,36.7,113,0,0,0,0,0,0
8074,0,300.4,312.0,1631,34.9,115,0,0,0,0,0,0
8075,0,300.4,312.0,1366,43.0,117,0,0,0,0,0,0
8076,0,300.3,311.8,1360,48.0,119,0,0,0,0,0,0
8077,0,300.3,311.8,1547,39.7,121,0,0,0,0,0,0
8078,0,300.3,311.7,1571,31.2,123,0,0,0,0,0,0
8079,0,300.2,311.5,1528,36.1,125,0,0,0,0,0,0
8080,2,300.2,311.5,1432,43.6,127,0,0,0,0,0,0
8081,0,300.2,311.6,1356,53.5,132,0,0,0,0,0,0
8082,2,300.1,311.5,1422,46.2,134,0,0,0,0,0,0
8083,0,300.1,311.4,1438,42.2,139,0,0,0,0,0,0
8084,0,300.2,311.4,1483,44.4,141,0,0,0,0,0,0
8085,0,300.2,311.4,1331,49.8,143,0,0,0,0,0,0
8086,0,300.2,311.4,1463,37.5,145,0,0,0,0,0,0
8087,0,300.1,311.4,1446,40.6,147,0,0,0,0,0,0
8088,0,300.1,311.4,1356,45.7,149,0,0,0,0,0,0
8089,0,300.1,311.3,1676,30.3,151,0,0,0,0,0,0
8091,0,300.2,311.6,1375,56.9,155,0,0,0,0,0,0
8092,1,300.2,311.6,1513,40.8,157,0,0,0,0,0,0
8093,0,300.2,311.6,1511,35.7,160,0,0,0,0,0,0
8094,2,300.2,311.6,1662,28.8,162,0,0,0,0,0,0
8095,0,300.2,311.7,1493,48.3,167,0,0,0,0,0,0
8096,1,300.2,311.7,1555,37.4,169,0,0,0,0,0,0
8097,0,300.3,311.7,1452,41.5,172,0,0,0,0,0,0
8098,0,300.2,311.6,1500,39.0,174,0,0,0,0,0,0
8099,0,300.2,311.7,1603,30.5,176,0,0,0,0,0,0
8100,0,300.3,311.7,1682,27.8,178,0,0,0,0,0,0
8101,0,300.3,311.8,1567,37.7,180,0,0,0,0,0,0
8102,0,300.3,311.8,1413,46.0,182,0,0,0,0,0,0
8103,1,300.3,311.9,1429,41.6,184,0,0,0,0,0,0
8104,0,300.3,311.9,1692,31.5,187,0,0,0,0,0,0
8105,0,300.4,311.9,1476,48.7,189,0,0,0,0,0,0
8106,1,300.4,312.0,1596,30.4,191,0,0,0,0,0,0
8107,2,300.3,311.9,1390,49.0,194,0,0,0,0,0,0
8108,1,300.3,311.8,1607,33.7,199,0,0,0,0,0,0
8109,0,300.3,311.7,1821,26.3,202,0,0,0,0,0,0
8111,1,300.4,311.8,1553,33.1,209,1,1,0,0,0,0
8112,1,300.4,311.8,1442,45.1,0,0,0,0,0,0,0
8113,0,300.4,311.7,1459,45.6,3,0,0,0,0,0,0
8115,0,300.4,311.8,1367,57.2,10,0,0,0,0,0,0
8117,0,300.3,311.7,1406,47.5,14,0,0,0,0,0,0
8118,0,300.3,311.8,1548,33.0,16,0,0,0,0,0,0
8119,0,300.3,311.7,1333,55.2,18,0,0,0,0,0,0
8120,0,300.2,311.6,1767,26.4,20,0,0,0,0,0,0
8121,0,300.2,311.6,1827,27.0,22,0,0,0,0,0,0
8122,1,300.2,311.6,1533,46.4,24,0,0,0,0,0,0
8123,2,300.2,311.5,1515,36.8,27,0,0,0,0,0,0
8124,0,300.2,311.4,1568,41.0,32,0,0,0,0,0,0
8125,0,300.2,311.4,1452,47.8,34,0,0,0,0,0,0
8126,0,300.2,311.4,1433,37.9,36,0,0,0,0,0,0
8127,1,300.1,311.3,1650,33.8,38,0,0,0,0,0,0
8128,0,300.1,311.4,1629,31.3,41,0,0,0,0,0,0
8129,0,300.0,311.3,1520,39.2,43,0,0,0,0,0,0
8130,2,300.0,311.2,1393,43.1,45,0,0,0,0,0,0
8131,2,299.9,311.2,1364,49.6,50,0,0,0,0,0,0
8132,1,299.9,311.3,1389,50.0,55,0,0,0,0,0,0
8133,0,299.8,311.1,1466,46.1,58,0,0,0,0,0,0
8134,0,299.7,311.1,1650,32.4,60,0,0,0,0,0,0
8135,0,299.6,311.0,1554,36.3,62,0,0,0,0,0,0
8136,1,299.6,310.9,1474,39.7,64,0,0,0,0,0,0
8137,2,299.5,310.8,1600,32.4,67,0,0,0,0,0,0
8138,0,299.5,310.8,1356,54.9,72,0,0,0,0,0,0
8139,0,299.5,310.8,1571,38.2,74,0,0,0,0,0,0
8140,0,299.6,310.9,1658,28.0,76,0,0,0,0,0,0
8141,0,299.6,310.8,1393,49.9,78,0,0,0,0,0,0
8142,1,299.7,311.0,1448,49.8,80,0,0,0,0,0,0
8143,0,299.7,310.9,1477,40.4,83,0,0,0,0,0,0
8144,1,299.7,311.0,1506,42.7,85,0,0,0,0,0,0
8145,1,299.7,310.9,1685,32.1,88,0,0,0,0,0,0
8146,0,299.6,310.9,1533,31.8,91,0,0,0,0,0,0
8147,0,299.5,310.8,1447,41.0,93,0,0,0,0,0,0
8148,1,299.5,310.7,1488,39.5,95,0,0,0,0,0,0
8149,1,299.6,310.8,1427,50.4,98,0,0,0,0,0,0
8150,1,299.5,310.7,1424,41.3,101,0,0,0,0,0,0
8151,0,299.5,310.7,1472,40.9,104,0,0,0,0,0,0
8152,0,299.5,310.7,1438,45.7,106,0,0,0,0,0,0
8153,0,299.6,310.8,1507,42.4,108,0,0,0,0,0,0
8154,0,299.6,310.7,1393,52.1,110,0,0,0,0,0,0
8155,0,299.5,310.8,1283,52.4,112,0,0,0,0,0,0
8156,0,299.6,310.8,1644,30.9,114,0,0,0,0,0,0
8157,0,299.6,310.8,1498,46.9,116,0,0,0,0,0,0
8158,0,299.6,310.8,1400,40.8,118,0,0,0,0,0,0
8159,2,299.6,310.9,1679,31.2,120,0,0,0,0,0,0
8160,1,299.7,311.1,1618,30.3,125,0,0,0,0,0,0
8161,2,299.6,311.0,1714,30.2,128,0,0,0,0,0,0
8162,0,299.6,311.0,1574,35.0,133,0,0,0,0,0,0
8163,0,299.7,311.1,1574,36.4,135,0,0,0,0,0,0
8164,0,299.6,310.9,1472,40.9,137,0,0,0,0,0,0
8165,0,299.6,311.0,1552,33.2,139,0,0,0,0,0,0
8166,0,299.7,311.1,1603,31.4,141,0,0,0,0,0,0
8167,2,299.7,311.1,1353,47.1,143,0,0,0,0,0,0
8168,0,299.7,311.1,1690,30.6,148,0,0,0,0,0,0
8169,1,299.8,311.2,1745,26.3,150,0,0,0,0,0,0
8170,0,299.9,311.3,1522,45.7,153,0,0,0,0,0,0
8171,2,300.0,311.4,1641,34.5,155,0,0,0,0,0,0
8172,0,299.9,311.4,1596,28.9,160,0,0,0,0,0,0
8173,2,299.9,311.4,1497,37.0,162,0,0,0,0,0,0
8174,0,299.9,311.3,1371,52.3,167,0,0,0,0,0,0
8175,1,299.9,311.3,1445,41.2,169,0,0,0,0,0,0
8176,0,299.8,311.2,1564,40.0,172,0,0,0,0,0,0
8177,0,299.7,311.1,1439,44.9,174,0,0,0,0,0,0
8178,0,299.7,311.2,1352,52.1,176,0,0,0,0,0,0
8179,0,299.8,311.3,1560,35.4,178,0,0,0,0,0,0
8180,1,299.7,311.2,1616,42.3,180,0,0,0,0,0,0
8181,0,299.7,311.2,1835,23.7,183,0,0,0,0,0,0
8182,1,299.7,311.1,1649,32.7,185,0,0,0,0,0,0
8183,0,299.8,311.1,1452,47.3,188,0,0,0,0,0,0
8185,0,299.7,311.1,1554,41.0,192,0,0,0,0,0,0
8186,0,299.7,311.0,1827,25.4,194,0,0,0,0,0,0
8187,0,299.6,310.9,1448,46.3,196,0,0,0,0,0,0
8188,1,299.6,310.9,1530,38.8,198,0,0,0,0,0,0
8190,1,299.7,310.9,1620,37.2,203,0,0,0,0,0,0
8191,1,299.6,310.9,1630,29.8,206,0,0,0,0,0,0
8192,0,299.6,310.9,1229,65.2,209,1,0,0,0,1,0
8193,0,299.5,310.8,1873,22.3,211,0,0,0,0,0,0
8194,0,299.4,310.7,1426,45.7,213,0,0,0,0,0,0
8195,0,299.4,310.8,1376,53.9,215,1,0,0,0,1,0
8196,0,299.4,310.8,1622,33.6,217,0,0,0,0,0,0
8197,1,299.4,310.7,1492,45.7,219,0,0,0,0,0,0
8198,1,299.3,310.7,1374,48.9,222,0,0,0,0,0,0
8199,0,299.2,310.7,1737,27.0,225,1,1,0,0,0,0
8200,0,299.3,310.8,1426,42.4,0,0,0,0,0,0,0
8201,1,299.3,310.9,1826,25.1,2,0,0,0,0,0,0
8202,0,299.3,310.9,1669,32.4,5,0,0,0,0,0,0
8203,1,299.4,310.9,1473,40.1,7,0,0,0,0,0,0
8204,0,299.4,310.9,1751,27.8,10,0,0,0,0,0,0
8205,1,299.4,310.9,1446,47.3,12,0,0,0,0,0,0
8206,0,299.3,310.8,1483,43.5,15,0,0,0,0,0,0
8207,0,299.2,310.7,1535,42.6,17,0,0,0,0,0,0
8208,0,299.2,310.7,1477,44.0,19,0,0,0,0,0,0
8209,0,299.3,310.8,1391,46.9,21,0,0,0,0,0,0
8210,2,299.2,310.7,1636,29.4,23,0,0,0,0,0,0
8211,0,299.2,310.6,1675,33.3,28,0,0,0,0,0,0
8212,2,299.2,310.5,1329,48.9,30,0,0,0,0,0,0
8213,1,299.2,310.5,1548,33.5,35,0,0,0,0,0,0
8214,0,299.2,310.5,1391,45.8,38,0,0,0,0,0,0
8215,0,299.1,310.5,1437,43.1,40,0,0,0,0,0,0
8216,0,299.2,310.6,1370,61.9,42,0,0,0,0,0,0
8217,0,299.1,310.6,1577,37.1,44,0,0,0,0,0,0
8218,0,299.1,310.5,1485,37.8,46,0,0,0,0,0,0
8219,0,299.0,310.4,1504,34.3,48,0,0,0,0,0,0
8220,1,298.9,310.3,1551,35.2,50,0,0,0,0,0,0
8221,1,299.1,310.5,1428,43.0,53,0,0,0,0,0,0
8222,0,299.0,310.5,1755,27.9,56,0,0,0,0,0,0
8223,0,299.1,310.5,1329,54.9,58,0,0,0,0,0,0
8224,0,299.1,310.5,1496,35.2,60,0,0,0,0,0,0
8225,0,299.1,310.5,1532,36.6,62,0,0,0,0,0,0
8226,0,299.1,310.5,1389,61.4,64,0,0,0,0,0,0
8227,1,299.1,310.4,1524,51.4,66,0,0,0,0,0,0
8228,1,299.1,310.4,1422,49.3,69,0,0,0,0,0,0
8229,0,299.1,310.5,1739,27.4,72,0,0,0,0,0,0
8230,0,299.1,310.5,1736,26.9,74,0,0,0,0,0,0
8231,0,299.1,310.5,1419,48.8,76,0,0,0,0,0,0
8232,0,299.1,310.6,1326,49.7,78,0,0,0,0,0,0
8233,1,299.1,310.6,1449,43.2,80,0,0,0,0,0,0
8234,0,299.2,310.6,1534,39.7,83,0,0,0,0,0,0
8235,1,299.2,310.6,1443,50.9,85,0,0,0,0,0,0
8236,0,299.2,310.6,1498,41.1,88,0,0,0,0,0,0
8237,0,299.1,310.6,1796,26.0,90,0,0,0,0,0,0
8238,0,299.1,310.4,1519,45.3,92,0,0,0,0,0,0
8239,0,299.0,310.4,1339,49.6,94,0,0,0,0,0,0
8240,0,299.0,310.4,1483,41.5,96,0,0,0,0,0,0
8242,1,299.0,310.3,1689,29.7,101,0,0,0,0,0,0
8243,2,299.1,310.4,1369,54.5,104,0,0,0,0,0,0
8244,0,299.0,310.4,1512,38.8,109,0,0,0,0,0,0
8246,0,299.0,310.3,1552,39.9,114,0,0,0,0,0,0
8247,0,299.0,310.4,1713,28.0,116,0,0,0,0,0,0
8248,0,298.9,310.3,1456,44.1,118,0,0,0,0,0,0
8249,0,299.0,310.4,1524,39.8,120,0,0,0,0,0,0
8250,1,299.0,310.4,1394,45.2,122,0,0,0,0,0,0
8252,0,299.0,310.4,1565,36.1,127,0,0,0,0,0,0
8253,0,299.1,310.4,1657,31.0,129,0,0,0,0,0,0
8254,1,299.0,310.4,1625,37.1,131,0,0,0,0,0,0
8255,0,299.0,310.4,1606,31.1,134,0,0,0,0,0,0
8256,2,299.0,310.5,1336,56.8,136,0,0,0,0,0,0
8257,1,299.0,310.6,1587,34.2,141,0,0,0,0,0,0
8258,0,299.1,310.6,1602,39.7,144,0,0,0,0,0,0
8259,0,299.1,310.5,1471,38.4,146,0,0,0,0,0,0
8260,2,299.1,310.6,1332,48.0,148,0,0,0,0,0,0
8261,2,299.2,310.6,1434,48.4,153,0,0,0,0,0,0
8263,2,299.2,310.6,1704,30.6,160,0,0,0,0,0,0
8264,1,299.1,310.6,1397,49.5,165,0,0,0,0,0,0
8265,2,299.1,310.6,1791,28.0,168,0,0,0,0,0,0
8266,0,299.1,310.6,1818,24.1,173,0,0,0,0,0,0
8267,0,299.2,310.7,1540,36.3,175,0,0,0,0,0,0
8268,1,299.2,310.8,1502,39.8,177,0,0,0,0,0,0
8269,2,299.2,310.8,1761,30.4,180,0,0,0,0,0,0
8270,1,299.1,310.8,1517,38.4,185,0,0,0,0,0,0
8271,0,299.1,310.7,1309,51.1,188,0,0,0,0,0,0
8272,0,298.9,310.6,1363,52.6,190,0,0,0,0,0,0
8273,1,299.0,310.6,1787,22.2,192,0,0,0,0,0,0
8274,0,298.9,310.5,1640,29.2,195,0,0,0,0,0,0
8275,1,298.9,310.6,1720,25.3,197,0,0,0,0,0,0
8276,0,298.8,310.5,1384,52.8,200,0,0,0,0,0,0
8277,2,298.8,310.5,1294,55.8,202,0,0,0,0,0,0
8278,0,298.8,310.5,1464,46.4,207,0,0,0,0,0,0
8279,0,298.8,310.6,1803,25.4,209,0,0,0,0,0,0
8280,0,298.8,310.6,1602,39.1,211,0,0,0,0,0,0
8281,2,298.9,310.6,1519,38.8,213,0,0,0,0,0,0
8282,1,298.9,310.7,1638,33.6,218,0,0,0,0,0,0
8283,2,298.9,310.6,1615,33.0,221,0,0,0,0,0,0
8284,0,298.8,310.6,1651,33.3,0,0,0,0,0,0,0
8285,0,298.9,310.6,1387,52.7,2,0,0,0,0,0,0
8286,1,298.8,310.5,1678,32.8,4,0,0,0,0,0,0
8287,0,298.9,310.6,1585,38.1,7,0,0,0,0,0,0
8288,1,298.8,310.6,1640,33.8,9,0,0,0,0,0,0
8289,0,298.9,310.6,1406,43.8,12,0,0,0,0,0,0
8290,1,298.9,310.6,1679,35.8,14,0,0,0,0,0,0
8291,0,298.9,310.5,1717,26.9,17,0,0,0,0,0,0
8292,2,298.9,310.5,1429,39.9,19,0,0,0,0,0,0
8293,1,298.9,310.4,1533,44.4,24,0,0,0,0,0,0
8294,1,298.9,310.5,1525,38.5,27,0,0,0,0,0,0
8295,0,298.9,310.4,1739,26.3,30,0,0,0,0,0,0
8296,0,298.9,310.3,1436,39.0,32,0,0,0,0,0,0
8297,1,298.8,310.2,1595,33.1,34,0,0,0,0,0,0
8298,2,298.7,310.1,1435,45.6,37,0,0,0,0,0,0
8299,0,298.7,310.0,1637,31.8,42,0,0,0,0,0,0
8300,0,298.7,310.1,1558,37.6,44,0,0,0,0,0,0
8301,1,298.7,310.1,1644,34.1,46,0,0,0,0,0,0
8302,0,298.7,310.1,1641,31.1,49,0,0,0,0,0,0
8303,0,298.8,310.2,1504,41.0,51,0,0,0,0,0,0
8304,1,298.7,310.1,1506,50.7,53,0,0,0,0,0,0
8305,2,298.8,310.1,1380,44.0,56,0,0,0,0,0,0
8306,1,298.7,310.1,1549,42.5,61,0,0,0,0,0,0
8308,0,298.7,310.1,1401,45.3,67,0,0,0,0,0,0
8309,1,298.7,310.0,1459,40.2,69,0,0,0,0,0,0
8310,0,298.7,309.9,1465,39.7,72,0,0,0,0,0,0
8311,1,298.8,310.0,1295,52.7,74,0,0,0,0,0,0
8312,1,298.8,310.0,1529,38.5,77,0,0,0,0,0,0
8313,1,298.8,310.0,1484,44.9,80,0,0,0,0,0,0
8314,0,298.8,309.9,1739,30.6,83,0,0,0,0,0,0
8315,2,298.7,309.8,1422,40.7,85,0,0,0,0,0,0
8316,0,298.8,309.8,1463,40.0,90,0,0,0,0,0,0
8317,0,298.7,309.7,1667,30.4,92,0,0,0,0,0,0
8318,2,298.7,309.7,1565,39.3,94,0,0,0,0,0,0
8319,0,298.7,309.7,1393,45.7,99,0,0,0,0,0,0
8320,1,298.8,309.7,1453,47.7,101,0,0,0,0,0,0
8321,0,298.8,309.6,1442,50.0,104,0,0,0,0,0,0
8322,0,298.7,309.6,1364,44.9,106,0,0,0,0,0,0
8323,2,298.7,309.5,1453,40.4,108,0,0,0,0,0,0
8324,1,298.7,309.5,1394,46.0,113,0,0,0,0,0,0
8325,1,298.7,309.5,1500,38.8,116,0,0,0,0,0,0
8326,2,298.6,309.5,1523,34.2,119,0,0,0,0,0,0
8327,1,298.7,309.6,1254,57.1,124,0,0,0,0,0,0
8328,0,298.6,309.5,1325,52.2,127,0,0,0,0,0,0
8329,0,298.8,309.7,1424,49.6,129,0,0,0,0,0,0
8330,0,298.8,309.7,1505,39.0,131,0,0,0,0,0,0
8331,1,298.8,309.7,1392,48.7,133,0,0,0,0,0,0
8332,0,298.8,309.7,1529,44.0,136,0,0,0,0,0,0
8333,1,298.8,309.7,1477,48.5,138,0,0,0,0,0,0
8334,1,298.8,309.7,1459,47.3,141,0,0,0,0,0,0
8336,0,298.9,309.7,1449,48.8,147,0,0,0,0,0,0
8337,1,298.8,309.7,1589,35.3,149,0,0,0,0,0,0
8338,0,298.8,309.7,1740,28.5,152,0,0,0,0,0,0
8339,1,298.8,309.7,1499,40.3,154,0,0,0,0,0,0
8340,1,298.8,309.7,1480,38.1,157,0,0,0,0,0,0
8341,0,298.8,309.7,1751,29.6,160,0,0,0,0,0,0
8342,0,298.7,309.7,1510,40.6,162,0,0,0,0,0,0
8343,2,298.8,309.8,1437,48.2,164,0,0,0,0,0,0
8344,0,298.8,309.7,1609,40.4,169,0,0,0,0,0,0
8345,2,298.8,309.8,1490,35.9,171,0,0,0,0,0,0
8346,0,298.7,309.7,1601,35.7,176,0,0,0,0,0,0
8347,0,298.7,309.6,1665,31.1,178,0,0,0,0,0,0
8348,1,298.7,309.6,1452,42.7,180,0,0,0,0,0,0
8349,1,298.7,309.5,1487,33.6,183,0,0,0,0,0,0
8350,1,298.7,309.6,1382,48.1,186,0,0,0,0,0,0
8351,1,298.7,309.6,1686,26.2,189,0,0,0,0,0,0
8352,0,298.6,309.6,1491,36.9,192,0,0,0,0,0,0
8353,0,298.7,309.6,1442,55.6,194,0,0,0,0,0,0
8354,0,298.6,309.6,1390,50.3,196,0,0,0,0,0,0
8355,0,298.7,309.6,1502,46.7,198,0,0,0,0,0,0
8356,1,298.6,309.6,1344,59.4,200,0,0,0,0,0,0
8357,0,298.5,309.5,1385,46.3,203,1,1,0,0,0,0
8358,0,298.7,309.7,1547,37.4,0,0,0,0,0,0,0
8359,1,298.6,309.6,1525,42.4,2,0,0,0,0,0,0
8360,0,298.6,309.6,1540,35.8,5,0,0,0,0,0,0
8361,0,298.6,309.5,1450,44.3,7,0,0,0,0,0,0
8362,0,298.6,309.6,1353,62.5,9,0,0,0,0,0,0
8363,0,298.8,309.7,1582,45.0,11,0,0,0,0,0,0
8364,0,298.9,309.8,1396,49.0,13,0,0,0,0,0,0
8365,1,298.8,309.8,1551,36.6,15,0,0,0,0,0,0
8366,1,298.9,309.8,1836,22.8,18,0,0,0,0,0,0
8367,0,298.9,309.8,1390,49.9,21,0,0,0,0,0,0
8368,0,298.9,309.8,1534,42.1,23,0,0,0,0,0,0
8370,0,298.8,309.8,1634,33.6,27,0,0,0,0,0,0
8371,0,298.7,309.7,1881,21.7,29,0,0,0,0,0,0
8372,1,298.8,309.7,1448,44.8,31,0,0,0,0,0,0
8373,1,298.7,309.7,1362,50.5,34,0,0,0,0,0,0
8374,0,298.8,309.7,1225,63.4,37,0,0,0,0,0,0
8375,1,298.8,309.6,1384,48.2,39,0,0,0,0,0,0
8376,0,298.8,309.8,1334,49.3,42,0,0,0,0,0,0
8377,0,298.8,309.7,1336,50.3,44,0,0,0,0,0,0
8378,1,298.8,309.9,1331,61.6,46,0,0,0,0,0,0
8379,0,298.8,309.9,1629,31.9,49,0,0,0,0,0,0
8380,0,298.9,310.0,1776,25.7,51,0,0,0,0,0,0
8381,2,298.8,310.0,1530,38.3,53,0,0,0,0,0,0
8382,0,298.9,310.0,1719,27.3,58,0,0,0,0,0,0
8383,1,298.8,309.9,1495,35.2,60,0,0,0,0,0,0
8384,0,298.8,309.7,1450,43.1,63,0,0,0,0,0,0
8385,2,298.8,309.8,1563,38.8,65,0,0,0,0,0,0
8386,1,298.9,309.9,1501,37.1,70,0,0,0,0,0,0
8387,0,298.8,309.9,1351,47.2,73,0,0,0,0,0,0
8388,0,298.9,309.9,1365,46.5,75,0,0,0,0,0,0
8389,0,298.8,309.9,1525,39.7,77,0,0,0,0,0,0
8390,1,298.8,309.8,1288,61.9,79,0,0,0,0,0,0
8391,0,298.6,309.6,1423,42.7,82,0,0,0,0,0,0
8392,1,298.5,309.6,1502,39.4,84,0,0,0,0,0,0
8393,0,298.5,309.5,1428,43.5,87,0,0,0,0,0,0
8394,1,298.6,309.5,1566,38.1,89,0,0,0,0,0,0
8395,1,298.5,309.5,1483,44.8,92,0,0,0,0,0,0
8396,2,298.6,309.6,1593,33.3,95,0,0,0,0,0,0
8397,0,298.5,309.6,1724,26.4,100,0,0,0,0,0,0
8399,0,298.6,309.7,1294,59.4,104,0,0,0,0,0,0
8400,0,298.6,309.6,1533,40.7,106,0,0,0,0,0,0
8401,2,298.5,309.4,1671,31.8,108,0,0,0,0,0,0
8402,0,298.5,309.5,1370,52.4,113,0,0,0,0,0,0
8403,0,298.5,309.6,1462,45.1,115,0,0,0,0,0,0
8404,0,298.4,309.5,1545,36.6,117,0,0,0,0,0,0
8405,1,298.4,309.5,1484,41.7,119,0,0,0,0,0,0
8406,1,298.4,309.5,1344,45.3,122,0,0,0,0,0,0
8407,0,298.4,309.5,1357,50.1,125,0,0,0,0,0,0
8408,1,298.5,309.6,1572,33.0,127,0,0,0,0,0,0
8409,0,298.5,309.6,1861,26.9,130,0,0,0,0,0,0
8410,0,298.5,309.5,1548,44.5,132,0,0,0,0,0,0
8411,0,298.6,309.8,1496,37.7,134,0,0,0,0,0,0
8412,1,298.6,309.7,1314,49.7,136,0,0,0,0,0,0
8413,1,298.6,309.7,1422,49.7,139,0,0,0,0,0,0
8414,0,298.6,309.8,1842,20.1,142,0,0,0,0,0,0
8415,1,298.7,309.9,1434,53.0,144,0,0,0,0,0,0
8416,1,298.8,310.1,1585,31.3,147,0,0,0,0,0,0
8417,2,298.8,310.1,1704,30.7,150,0,0,0,0,0,0
8419,0,299.0,310.3,1431,39.9,157,0,0,0,0,0,0
8420,0,298.9,310.4,1546,37.7,159,0,0,0,0,0,0
8421,0,298.9,310.3,1496,36.3,161,0,0,0,0,0,0
8422,2,298.9,310.3,1243,63.0,163,0,0,0,0,0,0
8423,0,299.0,310.4,1452,46.2,168,0,0,0,0,0,0
8424,0,299.1,310.6,1380,44.7,170,0,0,0,0,0,0
8425,0,299.2,310.6,1567,38.4,172,0,0,0,0,0,0
8426,0,299.1,310.5,1628,35.9,174,0,0,0,0,0,0
8427,0,299.1,310.4,1505,46.1,176,0,0,0,0,0,0
8428,1,299.0,310.3,1827,28.0,178,0,0,0,0,0,0
8429,0,299.0,310.3,1577,40.0,181,0,0,0,0,0,0
8430,0,298.9,310.2,1304,57.2,183,0,0,0,0,0,0
8431,2,298.9,310.1,1324,54.6,185,0,0,0,0,0,0
8432,0,298.8,310.0,1537,39.9,190,0,0,0,0,0,0
8433,1,298.8,310.1,1501,48.7,192,0,0,0,0,0,0
8434,1,298.7,309.9,1654,29.1,195,0,0,0,0,0,0
8435,1,298.7,310.0,1519,38.1,198,0,0,0,0,0,0
8436,0,298.7,309.9,1371,51.3,201,0,0,0,0,0,0
8437,0,298.7,309.8,1181,65.9,203,1,0,0,0,1,0
8438,0,298.6,309.8,1469,42.8,205,0,0,0,0,0,0
8439,0,298.6,309.8,1637,34.6,207,0,0,0,0,0,0
8440,0,298.6,309.8,1370,56.0,0,0,0,0,0,0,0
8441,0,298.6,309.9,1630,30.6,2,0,0,0,0,0,0
8442,0,298.6,310.0,1517,39.0,4,0,0,0,0,0,0
8443,1,298.6,309.9,1668,32.3,6,0,0,0,0,0,0
8444,1,298.6,309.9,1818,24.9,9,0,0,0,0,0,0
8445,1,298.6,310.0,1541,36.9,12,0,0,0,0,0,0
8446,0,298.5,309.9,1482,42.1,15,0,0,0,0,0,0
8447,0,298.6,310.1,1439,49.9,17,0,0,0,0,0,0
8448,0,298.5,310.0,1492,41.2,19,0,0,0,0,0,0
8449,0,298.4,309.9,1725,27.8,21,0,0,0,0,0,0
8450,0,298.4,310.0,1559,44.2,23,0,0,0,0,0,0
8451,0,298.5,310.0,1435,42.5,25,0,0,0,0,0,0
8452,1,298.6,310.0,1512,37.5,27,0,0,0,0,0,0
8453,0,298.6,309.9,1564,37.1,30,0,0,0,0,0,0
8454,0,298.6,310.0,1522,40.3,32,0,0,0,0,0,0
8455,0,298.6,309.9,1356,59.5,34,0,0,0,0,0,0
8456,0,298.6,309.9,1556,38.6,36,0,0,0,0,0,0
8457,0,298.6,309.9,1393,45.5,38,0,0,0,0,0,0
8458,0,298.7,309.9,1753,26.8,40,0,0,0,0,0,0
8459,0,298.7,309.9,1651,29.5,42,0,0,0,0,0,0
8460,0,298.7,309.9,1372,54.7,44,0,0,0,0,0,0
8461,0,298.7,309.9,1446,43.3,46,0,0,0,0,0,0
8462,1,298.7,309.8,1501,44.7,48,0,0,0,0,0,0
8463,1,298.7,309.9,1411,45.1,51,0,0,0,0,0,0
8464,2,298.6,309.7,1672,27.5,54,0,0,0,0,0,0
8465,1,298.7,309.8,1475,40.5,59,0,0,0,0,0,0
8466,0,298.7,309.8,1469,38.4,62,0,0,0,0,0,0
8467,0,298.6,309.8,1704,28.3,64,0,0,0,0,0,0
8468,2,298.6,309.7,1463,39.1,66,0,0,0,0,0,0
8469,1,298.6,309.7,1280,64.1,71,0,0,0,0,0,0
8470,0,298.7,309.9,1464,38.0,74,0,0,0,0,0,0
8471,0,298.6,309.8,1332,46.4,76,0,0,0,0,0,0
8472,0,298.5,309.7,1634,37.8,78,0,0,0,0,0,0
8473,1,298.6,309.8,1430,43.1,80,0,0,0,0,0,0
8474,1,298.5,309.7,1523,44.6,83,0,0,0,0,0,0
8475,1,298.5,309.7,1557,37.7,86,0,0,0,0,0,0
8476,0,298.5,309.6,1585,32.2,89,0,0,0,0,0,0
8477,2,298.5,309.6,1579,33.5,91,0,0,0,0,0,0
8478,1,298.5,309.7,1354,60.8,96,0,0,0,0,0,0
8479,0,298.6,309.7,1627,33.4,99,0,0,0,0,0,0
8480,0,298.4,309.6,1477,35.6,101,0,0,0,0,0,0
8481,1,298.3,309.4,1595,29.0,103,0,0,0,0,0,0
8482,0,298.4,309.5,1520,38.1,106,0,0,0,0,0,0
8483,0,298.3,309.4,1618,31.5,108,0,0,0,0,0,0
8484,0,298.4,309.5,1397,50.3,110,0,0,0,0,0,0
8485,0,298.4,309.5,1450,47.9,112,0,0,0,0,0,0
8486,1,298.5,309.5,1501,40.2,114,0,0,0,0,0,0
8487,0,298.4,309.4,1392,50.1,117,0,0,0,0,0,0
8488,0,298.4,309.4,1385,43.2,119,0,0,0,0,0,0
8489,0,298.4,309.4,1461,46.3,121,0,0,0,0,0,0
8490,1,298.5,309.6,1364,58.7,123,0,0,0,0,0,0
8491,0,298.5,309.5,1579,38.6,126,0,0,0,0,0,0
8492,1,298.4,309.5,1514,38.8,128,0,0,0,0,0,0
8493,1,298.3,309.5,1560,36.9,131,0,0,0,0,0,0
8494,0,298.3,309.5,1542,36.7,134,0,0,0,0,0,0
8495,0,298.3,309.4,1668,27.1,136,0,0,0,0,0,0
8496,1,298.3,309.4,1816,22.6,138,0,0,0,0,0,0
8497,1,298.3,309.4,1509,34.2,141,0,0,0,0,0,0
8498,0,298.4,309.6,1479,37.8,144,0,0,0,0,0,0
8499,0,298.4,309.6,1655,30.2,146,0,0,0,0,0,0
8500,0,298.3,309.5,1711,30.3,148,0,0,0,0,0,0
8501,0,298.4,309.7,1581,34.6,150,0,0,0,0,0,0
8502,2,298.6,309.8,1279,55.9,152,0,0,0,0,0,0
8503,0,298.5,309.8,1468,40.9,157,0,0,0,0,0,0
8504,0,298.4,309.7,1419,41.3,159,0,0,0,0,0,0
8505,0,298.4,309.7,1530,38.6,161,0,0,0,0,0,0
8506,0,298.4,309.6,1710,27.3,163,1,0,0,0,0,0
8507,0,298.4,309.7,1518,39.8,165,0,0,0,0,0,0
8508,1,298.4,309.7,1679,33.3,167,0,0,0,0,0,0
8509,1,298.4,309.7,1870,22.5,170,0,0,0,0,0,0
8510,0,298.3,309.7,1484,44.3,173,0,0,0,0,0,0
8511,0,298.4,309.7,1457,44.2,175,0,0,0,0,0,0
8512,2,298.3,309.6,1546,36.2,177,0,0,0,0,0,0
8513,1,298.2,309.5,1478,36.5,182,0,0,0,0,0,0
8514,0,298.2,309.4,1447,47.1,185,0,0,0,0,0,0
8515,0,298.2,309.4,1443,45.4,187,0,0,0,0,0,0
8516,0,298.3,309.6,1527,30.9,189,0,0,0,0,0,0
8517,1,298.3,309.6,1469,54.8,191,0,0,0,0,0,0
8518,1,298.3,309.6,1681,27.1,194,0,0,0,0,0,0
8519,0,298.3,309.6,1420,44.1,197,0,0,0,0,0,0
8520,1,298.3,309.5,1543,49.9,199,0,0,0,0,0,0
8521,0,298.4,309.5,1376,50.4,202,0,0,0,0,0,0
8522,2,298.3,309.4,1631,29.8,0,0,0,0,0,0,0
8523,2,298.3,309.3,1529,41.7,5,0,0,0,0,0,0
8524,0,298.3,309.4,1468,46.2,10,0,0,0,0,0,0
8525,0,298.3,309.4,1378,52.3,12,0,0,0,0,0,0
8526,0,298.3,309.3,1401,51.9,14,0,0,0,0,0,0
8527,0,298.4,309.3,1531,37.4,16,0,0,0,0,0,0
8528,0,298.4,309.3,1512,35.8,18,0,0,0,0,0,0
8529,1,298.5,309.4,1522,47.4,20,0,0,0,0,0,0
8530,1,298.5,309.3,1615,31.8,23,0,0,0,0,0,0
8531,0,298.6,309.3,1449,46.5,26,0,0,0,0,0,0
8532,0,298.6,309.4,1315,55.5,28,0,0,0,0,0,0
8533,1,298.6,309.4,1465,41.1,30,0,0,0,0,0,0
8534,1,298.6,309.5,1404,43.3,33,0,0,0,0,0,0
8535,0,298.6,309.5,1547,44.8,36,0,0,0,0,0,0
8536,1,298.6,309.5,1426,45.4,38,0,0,0,0,0,0
8537,0,298.6,309.5,1730,30.2,41,0,0,0,0,0,0
8538,0,298.5,309.4,1548,37.7,43,0,0,0,0,0,0
8539,0,298.5,309.4,1517,40.2,45,0,0,0,0,0,0
8540,0,298.6,309.5,1687,29.3,47,0,0,0,0,0,0
8541,0,298.5,309.5,1738,25.2,49,0,0,0,0,0,0
8542,2,298.4,309.4,1512,35.3,51,0,0,0,0,0,0
8543,1,298.5,309.4,1365,48.7,56,0,0,0,0,0,0
8545,0,298.4,309.3,1806,27.6,64,0,0,0,0,0,0
8546,0,298.4,309.3,1716,28.4,66,0,0,0,0,0,0
8547,1,298.4,309.4,1666,24.3,68,0,0,0,0,0,0
8548,0,298.5,309.4,1578,36.3,71,0,0,0,0,0,0
8549,0,298.3,309.3,1558,37.2,73,0,0,0,0,0,0
8550,0,298.3,309.2,1456,45.5,75,0,0,0,0,0,0
8551,1,298.2,309.1,1457,49.0,77,0,0,0,0,0,0
8552,0,298.2,309.1,1467,44.5,80,0,0,0,0,0,0
8553,1,298.1,309.0,1661,38.2,82,0,0,0,0,0,0
8554,0,298.1,309.0,1592,33.9,85,0,0,0,0,0,0
8555,0,298.2,309.0,1596,37.2,87,0,0,0,0,0,0
8556,0,298.2,309.0,1489,40.6,89,0,0,0,0,0,0
8557,0,298.3,309.0,1471,48.3,91,0,0,0,0,0,0
8558,1,298.3,309.0,1505,41.3,93,0,0,0,0,0,0
8559,0,298.3,309.0,1519,40.0,96,0,0,0,0,0,0
8560,0,298.3,309.0,1408,45.4,98,0,0,0,0,0,0
8561,0,298.2,308.9,1332,44.4,100,0,0,0,0,0,0
8562,0,298.1,308.9,1351,52.4,102,0,0,0,0,0,0
8563,0,298.0,308.9,1500,36.7,104,0,0,0,0,0,0
8564,1,298.0,308.7,1614,30.7,106,0,0,0,0,0,0
8565,0,298.0,308.8,1489,36.5,109,0,0,0,0,0,0
8566,1,297.9,308.7,1751,26.6,111,0,0,0,0,0,0
8567,0,298.0,308.7,1511,45.8,114,0,0,0,0,0,0
8568,0,297.9,308.6,1691,29.6,116,0,0,0,0,0,0
8569,0,297.9,308.6,1757,27.5,118,0,0,0,0,0,0
8570,2,297.9,308.7,1545,35.9,120,0,0,0,0,0,0
8572,1,297.7,308.5,1559,35.2,127,0,0,0,0,0,0
8573,0,297.6,308.4,1626,32.4,130,0,0,0,0,0,0
8574,0,297.6,308.3,1424,53.9,132,0,0,0,0,0,0
8575,1,297.6,308.3,1648,29.1,134,0,0,0,0,0,0
8576,0,297.6,308.3,1523,39.5,137,0,0,0,0,0,0
8577,0,297.6,308.3,1502,43.2,139,0,0,0,0,0,0
8578,0,297.5,308.2,1489,40.7,141,0,0,0,0,0,0
8579,1,297.4,308.1,1620,31.2,143,0,0,0,0,0,0
8580,0,297.5,308.1,1631,30.6,146,0,0,0,0,0,0
8581,1,297.5,308.0,1429,45.8,148,0,0,0,0,0,0
8583,0,297.4,308.0,1423,38.0,154,0,0,0,0,0,0
8584,0,297.4,307.9,1390,47.7,156,0,0,0,0,0,0
8585,1,297.4,307.9,1338,48.5,158,0,0,0,0,0,0
8586,2,297.3,307.9,1461,37.5,161,0,0,0,0,0,0
8587,1,297.4,307.9,1627,34.3,166,0,0,0,0,0,0
8588,0,297.3,307.8,1385,44.4,169,0,0,0,0,0,0
8589,1,297.3,307.8,1538,48.0,171,0,0,0,0,0,0
8590,0,297.4,307.9,1557,35.5,174,0,0,0,0,0,0
8591,0,297.4,307.9,1606,33.4,176,0,0,0,0,0,0
8592,1,297.5,308.0,1430,44.5,178,0,0,0,0,0,0
8593,1,297.4,308.0,1601,34.6,181,0,0,0,0,0,0
8594,0,297.4,308.0,1356,51.9,184,0,0,0,0,0,0
8595,1,297.5,308.2,1624,30.9,186,0,0,0,0,0,0
8596,0,297.5,308.2,1327,56.5,189,0,0,0,0,0,0
8597,0,297.6,308.3,1410,47.0,191,0,0,0,0,0,0
8598,0,297.6,308.3,1478,42.3,193,0,0,0,0,0,0
8599,0,297.6,308.4,1460,40.3,195,0,0,0,0,0,0
8600,0,297.5,308.3,1435,40.3,197,0,0,0,0,0,0
8601,2,297.4,308.2,1359,46.9,199,0,0,0,0,0,0
8602,0,297.4,308.1,1729,31.7,204,0,0,0,0,0,0
8603,2,297.3,308.0,1384,49.1,206,0,0,0,0,0,0
8604,0,297.4,308.2,1297,52.1,211,0,0,0,0,0,0
8605,0,297.5,308.4,1633,33.3,213,0,0,0,0,0,0
8606,1,297.5,308.4,1505,37.2,215,0,0,0,0,0,0
8607,0,297.5,308.4,1433,50.0,218,0,0,0,0,0,0
8608,0,297.4,308.4,1369,50.6,220,1,0,0,0,1,0
8609,0,297.4,308.3,1475,40.5,222,1,1,0,0,0,0
8610,0,297.4,308.3,1561,38.3,0,0,0,0,0,0,0
8611,0,297.4,308.3,1472,45.5,2,0,0,0,0,0,0
8612,0,297.5,308.4,1441,44.5,4,0,0,0,0,0,0
8613,1,297.5,308.5,1401,50.5,6,0,0,0,0,0,0
8614,0,297.5,308.5,1691,33.1,9,0,0,0,0,0,0
8615,0,297.6,308.6,1382,47.1,11,0,0,0,0,0,0
8616,0,297.6,308.6,1355,46.4,13,0,0,0,0,0,0
8617,0,297.6,308.6,1529,45.3,15,0,0,0,0,0,0
8618,0,297.7,308.7,1829,24.9,17,0,0,0,0,0,0
8619,2,297.6,308.6,1480,39.8,19,0,0,0,0,0,0
8620,0,297.6,308.5,1475,42.4,24,0,0,0,0,0,0
8621,1,297.6,308.5,1431,52.6,26,0,0,0,0,0,0
8622,0,297.5,308.3,1437,42.3,29,0,0,0,0,0,0
8623,1,297.5,308.3,1476,45.6,31,0,0,0,0,0,0
8624,2,297.5,308.4,1490,39.7,34,0,0,0,0,0,0
8625,0,297.4,308.3,1632,33.5,39,0,0,0,0,0,0
8626,0,297.4,308.2,1402,49.7,41,0,0,0,0,0,0
8627,0,297.4,308.3,1347,45.8,43,0,0,0,0,0,0
8628,0,297.5,308.4,1747,31.0,45,0,0,0,0,0,0
8629,2,297.5,308.5,1557,39.1,47,0,0,0,0,0,0
8630,0,297.4,308.4,1371,57.4,52,0,0,0,0,0,0
8631,2,297.3,308.3,1506,37.0,54,0,0,0,0,0,0
8632,0,297.3,308.3,1590,35.5,59,0,0,0,0,0,0
8633,0,297.4,308.3,1336,53.7,61,0,0,0,0,0,0
8634,0,297.3,308.3,1411,43.2,63,0,0,0,0,0,0
8635,0,297.4,308.3,1704,27.3,65,0,0,0,0,0,0
8636,0,297.5,308.4,1723,27.3,67,0,0,0,0,0,0
8637,0,297.5,308.5,1459,39.7,69,0,0,0,0,0,0
8638,0,297.6,308.5,1572,35.9,71,0,0,0,0,0,0
8639,0,297.5,308.4,1384,56.0,73,0,0,0,0,0,0
8640,0,297.6,308.6,1383,47.5,75,0,0,0,0,0,0
8641,1,297.6,308.5,1360,48.6,77,0,0,0,0,0,0
8642,1,297.5,308.4,1596,36.6,80,0,0,0,0,0,0
8643,0,297.5,308.5,1448,54.3,83,0,0,0,0,0,0
8644,1,297.6,308.5,1443,38.2,85,0,0,0,0,0,0
8645,1,297.6,308.6,1492,35.5,88,0,0,0,0,0,0
8646,0,297.5,308.6,1497,43.9,91,0,0,0,0,0,0
8647,0,297.5,308.5,1530,38.5,93,0,0,0,0,0,0
8648,1,297.4,308.4,1478,46.2,95,0,0,0,0,0,0
8649,0,297.4,308.4,1328,61.8,98,0,0,0,0,0,0
8650,2,297.4,308.3,1771,27.4,100,0,0,0,0,0,0
8651,1,297.4,308.4,1564,35.0,105,0,0,0,0,0,0
8652,2,297.3,308.3,1461,41.5,108,0,0,0,0,0,0
8653,1,297.4,308.3,1335,57.9,113,0,0,0,0,0,0
8654,1,297.4,308.4,1441,46.8,116,0,0,0,0,0,0
8655,0,297.3,308.3,1268,60.6,119,0,0,0,0,0,0
8656,1,297.3,308.3,1697,27.4,121,0,0,0,0,0,0
8657,0,297.4,308.4,1421,46.0,124,0,0,0,0,0,0
8658,0,297.4,308.5,1496,36.4,126,0,0,0,0,0,0
8659,0,297.5,308.5,1375,55.6,128,0,0,0,0,0,0
8660,0,297.4,308.5,1295,52.1,130,0,0,0,0,0,0
8661,0,297.4,308.5,1643,33.8,132,0,0,0,0,0,0
8662,0,297.5,308.6,1514,36.9,134,0,0,0,0,0,0
8663,0,297.5,308.6,1671,29.4,136,0,0,0,0,0,0
8664,2,297.5,308.6,1355,58.9,138,0,0,0,0,0,0
8665,0,297.6,308.7,1365,50.6,143,0,0,0,0,0,0
8666,0,297.5,308.7,1407,42.5,145,0,0,0,0,0,0
8667,1,297.5,308.8,1455,46.1,147,0,0,0,0,0,0
8668,0,297.5,308.8,1502,45.9,150,0,0,0,0,0,0
8669,1,297.5,308.8,1471,52.3,152,0,0,0,0,0,0
8670,0,297.5,308.9,1581,30.4,155,0,0,0,0,0,0
8671,0,297.5,308.8,1530,37.8,157,0,0,0,0,0,0
8672,0,297.5,308.8,1312,50.3,159,0,0,0,0,0,0
8673,0,297.4,308.6,1494,42.6,161,0,0,0,0,0,0
8674,1,297.4,308.6,1528,29.1,163,0,0,0,0,0,0
8675,2,297.3,308.6,1688,29.4,166,0,0,0,0,0,0
8676,1,297.3,308.5,1520,42.4,171,0,0,0,0,0,0
8677,1,297.3,308.5,1664,28.9,174,0,0,0,0,0,0
8678,0,297.3,308.5,1514,44.5,177,0,0,0,0,0,0
8679,0,297.3,308.5,1456,54.2,179,0,0,0,0,0,0
8680,0,297.2,308.5,1494,39.6,181,0,0,0,0,0,0
8681,0,297.2,308.4,1605,30.0,183,0,0,0,0,0,0
8682,1,297.2,308.5,1353,46.5,185,0,0,0,0,0,0
8683,0,297.2,308.5,1447,47.9,188,0,0,0,0,0,0
8684,0,297.2,308.5,1588,40.4,190,0,0,0,0,0,0
8685,2,297.2,308.5,1524,41.4,192,0,0,0,0,0,0
8686,1,297.2,308.5,1611,31.6,197,0,0,0,0,0,0
8687,1,297.2,308.5,1604,34.9,200,0,0,0,0,0,0
8688,0,297.1,308.5,1483,46.9,203,0,0,0,0,0,0
8689,0,297.1,308.4,1543,39.6,205,0,0,0,0,0,0
8690,0,297.1,308.5,1323,44.4,207,1,1,0,0,0,0
8691,0,297.1,308.5,1555,36.2,0,0,0,0,0,0,0
8692,0,297.1,308.4,1583,31.9,2,0,0,0,0,0,0
8693,1,297.2,308.5,1584,40.0,4,0,0,0,0,0,0
8694,0,297.2,308.5,1766,25.8,7,0,0,0,0,0,0
8695,1,297.2,308.6,1498,44.4,9,0,0,0,0,0,0
8696,0,297.2,308.6,1413,49.8,12,0,0,0,0,0,0
8697,0,297.3,308.6,1505,33.5,14,0,0,0,0,0,0
8698,2,297.3,308.7,1438,46.2,16,0,0,0,0,0,0
8699,1,297.3,308.7,1655,34.1,21,0,0,0,0,0,0
8700,1,297.3,308.7,1451,43.8,24,0,0,0,0,0,0
8701,1,297.3,308.7,1466,38.4,27,0,0,0,0,0,0
8702,0,297.2,308.6,1774,23.0,30,0,0,0,0,0,0
8703,1,297.2,308.6,1284,51.3,32,0,0,0,0,0,0
8704,0,297.1,308.5,1425,40.0,35,0,0,0,0,0,0
8705,0,297.2,308.6,1437,52.4,37,0,0,0,0,0,0
8706,0,297.2,308.6,1335,53.0,39,0,0,0,0,0,0
8707,0,297.2,308.5,1471,41.7,41,0,0,0,0,0,0
8708,1,297.2,308.5,1364,54.0,43,0,0,0,0,0,0
8709,0,297.1,308.5,1578,35.6,46,0,0,0,0,0,0
8710,0,297.1,308.5,1712,32.1,48,0,0,0,0,0,0
8711,0,297.1,308.5,1733,28.7,50,0,0,0,0,0,0
8712,0,297.2,308.6,1652,32.1,52,0,0,0,0,0,0
8714,1,297.2,308.6,1444,41.1,56,0,0,0,0,0,0
8715,0,297.1,308.6,1442,37.1,59,0,0,0,0,0,0
8716,1,297.1,308.6,1717,31.3,61,0,0,0,0,0,0
8717,0,297.1,308.7,1474,42.3,64,0,0,0,0,0,0
8718,0,297.2,308.7,1509,39.3,66,0,0,0,0,0,0
8719,0,297.2,308.8,1451,43.1,68,0,0,0,0,0,0
8720,0,297.3,308.8,1554,36.1,70,0,0,0,0,0,0
8721,0,297.2,308.7,1669,30.7,72,0,0,0,0,0,0
8722,0,297.2,308.6,1366,50.4,74,0,0,0,0,0,0
8723,0,297.2,308.6,1578,34.4,76,0,0,0,0,0,0
8724,1,297.2,308.6,1513,39.0,78,0,0,0,0,0,0
8725,1,297.1,308.5,1515,42.1,81,0,0,0,0,0,0
8726,0,297.2,308.6,1562,33.0,84,0,0,0,0,0,0
8727,0,297.2,308.7,1501,38.5,86,0,0,0,0,0,0
8728,1,297.2,308.7,1398,38.1,88,0,0,0,0,0,0
8729,0,297.3,308.7,1352,53.8,91,0,0,0,0,0,0
8730,2,297.3,308.7,1569,33.9,93,0,0,0,0,0,0
8731,2,297.2,308.6,1486,46.6,98,0,0,0,0,0,0
8732,0,297.2,308.6,1864,23.6,103,0,0,0,0,0,0
8733,1,297.3,308.7,1447,44.5,105,0,0,0,0,0,0
8734,0,297.2,308.6,1392,41.5,108,0,0,0,0,0,0
8735,0,297.3,308.6,1358,47.6,110,0,0,0,0,0,0
8736,0,297.3,308.7,1491,40.2,112,0,0,0,0,0,0
8737,0,297.3,308.7,1556,36.7,114,0,0,0,0,0,0
8738,0,297.3,308.7,1531,36.7,116,0,0,0,0,0,0
8739,2,297.4,308.7,1429,37.6,118,0,0,0,0,0,0
8740,1,297.4,308.8,1573,33.9,123,0,0,0,0,0,0
8741,0,297.4,308.8,1538,41.2,126,0,0,0,0,0,0
8742,0,297.4,308.8,1467,39.0,128,0,0,0,0,0,0
8743,2,297.4,308.7,1323,51.1,130,0,0,0,0,0,0
8744,1,297.4,308.7,1798,23.0,135,0,0,0,0,0,0
8745,0,297.4,308.6,1411,46.3,138,0,0,0,0,0,0
8746,0,297.3,308.5,1528,44.5,140,0,0,0,0,0,0
8747,0,297.3,308.5,1504,42.0,142,0,0,0,0,0,0
8748,0,297.3,308.5,1384,39.6,144,0,0,0,0,0,0
8749,0,297.2,308.4,1677,26.4,146,0,0,0,0,0,0
8750,0,297.3,308.5,1764,30.8,148,0,0,0,0,0,0
8751,1,297.4,308.5,1472,42.0,150,0,0,0,0,0,0
8752,1,297.4,308.5,1465,55.9,153,0,0,0,0,0,0
8753,1,297.4,308.6,1657,33.1,156,0,0,0,0,0,0
8754,0,297.4,308.6,1635,30.5,159,0,0,0,0,0,0
8755,1,297.4,308.7,1582,31.9,161,0,0,0,0,0,0
8756,0,297.5,308.7,1761,26.2,164,0,0,0,0,0,0
8757,0,297.5,308.8,1587,34.9,166,0,0,0,0,0,0
8758,1,297.5,308.7,1446,53.0,168,0,0,0,0,0,0
8759,1,297.5,308.7,1352,53.0,171,0,0,0,0,0,0
8760,1,297.4,308.7,1392,46.4,174,0,0,0,0,0,0
8761,0,297.5,308.8,1417,49.8,177,0,0,0,0,0,0
8762,2,297.5,308.8,1824,24.0,179,0,0,0,0,0,0
8763,0,297.5,308.8,1603,36.7,184,0,0,0,0,0,0
8764,0,297.4,308.8,1620,33.4,186,0,0,0,0,0,0
8765,0,297.4,308.8,1353,49.4,188,0,0,0,0,0,0
8766,0,297.5,308.8,1360,50.7,190,0,0,0,0,0,0
8767,0,297.5,308.6,1380,53.5,192,0,0,0,0,0,0
8768,1,297.5,308.7,1363,53.6,194,0,0,0,0,0,0
8769,1,297.4,308.6,1452,41.2,197,0,0,0,0,0,0
8770,0,297.4,308.6,1680,32.8,200,0,0,0,0,0,0
8771,0,297.5,308.6,1536,39.0,202,0,0,0,0,0,0
8772,0,297.5,308.6,1621,28.9,0,0,0,0,0,0,0
8773,0,297.5,308.6,1585,37.6,2,0,0,0,0,0,0
8774,1,297.6,308.7,1408,51.5,4,0,0,0,0,0,0
8775,2,297.5,308.6,1536,38.7,7,0,0,0,0,0,0
8776,0,297.5,308.6,1352,52.6,12,0,0,0,0,0,0
8777,2,297.5,308.6,1481,38.8,14,0,0,0,0,0,0
8778,0,297.5,308.7,1454,45.0,19,0,0,0,0,0,0
8779,1,297.5,308.6,1349,51.5,21,0,0,0,0,0,0
8780,1,297.5,308.6,1327,52.1,24,0,0,0,0,0,0
8781,0,297.6,308.7,1552,42.3,27,0,0,0,0,0,0
8782,0,297.5,308.7,1456,44.7,29,0,0,0,0,0,0
8783,1,297.6,308.6,1254,45.8,31,0,0,0,0,0,0
8784,0,297.5,308.6,1437,43.3,34,0,0,0,0,0,0
8785,0,297.5,308.6,1694,27.1,36,0,0,0,0,0,0
8786,0,297.5,308.5,1306,50.7,38,0,0,0,0,0,0
8787,1,297.5,308.5,1699,30.1,40,0,0,0,0,0,0
8788,0,297.4,308.5,1369,53.2,43,0,0,0,0,0,0
8789,0,297.4,308.5,1471,43.9,45,0,0,0,0,0,0
8790,0,297.4,308.5,1410,43.9,47,0,0,0,0,0,0
8791,1,297.4,308.5,1412,45.5,49,0,0,0,0,0,0
8792,0,297.4,308.5,1418,51.2,52,0,0,0,0,0,0
8793,0,297.4,308.5,1782,25.9,54,0,0,0,0,0,0
8794,1,297.4,308.5,1497,36.4,56,0,0,0,0,0,0
8795,0,297.3,308.4,1459,39.4,59,0,0,0,0,0,0
8796,0,297.2,308.3,1796,23.8,61,0,0,0,0,0,0
8797,0,297.2,308.3,1569,31.2,63,0,0,0,0,0,0
8798,0,297.3,308.4,1469,46.7,65,0,0,0,0,0,0
8799,0,297.3,308.4,1472,41.3,67,0,0,0,0,0,0
8800,0,297.4,308.5,1475,47.2,69,0,0,0,0,0,0
8801,0,297.4,308.6,1488,36.4,71,0,0,0,0,0,0
8802,0,297.4,308.6,1524,43.1,73,0,0,0,0,0,0
8803,0,297.4,308.5,1486,48.6,75,0,0,0,0,0,0
8804,1,297.5,308.6,1255,60.7,77,0,0,0,0,0,0
8805,1,297.4,308.6,1469,42.6,80,0,0,0,0,0,0
8806,0,297.4,308.5,1692,34.3,83,0,0,0,0,0,0
8807,1,297.4,308.6,1604,32.8,85,0,0,0,0,0,0
8808,0,297.4,308.6,1446,48.1,88,0,0,0,0,0,0
8809,0,297.3,308.5,1503,43.3,90,0,0,0,0,0,0
8810,1,297.3,308.5,1625,32.8,92,0,0,0,0,0,0
8811,0,297.2,308.5,1574,35.8,95,0,0,0,0,0,0
8812,1,297.2,308.4,1378,41.9,97,0,0,0,0,0,0
8813,0,297.1,308.4,1693,29.5,100,0,0,0,0,0,0
8814,0,297.2,308.4,1462,51.2,102,0,0,0,0,0,0
8815,2,297.3,308.5,1435,55.0,104,0,0,0,0,0,0
8816,1,297.2,308.5,1425,45.8,109,0,0,0,0,0,0
8817,2,297.3,308.6,1376,53.5,112,0,0,0,0,0,0
8818,1,297.4,308.7,1481,48.0,117,0,0,0,0,0,0
8819,2,297.4,308.7,1349,48.9,120,0,0,0,0,0,0
8820,0,297.3,308.7,1551,40.0,125,0,0,0,0,0,0
8821,2,297.4,308.7,1623,33.8,127,0,0,0,0,0,0
8822,0,297.4,308.8,1462,49.7,132,0,0,0,0,0,0
8823,1,297.3,308.8,1447,57.4,134,0,0,0,0,0,0
8824,1,297.3,308.9,1799,24.5,137,0,0,0,0,0,0
8825,1,297.3,308.8,1548,41.3,140,0,0,0,0,0,0
8826,1,297.2,308.8,1485,47.9,143,0,0,0,0,0,0
8827,0,297.2,308.7,1463,49.9,146,0,0,0,0,0,0
8828,0,297.3,308.7,1587,35.8,148,0,0,0,0,0,0
8829,1,297.3,308.8,1469,44.1,150,0,0,0,0,0,0
8830,2,297.3,308.7,1430,42.8,153,0,0,0,0,0,0
8831,2,297.4,308.7,1726,26.8,158,0,0,0,0,0,0
8832,0,297.4,308.8,1651,34.1,163,0,0,0,0,0,0
8833,0,297.4,308.8,1529,41.3,165,0,0,0,0,0,0
8834,0,297.4,308.8,1473,46.2,167,0,0,0,0,0,0
8835,2,297.4,308.8,1324,53.5,169,0,0,0,0,0,0
8836,0,297.4,308.9,1708,28.8,174,0,0,0,0,0,0
8837,1,297.5,309.1,1540,38.5,176,0,0,0,0,0,0
8838,0,297.5,309.0,1320,54.7,179,0,0,0,0,0,0
8839,1,297.4,308.9,1376,39.0,181,0,0,0,0,0,0
8840,1,297.3,308.7,1542,37.0,184,0,0,0,0,0,0
8841,0,297.3,308.7,1506,39.3,187,0,0,0,0,0,0
8842,0,297.3,308.7,1492,43.6,189,0,0,0,0,0,0
8843,2,297.3,308.8,1564,38.0,191,0,0,0,0,0,0
8844,2,297.4,308.9,1645,30.8,196,0,0,0,0,0,0
8845,1,297.4,308.9,1348,59.1,201,0,0,0,0,0,0
8846,1,297.4,308.8,1325,62.4,204,1,1,0,0,1,0
8847,0,297.5,308.9,1443,43.5,0,0,0,0,0,0,0
8848,1,297.5,308.9,1436,44.8,2,0,0,0,0,0,0
8849,0,297.5,308.9,1596,30.7,5,0,0,0,0,0,0
8850,0,297.6,309.0,1491,43.2,7,0,0,0,0,0,0
8851,1,297.7,308.9,1573,35.1,9,0,0,0,0,0,0
8852,0,297.7,308.9,1575,39.9,12,0,0,0,0,0,0
8853,0,297.7,308.9,1458,41.1,14,0,0,0,0,0,0
8854,1,297.7,309.0,1433,41.8,16,0,0,0,0,0,0
8855,0,297.7,308.9,1662,28.1,19,0,0,0,0,0,0
8856,1,297.7,308.9,1327,63.7,21,0,0,0,0,0,0
8857,0,297.7,308.9,1742,26.3,24,0,0,0,0,0,0
8858,0,297.8,308.9,1506,33.5,26,0,0,0,0,0,0
8859,0,297.9,309.1,1457,44.4,28,0,0,0,0,0,0
8860,1,297.9,309.1,1488,37.3,30,0,0,0,0,0,0
8861,0,297.9,309.1,1619,34.7,33,0,0,0,0,0,0
8862,1,298.0,309.2,1558,41.7,35,0,0,0,0,0,0
8863,0,298.0,309.2,1731,28.7,38,0,0,0,0,0,0
8864,1,298.0,309.1,1574,34.8,40,0,0,0,0,0,0
8865,0,297.9,309.0,1290,49.8,43,0,0,0,0,0,0
8866,2,297.9,308.9,1416,39.6,45,0,0,0,0,0,0
8867,0,297.9,308.9,1566,41.9,50,0,0,0,0,0,0
8868,0,297.9,309.0,1456,46.5,52,0,0,0,0,0,0
8869,0,297.9,309.0,1528,37.5,54,0,0,0,0,0,0
8870,1,297.9,309.1,1338,49.6,56,0,0,0,0,0,0
8871,1,297.9,309.1,1558,39.2,59,0,0,0,0,0,0
8872,1,297.9,309.1,1614,38.1,62,0,0,0,0,0,0
8873,2,298.0,309.1,1557,36.4,65,0,0,0,0,0,0
8874,0,298.1,309.3,1443,45.3,70,0,0,0,0,0,0
8875,2,298.1,309.3,1332,51.0,72,0,0,0,0,0,0
8876,1,298.1,309.3,1752,25.2,77,0,0,0,0,0,0
8877,1,298.1,309.2,1460,45.8,80,0,0,0,0,0,0
8878,0,298.1,309.2,1802,26.9,83,0,0,0,0,0,0
8879,0,298.0,309.2,1527,39.5,85,0,0,0,0,0,0
8880,0,298.0,309.2,1458,39.8,87,0,0,0,0,0,0
8881,2,298.0,309.2,1520,37.9,89,0,0,0,0,0,0
8882,0,298.0,309.2,1378,49.7,94,0,0,0,0,0,0
8883,1,297.9,309.2,1529,38.1,96,0,0,0,0,0,0
8884,0,298.0,309.2,1527,32.4,99,0,0,0,0,0,0
8885,1,298.0,309.2,1438,42.9,101,0,0,0,0,0,0
8886,0,297.9,309.0,1583,36.7,104,0,0,0,0,0,0
8887,0,297.8,308.9,1530,37.6,106,0,0,0,0,0,0
8888,1,297.7,308.9,1530,39.1,108,0,0,0,0,0,0
8890,0,297.7,308.8,1616,34.2,114,0,0,0,0,0,0
8891,1,297.7,308.9,1681,28.3,116,0,0,0,0,0,0
8892,0,297.6,308.8,1475,43.0,119,0,0,0,0,0,0
8893,0,297.5,308.7,1371,46.5,121,0,0,0,0,0,0
8894,1,297.5,308.7,1546,38.0,123,0,0,0,0,0,0
8895,2,297.4,308.6,1461,40.1,126,0,0,0,0,0,0
8896,0,297.4,308.7,1638,31.9,131,0,0,0,0,0,0
8897,1,297.3,308.7,1577,35.6,133,0,0,0,0,0,0
8898,0,297.4,308.6,1532,38.7,136,0,0,0,0,0,0
8899,1,297.3,308.5,1710,27.7,138,0,0,0,0,0,0
8900,1,297.3,308.6,1584,29.4,141,0,0,0,0,0,0
8901,0,297.3,308.6,1446,50.1,144,0,0,0,0,0,0
8902,2,297.4,308.7,1522,46.3,146,0,0,0,0,0,0
8903,1,297.4,308.7,1382,49.9,151,0,0,0,0,0,0
8904,0,297.4,308.7,1584,38.2,154,0,0,0,0,0,0
8905,0,297.3,308.6,1385,55.2,156,0,0,0,0,0,0
8906,0,297.3,308.7,1592,34.4,158,0,0,0,0,0,0
8907,1,297.2,308.6,1404,43.7,160,0,0,0,0,0,0
8908,0,297.2,308.5,1518,44.3,163,0,0,0,0,0,0
8909,0,297.1,308.4,1529,40.4,165,0,0,0,0,0,0
8910,0,297.1,308.4,1550,37.0,167,0,0,0,0,0,0
8911,0,297.1,308.3,1773,23.8,169,0,0,0,0,0,0
8912,0,297.2,308.5,1446,43.7,171,0,0,0,0,0,0
8913,1,297.2,308.5,1487,46.9,173,0,0,0,0,0,0
8914,1,297.3,308.5,1524,49.3,176,0,0,0,0,0,0
8915,0,297.1,308.3,1403,54.1,179,0,0,0,0,0,0
8917,1,297.1,308.2,1529,37.9,183,0,0,0,0,0,0
8918,0,297.1,308.2,1402,51.2,186,0,0,0,0,0,0
8919,0,297.2,308.3,1693,28.0,188,0,0,0,0,0,0
8920,0,297.1,308.3,1496,45.8,190,0,0,0,0,0,0
8921,0,297.1,308.1,1633,33.3,192,0,0,0,0,0,0
8922,0,297.1,308.2,1399,42.6,194,0,0,0,0,0,0
8923,1,297.0,308.1,1363,45.3,196,0,0,0,0,0,0
8924,2,297.1,308.2,1527,42.2,199,0,0,0,0,0,0
8925,1,297.2,308.2,1405,42.5,204,0,0,0,0,0,0
8926,1,297.3,308.3,1459,59.6,207,1,0,0,1,1,0
8927,1,297.4,308.4,1789,25.0,210,0,0,0,0,0,0
8928,0,297.4,308.4,1531,41.5,213,0,0,0,0,0,0
8929,1,297.4,308.4,1620,35.8,215,0,0,0,0,0,0
8930,0,297.4,308.4,1571,39.4,0,0,0,0,0,0,0
8931,0,297.4,308.4,1434,39.9,2,0,0,0,0,0,0
8932,0,297.4,308.4,1474,43.6,4,0,0,0,0,0,0
8933,1,297.3,308.3,1544,41.7,6,0,0,0,0,0,0
8934,0,297.3,308.2,1601,35.7,9,0,0,0,0,0,0
8935,0,297.4,308.3,1801,26.9,11,0,0,0,0,0,0
8936,0,297.4,308.3,1465,42.0,13,0,0,0,0,0,0
8937,1,297.4,308.4,1340,52.6,15,0,0,0,0,0,0
8938,1,297.4,308.4,1517,41.0,18,0,0,0,0,0,0
8939,1,297.3,308.4,1434,44.8,21,0,0,0,0,0,0
8941,1,297.3,308.3,1595,32.2,29,0,0,0,0,0,0
8943,1,297.3,308.4,1449,44.4,34,0,0,0,0,0,0
8944,0,297.3,308.3,1471,38.2,37,0,0,0,0,0,0
8945,0,297.4,308.2,1639,33.8,39,0,0,0,0,0,0
8946,1,297.3,308.2,1846,24.5,41,0,0,0,0,0,0
8947,1,297.3,308.2,1452,38.2,44,0,0,0,0,0,0
8948,1,297.4,308.3,1483,41.9,47,0,0,0,0,0,0
8949,0,297.4,308.3,1284,60.3,50,0,0,0,0,0,0
8950,0,297.4,308.2,1419,50.0,52,0,0,0,0,0,0
8951,0,297.3,308.1,1763,28.4,54,0,0,0,0,0,0
8952,1,297.2,308.0,1478,42.5,56,0,0,0,0,0,0
8953,0,297.3,308.0,1518,36.0,59,0,0,0,0,0,0
8954,0,297.3,308.0,1447,49.0,61,0,0,0,0,0,0
8955,1,297.4,308.0,1355,55.1,63,0,0,0,0,0,0
8956,0,297.4,308.1,1348,57.4,66,0,0,0,0,0,0
8957,0,297.4,308.1,1348,53.7,68,0,0,0,0,0,0
8958,1,297.4,308.1,1734,27.7,70,0,0,0,0,0,0
8959,0,297.3,308.0,1420,46.5,73,0,0,0,0,0,0
8960,0,297.3,307.9,1797,24.7,75,0,0,0,0,0,0
8961,1,297.3,308.0,1403,45.0,77,0,0,0,0,0,0
8962,0,297.3,307.9,1628,30.2,80,0,0,0,0,0,0
8963,1,297.2,307.9,1687,30.4,82,0,0,0,0,0,0
8964,1,297.2,307.9,1456,44.9,85,0,0,0,0,0,0
8965,0,297.1,307.9,1496,44.7,88,0,0,0,0,0,0
8966,0,297.1,307.8,1636,30.3,90,0,0,0,0,0,0
8967,0,297.1,307.8,1536,40.4,92,0,0,0,0,0,0
8968,0,297.1,307.8,1454,50.6,94,0,0,0,0,0,0
8969,0,297.0,307.8,1396,50.0,96,0,0,0,0,0,0
8970,0,297.0,307.6,1575,37.4,98,0,0,0,0,0,0
8971,0,296.9,307.6,1514,35.7,100,0,0,0,0,0,0
8972,1,296.8,307.4,1455,49.9,102,0,0,0,0,0,0
8973,0,296.8,307.4,1549,48.3,105,0,0,0,0,0,0
8974,0,296.8,307.5,1474,42.4,107,0,0,0,0,0,0
8975,2,296.7,307.4,1661,34.2,109,0,0,0,0,0,0
8976,0,296.7,307.4,1535,34.6,114,0,0,0,0,0,0
8977,1,296.9,307.5,1556,31.2,116,0,0,0,0,0,0
8978,0,296.9,307.6,1435,45.0,119,0,0,0,0,0,0
8979,1,296.9,307.5,1332,51.1,121,0,0,0,0,0,0
8980,0,297.0,307.6,1513,42.4,124,0,0,0,0,0,0
8981,0,297.0,307.7,1502,39.4,126,0,0,0,0,0,0
8982,0,297.0,307.7,1315,60.1,128,0,0,0,0,0,0
8983,1,297.0,307.7,1261,51.1,130,0,0,0,0,0,0
8984,0,297.1,307.8,1406,60.4,133,0,0,0,0,0,0
8985,0,297.1,307.8,1584,42.3,135,0,0,0,0,0,0
8986,1,297.1,307.8,1443,43.9,137,0,0,0,0,0,0
8987,0,297.2,307.9,1580,35.8,140,0,0,0,0,0,0
8988,0,297.2,307.9,1825,24.6,142,0,0,0,0,0,0
8989,0,297.2,307.9,1469,48.2,144,0,0,0,0,0,0
8990,0,297.2,307.9,1493,38.4,146,0,0,0,0,0,0
8991,1,297.3,308.0,1598,29.4,148,0,0,0,0,0,0
8992,2,297.2,307.9,1450,37.2,151,0,0,0,0,0,0
8993,1,297.2,307.9,1632,37.5,156,0,0,0,0,0,0
8995,0,297.2,308.0,1474,43.7,162,0,0,0,0,0,0
8996,0,297.2,307.9,1540,37.1,164,0,0,0,0,0,0
8997,1,297.1,307.9,1609,38.9,166,0,0,0,0,0,0
8998,0,297.1,308.0,1467,42.8,169,0,0,0,0,0,0
8999,0,297.1,307.9,1492,39.4,171,0,0,0,0,0,0
9000,0,297.0,307.9,1493,46.1,173,0,0,0,0,0,0
9001,0,297.0,307.8,1500,39.9,175,0,0,0,0,0,0
9002,0,297.1,307.8,1477,36.6,177,0,0,0,0,0,0
9003,0,297.1,307.9,1342,49.1,179,0,0,0,0,0,0
9004,1,297.1,307.8,1538,34.3,181,0,0,0,0,0,0
9005,0,297.2,307.9,1337,58.1,184,0,0,0,0,0,0
9006,0,297.3,307.9,1417,41.8,186,0,0,0,0,0,0
9007,0,297.4,308.0,1383,46.2,188,0,0,0,0,0,0
9008,1,297.4,308.0,1440,42.4,190,0,0,0,0,0,0
9009,0,297.3,307.9,1579,34.4,193,0,0,0,0,0,0
9010,0,297.2,307.9,1441,40.0,195,0,0,0,0,0,0
9011,1,297.2,307.9,1530,35.9,197,0,0,0,0,0,0
9012,0,297.2,308.0,1705,26.0,200,0,0,0,0,0,0
9013,2,297.2,308.0,1435,43.0,202,0,0,0,0,0,0
9014,1,297.2,308.1,1340,61.3,207,1,0,0,0,1,0
9015,0,297.2,308.1,1431,49.7,210,1,0,0,0,0,0
9016,0,297.3,308.2,1396,52.7,212,1,0,0,0,1,0
9017,1,297.3,308.1,1369,52.0,214,0,0,0,0,0,0
9018,0,297.3,308.1,1615,35.4,217,1,1,0,0,0,0
9019,0,297.2,308.1,1662,31.3,0,0,0,0,0,0,0
9020,0,297.3,308.2,1553,33.5,2,0,0,0,0,0,0
9021,1,297.4,308.2,1536,34.6,4,0,0,0,0,0,0
9022,0,297.4,308.3,1548,46.6,7,0,0,0,0,0,0
9023,0,297.4,308.3,1706,30.9,9,0,0,0,0,0,0
9024,0,297.4,308.3,1366,45.5,11,0,0,0,0,0,0
9025,0,297.5,308.4,1440,35.9,13,0,0,0,0,0,0
9026,1,297.5,308.4,1685,28.1,15,0,0,0,0,0,0
9027,1,297.4,308.3,1444,44.0,18,0,0,0,0,0,0
9028,0,297.4,308.3,1395,48.7,21,0,0,0,0,0,0
9029,0,297.4,308.3,1483,38.8,23,0,0,0,0,0,0
9030,1,297.5,308.4,1403,44.3,25,0,0,0,0,0,0
9031,2,297.5,308.4,1793,23.9,28,0,0,0,0,0,0
9032,0,297.4,308.3,1723,28.8,33,0,0,0,0,0,0
9033,0,297.4,308.2,1386,41.0,35,0,0,0,0,0,0
9034,2,297.4,308.2,1585,46.2,37,0,0,0,0,0,0
9035,1,297.3,308.1,1731,27.7,42,0,0,0,0,0,0
9036,0,297.3,308.3,1519,37.7,45,0,0,0,0,0,0
9039,1,297.3,308.3,1341,51.9,51,0,0,0,0,0,0
9040,0,297.3,308.3,1550,37.0,54,0,0,0,0,0,0
9041,0,297.3,308.3,1309,61.5,56,0,0,0,0,0,0
9042,1,297.3,308.4,1599,32.9,58,0,0,0,0,0,0
9043,0,297.4,308.4,1343,40.0,61,0,0,0,0,0,0
9044,0,297.4,308.4,1378,39.9,63,0,0,0,0,0,0
9045,0,297.4,308.4,1603,34.6,65,0,0,0,0,0,0
9046,0,297.4,308.4,1664,28.1,67,0,0,0,0,0,0
9047,0,297.3,308.4,1488,37.4,69,0,0,0,0,0,0
9048,1,297.3,308.4,1370,50.5,71,0,0,0,0,0,0
9049,0,297.3,308.5,1545,34.3,74,0,0,0,0,0,0
9050,1,297.4,308.5,1566,31.4,76,0,0,0,0,0,0
9051,0,297.4,308.6,1820,24.6,79,0,0,0,0,0,0
9053,1,297.4,308.5,1638,32.2,84,0,0,0,0,0,0
9054,1,297.3,308.4,1521,38.2,87,0,0,0,0,0,0
9055,2,297.3,308.4,1864,23.1,90,0,0,0,0,0,0
9056,0,297.3,308.3,1430,41.9,95,0,0,0,0,0,0
9057,1,297.3,308.4,1686,34.5,97,0,0,0,0,0,0
9058,1,297.2,308.3,1326,57.2,100,0,0,0,0,0,0
9059,0,297.2,308.3,1805,25.6,103,0,0,0,0,0,0
9060,2,297.2,308.3,1453,45.8,105,0,0,0,0,0,0
9061,1,297.2,308.4,1863,26.0,110,0,0,0,0,0,0
9062,0,297.2,308.3,1576,35.3,113,0,0,0,0,0,0
9063,0,297.2,308.3,1419,39.7,115,0,0,0,0,0,0
9064,0,297.2,308.4,1833,25.2,117,0,0,0,0,0,0
9066,0,297.2,308.3,1656,30.3,124,0,0,0,0,0,0
9067,0,297.1,308.2,1351,56.6,126,0,0,0,0,0,0
9068,2,297.1,308.2,1790,30.3,128,0,0,0,0,0,0
9069,1,297.2,308.2,1678,28.1,133,0,0,0,0,0,0
9070,0,297.1,308.2,1427,45.2,136,0,0,0,0,0,0
9071,0,297.0,308.1,1429,54.0,138,0,0,0,0,0,0
9072,2,297.2,308.1,1770,27.2,140,0,0,0,0,0,0
9073,0,297.2,308.1,1689,31.2,145,0,0,0,0,0,0
9074,1,297.2,308.1,1554,41.3,147,0,0,0,0,0,0
9075,0,297.3,308.1,1506,36.0,150,0,0,0,0,0,0
9076,0,297.2,308.1,1474,44.3,152,0,0,0,0,0,0
9077,0,297.3,308.1,1762,26.1,154,0,0,0,0,0,0
9078,0,297.3,308.1,1566,35.7,156,0,0,0,0,0,0
9079,2,297.3,308.1,1554,42.4,158,0,0,0,0,0,0
9080,0,297.2,308.0,1869,25.4,163,0,0,0,0,0,0
9081,0,297.3,308.0,1527,35.1,165,0,0,0,0,0,0
9082,0,297.2,307.9,1309,49.6,167,0,0,0,0,0,0
9083,1,297.2,307.9,1541,35.7,169,0,0,0,0,0,0
9085,2,297.1,307.9,1365,54.0,174,0,0,0,0,0,0
9086,0,297.1,307.8,1428,43.7,179,0,0,0,0,0,0
9087,0,297.1,307.8,1681,27.6,181,0,0,0,0,0,0
9088,1,297.1,307.9,1662,26.9,183,0,0,0,0,0,0
9090,1,297.2,307.9,1747,29.0,188,0,0,0,0,0,0
9091,1,297.2,308.0,1765,31.1,191,0,0,0,0,0,0
9092,0,297.3,308.1,1568,34.4,194,0,0,0,0,0,0
9093,1,297.3,308.1,1709,30.6,196,0,0,0,0,0,0
9094,1,297.3,308.1,1370,58.8,199,0,0,0,0,0,0
9095,0,297.3,308.1,1458,45.7,202,0,0,0,0,0,0
9096,0,297.2,308.1,1712,30.9,204,0,0,0,0,0,0
9097,0,297.3,308.1,1642,36.9,206,0,0,0,0,0,0
9098,0,297.3,308.1,1468,49.8,0,0,0,0,0,0,0
9099,2,297.3,308.1,1477,52.3,2,0,0,0,0,0,0
9100,0,297.3,308.2,1446,53.5,7,0,0,0,0,0,0
9101,2,297.3,308.2,1653,31.4,9,0,0,0,0,0,0
9102,0,297.3,308.3,1494,38.2,14,0,0,0,0,0,0
9103,0,297.3,308.2,1490,41.0,16,0,0,0,0,0,0
9104,1,297.4,308.3,1550,47.8,18,0,0,0,0,0,0
9105,1,297.3,308.2,1677,34.9,21,0,0,0,0,0,0
9106,0,297.4,308.3,1854,21.8,24,0,0,0,0,0,0
9107,1,297.5,308.5,1662,30.3,26,0,0,0,0,0,0
9108,1,297.5,308.6,1440,38.8,29,0,0,0,0,0,0
9109,0,297.5,308.6,1513,39.7,32,0,0,0,0,0,0
9110,1,297.6,308.6,1389,49.0,34,0,0,0,0,0,0
9111,0,297.6,308.6,1351,51.0,37,0,0,0,0,0,0
9112,1,297.6,308.6,1482,38.3,39,0,0,0,0,0,0
9113,0,297.6,308.6,1744,28.5,42,0,0,0,0,0,0
9114,0,297.6,308.7,1476,39.0,44,0,0,0,0,0,0
9115,1,297.6,308.6,1444,48.2,46,0,0,0,0,0,0
9116,2,297.6,308.7,1659,32.1,49,0,0,0,0,0,0
9117,1,297.6,308.7,1475,46.6,54,0,0,0,0,0,0
9118,0,297.6,308.6,1526,42.1,57,0,0,0,0,0,0
9119,1,297.4,308.4,1675,29.5,59,0,0,0,0,0,0
9120,0,297.4,308.4,1525,38.7,62,0,0,0,0,0,0
9121,0,297.3,308.3,1396,45.9,64,0,0,0,0,0,0
9122,0,297.4,308.4,1580,41.2,66,0,0,0,0,0,0
9123,0,297.4,308.5,1462,42.8,68,0,0,0,0,0,0
9124,0,297.4,308.4,1426,50.4,70,0,0,0,0,0,0
9125,0,297.4,308.5,1569,34.2,72,0,0,0,0,0,0
9126,0,297.4,308.5,1477,40.7,74,0,0,0,0,0,0
9127,0,297.4,308.5,1761,27.2,76,0,0,0,0,0,0
9128,1,297.5,308.6,1486,45.9,78,0,0,0,0,0,0
9129,0,297.6,308.6,1664,30.1,81,0,0,0,0,0,0
9130,0,297.6,308.6,1576,32.7,83,0,0,0,0,0,0
9131,2,297.6,308.6,1463,46.7,85,0,0,0,0,0,0
9132,1,297.6,308.6,1585,42.0,90,0,0,0,0,0,0
9133,0,297.7,308.7,1479,45.7,93,0,0,0,0,0,0
9134,0,297.7,308.7,1449,40.2,95,0,0,0,0,0,0
9135,2,297.7,308.8,1404,50.3,97,0,0,0,0,0,0
9136,0,297.7,308.7,1694,29.1,102,0,0,0,0,0,0
9137,0,297.7,308.7,1731,28.4,104,0,0,0,0,0,0
9138,0,297.6,308.6,1522,37.0,106,0,0,0,0,0,0
9139,0,297.5,308.5,1536,36.9,108,0,0,0,0,0,0
9140,0,297.5,308.5,1373,39.9,110,0,0,0,0,0,0
9141,0,297.5,308.5,1597,36.4,112,0,0,0,0,0,0
9142,0,297.6,308.5,1678,34.2,114,0,0,0,0,0,0
9143,0,297.6,308.5,1452,42.6,116,0,0,0,0,0,0
9144,1,297.5,308.5,1447,41.6,118,0,0,0,0,0,0
9145,0,297.6,308.5,1574,37.1,121,0,0,0,0,0,0
9146,0,297.6,308.6,1528,40.0,123,0,0,0,0,0,0
9147,0,297.7,308.7,1688,27.2,125,0,0,0,0,0,0
9148,0,297.6,308.6,1393,40.4,127,0,0,0,0,0,0
9149,1,297.5,308.6,1429,50.5,129,0,0,0,0,0,0
9150,1,297.5,308.6,1347,57.0,132,0,0,0,0,0,0
9151,0,297.6,308.6,1553,40.5,135,0,0,0,0,0,0
9152,0,297.5,308.6,1260,53.6,137,0,0,0,0,0,0
9153,0,297.5,308.6,1546,33.8,139,0,0,0,0,0,0
9154,0,297.5,308.6,1596,36.0,141,0,0,0,0,0,0
9155,0,297.5,308.5,1340,57.4,143,0,0,0,0,0,0
9156,1,297.5,308.4,1369,54.8,145,0,0,0,0,0,0
9157,0,297.5,308.5,1462,52.3,148,0,0,0,0,0,0
9158,2,297.4,308.4,1487,46.2,150,0,0,0,0,0,0
9159,1,297.5,308.6,1510,35.5,155,0,0,0,0,0,0
9160,2,297.5,308.5,1671,28.0,158,0,0,0,0,0,0
9161,1,297.5,308.5,1612,30.0,163,0,0,0,0,0,0
9162,1,297.6,308.6,1509,39.7,166,0,0,0,0,0,0
9163,0,297.6,308.6,1415,47.3,169,0,0,0,0,0,0
9165,0,297.6,308.6,1326,62.4,173,0,0,0,0,0,0
9166,1,297.6,308.6,1390,53.4,175,0,0,0,0,0,0
9167,1,297.6,308.7,1392,41.2,178,0,0,0,0,0,0
9168,2,297.6,308.8,1385,44.4,181,0,0,0,0,0,0
9170,0,297.7,308.7,1474,46.8,188,0,0,0,0,0,0
9171,1,297.7,308.8,1388,45.6,190,0,0,0,0,0,0
9172,0,297.7,308.9,1715,27.2,193,0,0,0,0,0,0
9173,2,297.8,308.9,1650,32.2,195,0,0,0,0,0,0
9174,0,297.8,308.9,1871,25.6,200,1,1,0,0,0,0
9175,0,297.8,309.0,1403,64.2,0,1,0,0,1,0,0
9176,0,297.8,308.9,1518,40.4,2,0,0,0,0,0,0
9177,0,297.9,309.1,1504,43.0,4,0,0,0,0,0,0
9178,0,297.8,309.0,1340,56.9,6,0,0,0,0,0,0
9179,2,297.9,309.1,1435,44.7,8,0,0,0,0,0,0
9180,0,297.9,309.1,1507,36.9,13,0,0,0,0,0,0
9181,0,297.9,309.1,1521,36.1,15,0,0,0,0,0,0
9182,1,297.8,309.0,1576,45.0,17,0,0,0,0,0,0
9183,0,297.9,309.1,1543,36.6,20,0,0,0,0,0,0
9184,0,298.0,309.2,1665,36.6,22,0,0,0,0,0,0
9185,0,297.9,309.1,1442,50.3,24,0,0,0,0,0,0
9186,0,297.9,309.0,1629,29.0,26,0,0,0,0,0,0
9187,0,297.9,309.0,1379,47.3,28,0,0,0,0,0,0
9188,0,297.9,309.0,1502,40.2,30,0,0,0,0,0,0
9189,0,297.9,309.1,1595,32.0,32,0,0,0,0,0,0
9190,1,298.0,309.0,1439,38.5,34,0,0,0,0,0,0
9192,0,297.9,309.0,1562,35.8,40,0,0,0,0,0,0
9193,1,297.9,309.0,1530,40.9,42,0,0,0,0,0,0
9194,0,297.9,308.9,1393,40.6,45,0,0,0,0,0,0
9195,0,297.9,309.0,1532,37.6,47,0,0,0,0,0,0
9196,0,298.0,308.9,1607,37.7,49,0,0,0,0,0,0
9197,1,297.9,308.8,1469,49.0,51,0,0,0,0,0,0
9198,1,297.9,308.8,1538,37.6,54,0,0,0,0,0,0
9199,0,297.9,308.8,1613,31.4,57,0,0,0,0,0,0
9200,1,297.9,308.8,1602,32.1,59,0,0,0,0,0,0
9201,0,297.8,308.7,1404,44.2,62,0,0,0,0,0,0
9202,0,297.8,308.8,1548,36.9,64,0,0,0,0,0,0
9203,0,297.8,308.8,1559,35.2,66,0,0,0,0,0,0
9204,0,297.8,308.8,1621,36.1,68,0,0,0,0,0,0
9205,0,297.8,308.8,1579,32.9,70,0,0,0,0,0,0
9206,1,297.9,308.9,1547,44.0,72,0,0,0,0,0,0
9207,0,297.9,308.8,1386,48.6,75,0,0,0,0,0,0
9208,0,298.0,308.9,1406,40.9,77,0,0,0,0,0,0
9209,1,298.0,309.0,1393,55.9,79,0,0,0,0,0,0
9211,1,298.0,309.0,1409,49.1,85,0,0,0,0,0,0
9212,0,298.0,308.9,1390,53.9,88,0,0,0,0,0,0
9213,0,298.0,309.0,1679,32.4,90,0,0,0,0,0,0
9214,0,298.0,308.9,1508,37.1,92,0,0,0,0,0,0
9215,0,297.9,308.8,1681,31.7,94,0,0,0,0,0,0
9216,2,297.7,308.8,1469,43.7,96,0,0,0,0,0,0
9217,0,297.8,308.8,1421,49.6,101,0,0,0,0,0,0
9218,0,297.7,308.8,1354,50.2,103,0,0,0,0,0,0
9219,1,297.7,308.8,1350,57.0,105,0,0,0,0,0,0
9220,0,297.8,308.9,1282,58.1,108,0,0,0,0,0,0
9221,1,297.8,309.0,1675,30.0,110,0,0,0,0,0,0
9222,1,297.9,309.0,1525,38.5,113,0,0,0,0,0,0
9223,0,297.9,309.0,1382,43.9,116,0,0,0,0,0,0
9224,0,297.9,309.0,1450,46.8,118,0,0,0,0,0,0
9225,0,298.0,309.1,1820,23.6,120,0,0,0,0,0,0
9226,0,298.0,309.1,1822,23.5,122,0,0,0,0,0,0
9227,0,298.0,309.1,1473,44.3,124,0,0,0,0,0,0
9228,1,298.1,309.1,1572,37.5,126,0,0,0,0,0,0
9231,0,298.2,309.1,1539,36.5,134,0,0,0,0,0,0
9232,0,298.2,309.1,1350,52.0,136,0,0,0,0,0,0
9233,0,298.3,309.1,1403,45.1,138,0,0,0,0,0,0
9235,1,298.2,308.9,1592,35.2,142,0,0,0,0,0,0
9236,0,298.1,308.7,1556,31.6,145,0,0,0,0,0,0
9237,1,298.1,308.8,1811,25.4,147,0,0,0,0,0,0
9238,1,298.2,308.8,1456,41.2,150,0,0,0,0,0,0
9239,2,298.2,308.8,1436,51.9,153,0,0,0,0,0,0
9240,1,298.1,308.7,1362,49.6,158,0,0,0,0,0,0
9241,0,298.1,308.7,1683,29.1,161,0,0,0,0,0,0
9242,1,298.2,308.7,1269,60.9,163,0,0,0,0,0,0
9243,0,298.3,308.8,1454,49.0,166,0,0,0,0,0,0
9244,0,298.3,308.8,1767,27.3,168,0,0,0,0,0,0
9245,0,298.3,308.9,1708,27.3,170,0,0,0,0,0,0
9246,0,298.3,308.9,1862,27.0,172,0,0,0,0,0,0
9247,0,298.3,308.9,1695,30.7,174,0,0,0,0,0,0
9248,1,298.3,309.1,1488,40.6,176,0,0,0,0,0,0
9249,0,298.3,309.0,1657,32.2,179,0,0,0,0,0,0
9250,2,298.3,309.0,1823,25.9,181,0,0,0,0,0,0
9251,1,298.2,309.1,1651,28.8,186,0,0,0,0,0,0
9252,1,298.1,309.0,1533,36.1,189,0,0,0,0,0,0
9253,1,298.2,309.0,1508,40.5,192,0,0,0,0,0,0
9254,0,298.3,309.1,1616,31.1,195,0,0,0,0,0,0
9255,0,298.2,309.0,1651,31.5,197,0,0,0,0,0,0
9256,0,298.2,309.1,1569,35.2,199,0,0,0,0,0,0
9257,1,298.3,309.1,1296,58.7,201,0,0,0,0,0,0
9258,2,298.3,309.0,1379,43.2,0,0,0,0,0,0,0
9259,1,298.2,309.0,1694,28.0,5,0,0,0,0,0,0
9260,0,298.2,309.0,1377,57.8,8,0,0,0,0,0,0
9261,2,298.3,309.0,1470,38.4,10,0,0,0,0,0,0
9262,1,298.3,309.1,1404,47.0,15,0,0,0,0,0,0
9263,0,298.3,309.1,1593,40.1,18,0,0,0,0,0,0
9264,1,298.3,309.0,1526,36.9,20,0,0,0,0,0,0
9265,1,298.3,308.9,1390,49.7,23,0,0,0,0,0,0
9266,0,298.2,308.9,1737,25.5,26,0,0,0,0,0,0
9267,0,298.2,308.8,1362,57.3,28,0,0,0,0,0,0
9268,0,298.2,308.8,1666,31.5,30,0,0,0,0,0,0
9269,0,298.2,308.8,1354,60.9,32,0,0,0,0,0,0
9270,0,298.2,308.8,1302,60.4,34,0,0,0,0,0,0
9272,0,298.2,308.6,1353,54.1,38,0,0,0,0,0,0
9273,2,298.2,308.7,1520,35.7,40,0,0,0,0,0,0
9274,0,298.2,308.7,1428,54.9,45,0,0,0,0,0,0
9275,0,298.2,308.7,1605,29.4,47,0,0,0,0,0,0
9276,0,298.1,308.7,1691,30.3,49,0,0,0,0,0,0
9277,0,298.2,308.7,1447,48.4,51,0,0,0,0,0,0
9278,2,298.2,308.8,1606,39.9,53,0,0,0,0,0,0
9279,1,298.2,308.8,1645,28.2,58,0,0,0,0,0,0
9280,2,298.2,308.8,1470,43.3,61,0,0,0,0,0,0
9281,0,298.2,308.9,1336,45.0,66,0,0,0,0,0,0
9282,1,298.2,308.9,1414,44.3,68,0,0,0,0,0,0
9283,1,298.3,309.0,1802,27.5,71,0,0,0,0,0,0
9284,0,298.2,308.9,1683,31.7,74,0,0,0,0,0,0
9285,1,298.2,309.0,1410,47.6,76,0,0,0,0,0,0
9286,0,298.2,308.9,1605,32.0,79,0,0,0,0,0,0
9287,0,298.2,308.9,1709,28.1,81,0,0,0,0,0,0
9288,0,298.2,308.9,1444,53.1,83,0,0,0,0,0,0
9289,0,298.2,308.9,1367,45.0,85,0,0,0,0,0,0
9290,0,298.2,309.0,1418,44.2,87,0,0,0,0,0,0
9291,0,298.2,309.0,1353,57.8,89,0,0,0,0,0,0
9292,0,298.2,309.0,1643,34.1,91,0,0,0,0,0,0
9293,0,298.3,309.1,1437,38.0,93,0,0,0,0,0,0
9294,0,298.1,309.0,1437,36.2,95,0,0,0,0,0,0
9295,1,298.2,309.0,1413,47.9,97,0,0,0,0,0,0
9296,2,298.2,309.0,1524,39.1,100,0,0,0,0,0,0
9297,1,298.1,308.9,1479,43.4,105,0,0,0,0,0,0
9298,0,298.1,308.9,1313,50.6,108,0,0,0,0,0,0
9299,1,298.1,308.9,1335,50.4,110,0,0,0,0,0,0
9300,0,298.1,308.9,1367,41.9,113,0,0,0,0,0,0
9301,1,298.1,308.9,1459,50.3,115,0,0,0,0,0,0
9302,1,298.1,308.9,1804,25.1,118,0,0,0,0,0,0
9303,0,298.2,309.0,1491,38.3,121,0,0,0,0,0,0
9304,0,298.3,309.1,1537,43.0,123,0,0,0,0,0,0
9305,2,298.3,309.1,1646,30.2,125,0,0,0,0,0,0
9306,1,298.3,309.2,1783,28.3,130,0,0,0,0,0,0
9307,0,298.3,309.1,1395,49.8,133,0,0,0,0,0,0
9308,0,298.4,309.1,1423,48.0,135,0,0,0,0,0,0
9309,0,298.3,309.2,1562,37.6,137,0,0,0,0,0,0
9310,0,298.4,309.3,1549,40.8,139,0,0,0,0,0,0
9311,0,298.4,309.4,1540,43.2,141,0,0,0,0,0,0
9312,2,298.5,309.4,1573,33.6,143,0,0,0,0,0,0
9313,0,298.5,309.4,1418,45.1,148,0,0,0,0,0,0
9314,1,298.5,309.4,1565,33.7,150,0,0,0,0,0,0
9315,0,298.5,309.5,1569,41.0,153,0,0,0,0,0,0
9316,2,298.5,309.4,1417,41.2,155,0,0,0,0,0,0
9317,0,298.5,309.5,1480,38.1,160,0,0,0,0,0,0
9318,0,298.5,309.4,1364,44.5,162,0,0,0,0,0,0
9320,0,298.4,309.3,1409,43.1,166,0,0,0,0,0,0
9321,0,298.4,309.2,1335,53.5,168,0,0,0,0,0,0
9322,1,298.5,309.3,1512,38.1,170,0,0,0,0,0,0
9323,0,298.6,309.4,1447,40.2,173,0,0,0,0,0,0
9324,0,298.6,309.3,1537,37.6,175,0,0,0,0,0,0
9325,1,298.6,309.3,1510,40.8,177,0,0,0,0,0,0
9326,0,298.6,309.3,1677,31.2,180,0,0,0,0,0,0
9327,0,298.5,309.2,1504,33.7,182,0,0,0,0,0,0
9329,0,298.5,309.1,1474,41.3,189,0,0,0,0,0,0
9330,1,298.4,309.0,1507,36.1,191,0,0,0,0,0,0
9331,0,298.4,308.9,1496,37.9,194,0,0,0,0,0,0
9333,0,298.5,309.0,1450,40.5,199,0,0,0,0,0,0
9334,0,298.4,308.9,1402,44.8,201,0,0,0,0,0,0
9335,0,298.4,308.9,1501,50.0,203,0,0,0,0,0,0
9336,0,298.5,308.9,1725,31.9,205,0,0,0,0,0,0
9337,2,298.5,308.9,1500,40.3,207,0,0,0,0,0,0
9338,2,298.5,309.0,1531,30.8,212,0,0,0,0,0,0
9339,0,298.5,309.0,1458,44.8,217,0,0,0,0,0,0
9340,2,298.4,308.9,1577,37.1,0,0,0,0,0,0,0
9341,1,298.3,308.9,1363,46.1,5,0,0,0,0,0,0
9342,2,298.3,308.9,1706,31.8,8,0,0,0,0,0,0
9343,1,298.3,308.8,1391,50.4,13,0,0,0,0,0,0
9344,0,298.2,308.8,1616,33.7,16,0,0,0,0,0,0
9345,0,298.2,308.8,1442,47.0,18,0,0,0,0,0,0
9346,1,298.2,308.8,1626,40.4,20,0,0,0,0,0,0
9347,1,298.2,308.7,1426,42.6,23,0,0,0,0,0,0
9348,0,298.2,308.7,1436,49.1,26,0,0,0,0,0,0
9349,1,298.2,308.7,1599,36.2,28,0,0,0,0,0,0
9351,0,298.3,308.8,1645,30.4,33,0,0,0,0,0,0
9352,0,298.2,308.7,1780,27.9,35,0,0,0,0,0,0
9353,0,298.2,308.8,1345,44.3,37,0,0,0,0,0,0
9354,1,298.2,308.8,1607,31.9,39,0,0,0,0,0,0
9355,0,298.3,308.9,1708,28.0,42,0,0,0,0,0,0
9356,0,298.3,308.9,1270,52.7,44,0,0,0,0,0,0
9357,1,298.3,308.9,1646,25.4,46,0,0,0,0,0,0
9358,0,298.2,308.7,1407,45.1,49,0,0,0,0,0,0
9359,1,298.1,308.7,1581,47.4,51,0,0,0,0,0,0
9360,0,298.0,308.6,1532,42.6,54,0,0,0,0,0,0
9361,0,298.0,308.6,1610,33.1,56,0,0,0,0,0,0
9362,1,298.0,308.5,1682,33.0,58,0,0,0,0,0,0
9363,0,297.9,308.5,1519,34.3,61,0,0,0,0,0,0
9364,0,297.9,308.5,1683,28.5,63,0,0,0,0,0,0
9365,1,298.0,308.6,1254,55.8,65,0,0,0,0,0,0
9366,0,298.0,308.5,1461,48.0,68,0,0,0,0,0,0
9367,0,297.9,308.5,1472,45.1,70,0,0,0,0,0,0
9368,0,297.7,308.4,1510,38.6,72,0,0,0,0,0,0
9369,1,297.7,308.3,1547,36.8,74,0,0,0,0,0,0
9370,2,297.7,308.4,1418,51.9,77,0,0,0,0,0,0
9371,0,297.7,308.4,1289,51.3,82,0,0,0,0,0,0
9372,0,297.7,308.4,1487,41.4,84,0,0,0,0,0,0
9373,0,297.7,308.5,1453,45.5,86,0,0,0,0,0,0
9374,1,297.8,308.5,1466,44.7,88,0,0,0,0,0,0
9375,2,297.7,308.4,1288,49.5,91,0,0,0,0,0,0
9376,2,297.7,308.4,1738,27.7,96,0,0,0,0,0,0
9377,2,297.7,308.3,1488,41.0,101,0,0,0,0,0,0
9378,0,297.6,308.3,1816,28.8,106,0,0,0,0,0,0
9379,0,297.5,308.2,1419,48.5,108,0,0,0,0,0,0
9380,0,297.4,308.1,1435,45.7,110,0,0,0,0,0,0
9381,1,297.5,308.1,1480,42.4,112,0,0,0,0,0,0
9382,0,297.5,308.2,1610,33.6,115,0,0,0,0,0,0
9383,2,297.5,308.1,1548,38.2,117,0,0,0,0,0,0
9384,1,297.6,308.1,1379,57.4,122,0,0,0,0,0,0
9387,2,297.4,307.9,1390,52.0,131,0,0,0,0,0,0
9388,1,297.5,307.9,1544,37.9,136,0,0,0,0,0,0
9389,0,297.6,308.0,1258,57.4,139,0,0,0,0,0,0
9390,1,297.5,308.0,1560,39.0,141,0,0,0,0,0,0
9392,0,297.6,308.1,1437,46.3,149,0,0,0,0,0,0
9393,2,297.7,308.2,1489,43.0,151,0,0,0,0,0,0
9394,0,297.7,308.2,1334,53.0,156,0,0,0,0,0,0
9395,0,297.7,308.2,1500,39.9,158,0,0,0,0,0,0
9396,0,297.8,308.3,1498,47.3,160,0,0,0,0,0,0
9397,1,297.7,308.2,1370,53.4,162,0,0,0,0,0,0
9398,2,297.7,308.2,1526,40.1,165,0,0,0,0,0,0
9399,0,297.8,308.3,1477,44.8,170,0,0,0,0,0,0
9400,0,297.7,308.2,1446,43.9,172,0,0,0,0,0,0
9401,1,297.7,308.2,1720,25.6,174,0,0,0,0,0,0
9402,0,297.7,308.1,1734,30.7,177,0,0,0,0,0,0
9403,0,297.7,308.1,1697,29.1,179,0,0,0,0,0,0
9405,1,297.7,308.1,1469,48.8,183,0,0,0,0,0,0
9407,0,297.8,308.3,1435,50.1,189,0,0,0,0,0,0
9408,2,297.9,308.4,1637,34.5,191,0,0,0,0,0,0
9409,0,298.0,308.5,1664,28.3,196,0,0,0,0,0,0
9410,1,298.0,308.5,1666,31.0,198,0,0,0,0,0,0
9411,0,298.0,308.5,1404,46.6,201,0,0,0,0,0,0
9412,0,298.0,308.5,1702,26.7,203,0,0,0,0,0,0
9413,0,298.1,308.6,1439,44.9,205,0,0,0,0,0,0
9414,0,298.1,308.6,1354,53.9,207,1,0,0,0,1,0
9415,1,298.2,308.7,1361,44.2,0,0,0,0,0,0,0
9416,1,298.1,308.5,1463,45.9,3,0,0,0,0,0,0
9417,2,298.1,308.4,1515,43.8,6,0,0,0,0,0,0
9418,0,298.0,308.4,1432,46.2,11,0,0,0,0,0,0
9420,0,298.0,308.4,1472,42.0,15,0,0,0,0,0,0
9421,1,298.1,308.5,1382,54.5,17,0,0,0,0,0,0
9422,0,298.1,308.5,1665,29.6,20,0,0,0,0,0,0
9423,0,298.1,308.5,1676,30.5,22,0,0,0,0,0,0
9424,1,298.0,308.5,1585,33.0,24,0,0,0,0,0,0
9425,1,298.1,308.6,1415,46.3,27,0,0,0,0,0,0
9426,0,298.1,308.7,1341,55.7,30,0,0,0,0,0,0
9427,0,298.2,308.8,1540,34.8,32,0,0,0,0,0,0
9428,2,298.2,308.8,1837,28.4,34,0,0,0,0,0,0
9429,0,298.2,308.8,1498,36.0,39,0,0,0,0,0,0
9430,0,298.1,308.7,1671,28.8,41,0,0,0,0,0,0
9431,0,298.0,308.6,1430,57.0,43,0,0,0,0,0,0
9432,0,298.0,308.7,1619,40.1,45,0,0,0,0,0,0
9433,1,298.0,308.7,1430,51.9,47,0,0,0,0,0,0
9434,0,298.0,308.6,1626,33.3,50,0,0,0,0,0,0
9435,0,298.0,308.7,1443,49.3,52,0,0,0,0,0,0
9436,0,298.0,308.6,1481,42.5,54,0,0,0,0,0,0
9437,1,298.1,308.7,1527,43.0,56,0,0,0,0,0,0
9438,1,298.1,308.7,1315,56.8,59,0,0,0,0,0,0
9439,1,298.1,308.8,1433,48.2,62,0,0,0,0,0,0
9440,1,298.1,308.8,1378,53.5,65,0,0,0,0,0,0
9441,0,298.1,308.8,1432,43.4,68,0,0,0,0,0,0
9442,1,298.1,308.8,1394,47.9,70,0,0,0,0,0,0
9443,2,298.0,308.8,1411,53.8,73,0,0,0,0,0,0
9445,1,298.2,309.0,1446,45.8,80,0,0,0,0,0,0
9446,2,298.1,308.9,1388,53.5,83,0,0,0,0,0,0
9447,1,298.1,308.9,1323,51.7,88,0,0,0,0,0,0
9448,0,298.2,309.0,1780,29.3,91,0,0,0,0,0,0
9449,1,298.1,308.8,1434,41.8,93,0,0,0,0,0,0
9450,1,298.0,308.7,1494,42.6,96,0,0,0,0,0,0
9451,2,298.0,308.7,1536,39.6,99,0,0,0,0,0,0
9452,1,298.0,308.7,1392,53.4,104,0,0,0,0,0,0
9453,2,298.2,309.0,1360,56.8,107,0,0,0,0,0,0
9454,0,298.4,309.2,1583,35.4,112,0,0,0,0,0,0
9456,0,298.5,309.3,1630,33.3,116,0,0,0,0,0,0
9457,1,298.5,309.3,1692,26.7,118,0,0,0,0,0,0
9458,0,298.4,309.1,1417,40.6,121,0,0,0,0,0,0
9459,0,298.4,309.1,1579,36.1,123,0,0,0,0,0,0
9460,1,298.4,309.2,1399,45.2,125,0,0,0,0,0,0
9461,1,298.4,309.2,1414,46.4,128,0,0,0,0,0,0
9462,0,298.5,309.3,1570,40.1,131,0,0,0,0,0,0
9463,1,298.5,309.3,1552,36.8,133,0,0,0,0,0,0
9464,0,298.6,309.4,1440,48.2,136,0,0,0,0,0,0
9465,1,298.6,309.4,1460,43.8,138,0,0,0,0,0,0
9466,0,298.6,309.4,1471,48.0,141,0,0,0,0,0,0
9467,0,298.6,309.3,1702,27.6,143,0,0,0,0,0,0
9468,0,298.6,309.4,1375,55.4,145,0,0,0,0,0,0
9469,0,298.6,309.4,1698,33.2,147,0,0,0,0,0,0
9470,2,298.6,309.4,1439,47.1,149,0,0,0,0,0,0
9471,1,298.6,309.4,1774,27.5,154,0,0,0,0,0,0
9472,1,298.7,309.4,1375,48.3,157,0,0,0,0,0,0
9473,0,298.7,309.5,1446,40.0,160,0,0,0,0,0,0
9474,1,298.7,309.6,1455,46.8,162,0,0,0,0,0,0
9475,0,298.8,309.6,1523,41.9,165,0,0,0,0,0,0
9476,1,298.8,309.6,1692,31.9,167,0,0,0,0,0,0
9477,1,298.8,309.6,1693,33.3,170,0,0,0,0,0,0
9478,0,298.8,309.6,1890,24.0,173,0,0,0,0,0,0
9479,2,298.9,309.6,1600,33.5,175,0,0,0,0,0,0
9480,1,298.9,309.6,1434,43.8,180,0,0,0,0,0,0
9481,0,298.9,309.6,1365,50.9,183,0,0,0,0,0,0
9482,2,298.8,309.6,1309,57.4,185,0,0,0,0,0,0
9483,2,298.9,309.6,1546,35.3,190,0,0,0,0,0,0
9484,0,298.9,309.6,1663,33.7,195,0,0,0,0,0,0
9485,0,298.9,309.6,1589,34.2,197,0,0,0,0,0,0
9486,1,298.9,309.6,1472,46.0,199,0,0,0,0,0,0
9487,0,298.9,309.6,1583,39.8,202,0,0,0,0,0,0
9488,1,298.9,309.6,1567,34.5,204,0,0,0,0,0,0
9489,0,298.9,309.7,1407,41.9,207,0,0,0,0,0,0
9490,1,299.0,309.7,1418,44.7,209,0,0,0,0,0,0
9491,1,299.0,309.7,1489,40.7,212,0,0,0,0,0,0
9492,0,299.1,309.9,1586,36.6,215,0,0,0,0,0,0
9493,0,299.1,309.8,1398,55.4,217,1,0,0,0,1,0
9494,0,299.2,309.9,1516,41.4,219,0,0,0,0,0,0
9495,2,299.3,310.0,1373,44.8,221,0,0,0,0,0,0
9496,1,299.2,310.0,1349,50.4,226,0,0,0,0,0,0
9497,2,299.1,309.9,1443,40.3,0,0,0,0,0,0,0
9498,2,299.2,310.1,1542,36.1,5,0,0,0,0,0,0
9499,0,299.2,310.1,1534,37.7,10,0,0,0,0,0,0
9500,0,299.2,310.2,1697,30.6,12,0,0,0,0,0,0
9501,0,299.3,310.3,1396,47.4,14,0,0,0,0,0,0
9502,0,299.3,310.2,1495,49.2,16,0,0,0,0,0,0
9503,1,299.2,310.3,1551,44.8,18,0,0,0,0,0,0
9504,0,299.2,310.3,1440,47.0,21,0,0,0,0,0,0
9505,0,299.2,310.3,1429,40.1,23,0,0,0,0,0,0
9506,2,299.3,310.4,1548,41.6,25,0,0,0,0,0,0
9507,0,299.3,310.5,1505,38.8,30,0,0,0,0,0,0
9508,0,299.2,310.4,1611,36.4,32,0,0,0,0,0,0
9509,1,299.2,310.4,1502,39.8,34,0,0,0,0,0,0
9510,1,299.2,310.4,1504,43.3,37,0,0,0,0,0,0
9511,0,299.1,310.3,1449,40.7,40,0,0,0,0,0,0
9512,0,299.0,310.2,1575,37.8,42,0,0,0,0,0,0
9513,1,299.0,310.2,1598,33.4,44,0,0,0,0,0,0
9514,0,299.0,310.1,1416,45.9,47,0,0,0,0,0,0
9515,0,299.0,310.2,1682,28.8,49,0,0,0,0,0,0
9516,0,298.9,310.1,1341,54.5,51,0,0,0,0,0,0
9517,0,298.9,310.1,1523,39.1,53,0,0,0,0,0,0
9518,0,299.0,310.1,1580,41.9,55,0,0,0,0,0,0
9519,0,299.0,310.1,1531,36.0,57,0,0,0,0,0,0
9520,0,299.0,310.1,1375,48.9,59,0,0,0,0,0,0
9521,1,298.9,310.1,1484,40.4,61,0,0,0,0,0,0
9522,1,299.0,310.2,1657,32.3,64,0,0,0,0,0,0
9523,0,299.0,310.2,1494,40.6,67,0,0,0,0,0,0
9524,2,299.0,310.3,1658,27.6,69,0,0,0,0,0,0
9525,0,299.1,310.3,1411,42.1,74,0,0,0,0,0,0
9526,1,299.2,310.4,1395,55.4,76,0,0,0,0,0,0
9527,0,299.1,310.4,1550,43.9,79,0,0,0,0,0,0
9528,1,299.1,310.3,1233,59.0,81,0,0,0,0,0,0
9529,0,299.1,310.3,1459,46.7,84,0,0,0,0,0,0
9530,2,299.1,310.4,1405,53.6,86,0,0,0,0,0,0
9531,0,299.2,310.5,1458,44.1,91,0,0,0,0,0,0
9532,0,299.2,310.5,1384,48.7,93,0,0,0,0,0,0
9533,0,299.2,310.5,1705,29.5,95,0,0,0,0,0,0
9534,0,299.3,310.6,1443,45.7,97,0,0,0,0,0,0
9535,1,299.3,310.6,1609,31.4,99,0,0,0,0,0,0
9536,0,299.3,310.5,1818,26.0,102,0,0,0,0,0,0
9537,1,299.3,310.6,1457,42.1,104,0,0,0,0,0,0
9538,0,299.3,310.6,1480,45.1,107,0,0,0,0,0,0
9539,0,299.4,310.8,1424,47.7,109,0,0,0,0,0,0
9540,1,299.4,310.8,1628,40.2,111,0,0,0,0,0,0
9541,1,299.5,310.8,1754,31.3,114,0,0,0,0,0,0
9542,0,299.6,310.9,1716,28.5,117,0,0,0,0,0,0
9543,1,299.5,310.9,1378,48.7,119,0,0,0,0,0,0
9544,0,299.6,311.0,1708,31.0,122,0,0,0,0,0,0
9545,0,299.6,311.0,1430,38.3,124,0,0,0,0,0,0
9546,1,299.7,311.2,1560,43.9,126,0,0,0,0,0,0
9547,0,299.6,311.1,1679,30.7,129,0,0,0,0,0,0
9548,0,299.6,311.1,1521,37.2,131,0,0,0,0,0,0
9549,1,299.6,311.1,1649,33.8,133,0,0,0,0,0,0
9550,1,299.5,311.0,1451,43.3,136,0,0,0,0,0,0
9551,0,299.4,310.8,1391,48.9,139,0,0,0,0,0,0
9552,1,299.3,310.8,1523,40.9,141,0,0,0,0,0,0
9553,0,299.3,310.7,1495,39.2,144,0,0,0,0,0,0
9554,1,299.3,310.7,1440,45.5,146,0,0,0,0,0,0
9555,2,299.4,310.8,1585,31.4,149,0,0,0,0,0,0
9556,0,299.5,310.8,1374,48.3,154,0,0,0,0,0,0
9557,1,299.5,310.8,1507,40.2,156,0,0,0,0,0,0
9558,1,299.5,310.9,1577,34.6,159,0,0,0,0,0,0
9559,0,299.5,310.9,1496,38.5,162,0,0,0,0,0,0
9560,0,299.6,310.9,1487,42.5,164,0,0,0,0,0,0
9561,0,299.6,310.9,1853,26.3,166,0,0,0,0,0,0
9562,1,299.7,311.0,1435,50.1,168,0,0,0,0,0,0
9563,1,299.8,311.1,1763,25.5,171,0,0,0,0,0,0
9564,0,299.8,311.1,1820,24.9,174,0,0,0,0,0,0
9565,1,299.8,311.1,1498,38.1,176,0,0,0,0,0,0
9566,0,299.8,311.1,1603,35.1,179,0,0,0,0,0,0
9567,0,299.8,311.1,1412,42.5,181,0,0,0,0,0,0
9568,0,299.8,311.1,1588,38.0,183,0,0,0,0,0,0
9570,0,299.7,310.9,1384,48.2,188,0,0,0,0,0,0
9571,0,299.7,310.8,1589,36.0,190,0,0,0,0,0,0
9572,1,299.7,310.8,1405,47.6,192,0,0,0,0,0,0
9573,0,299.7,310.9,1491,40.1,195,0,0,0,0,0,0
9574,2,299.7,310.8,1418,46.6,197,0,0,0,0,0,0
9575,1,299.6,310.8,1603,35.4,202,0,0,0,0,0,0
9577,1,299.5,310.7,1364,49.5,0,0,0,0,0,0,0
9578,0,299.4,310.7,1551,41.2,3,0,0,0,0,0,0
9579,0,299.5,310.7,1589,33.5,5,0,0,0,0,0,0
9580,1,299.5,310.7,1423,56.5,7,0,0,0,0,0,0
9581,0,299.4,310.6,1418,53.1,10,0,0,0,0,0,0
9582,1,299.3,310.5,1404,47.5,12,0,0,0,0,0,0
9583,0,299.3,310.5,1281,59.8,15,0,0,0,0,0,0
9584,0,299.3,310.5,1529,41.3,17,0,0,0,0,0,0
9585,1,299.3,310.5,1563,42.1,19,0,0,0,0,0,0
9586,0,299.4,310.6,1348,54.5,22,0,0,0,0,0,0
9587,1,299.3,310.5,1462,40.5,24,0,0,0,0,0,0
9588,2,299.3,310.4,1510,45.5,27,0,0,0,0,0,0
9589,0,299.2,310.4,1472,43.3,32,0,0,0,0,0,0
9590,1,299.2,310.4,1325,52.0,34,0,0,0,0,0,0
9591,0,299.2,310.4,1570,37.3,37,0,0,0,0,0,0
9592,0,299.2,310.4,1379,46.8,39,0,0,0,0,0,0
9593,0,299.1,310.2,1352,52.8,41,0,0,0,0,0,0
9594,0,299.1,310.3,1727,28.7,43,0,0,0,0,0,0
9595,2,299.0,310.1,1432,50.0,45,0,0,0,0,0,0
9596,0,298.9,310.1,1466,43.4,50,0,0,0,0,0,0
9597,0,298.9,310.1,1510,38.0,52,0,0,0,0,0,0
9598,0,299.0,310.2,1490,41.1,54,0,0,0,0,0,0
9599,0,299.0,310.1,1463,37.4,56,0,0,0,0,0,0
9600,1,298.9,310.0,1561,45.3,58,0,0,0,0,0,0
9602,0,298.9,310.2,1705,32.5,63,0,0,0,0,0,0
9603,1,298.9,310.1,1549,40.2,65,0,0,0,0,0,0
9604,2,299.0,310.2,1637,38.0,68,0,0,0,0,0,0
9605,1,298.9,310.1,1484,37.9,73,0,0,0,0,0,0
9606,0,298.9,310.1,1401,44.4,76,0,0,0,0,0,0
9607,0,298.9,310.1,1571,36.8,78,0,0,0,0,0,0
9608,1,298.9,310.1,1513,41.5,80,0,0,0,0,0,0
9609,0,299.0,310.1,1470,40.3,83,0,0,0,0,0,0
9610,0,299.0,310.1,1505,41.3,85,0,0,0,0,0,0
9611,0,299.0,310.2,1432,42.2,87,0,0,0,0,0,0
9612,1,299.0,310.2,1625,31.8,89,0,0,0,0,0,0
9613,0,299.0,310.2,1377,62.5,92,1,0,0,1,0,0
9614,1,299.1,310.3,1441,43.9,94,0,0,0,0,0,0
9615,1,299.0,310.2,1564,39.9,97,0,0,0,0,0,0
9616,0,298.9,310.1,1580,37.3,100,0,0,0,0,0,0
9617,0,299.0,310.2,1516,35.3,102,0,0,0,0,0,0
9618,0,299.0,310.1,1447,42.8,104,0,0,0,0,0,0
9619,1,298.9,310.0,1323,52.9,106,0,0,0,0,0,0
9620,0,298.9,310.0,1470,45.9,109,0,0,0,0,0,0
9622,0,298.9,310.0,1794,27.2,114,0,0,0,0,0,0
9623,0,298.9,310.1,1356,47.8,116,0,0,0,0,0,0
9624,2,299.0,310.1,1555,38.6,118,0,0,0,0,0,0
9625,1,299.0,310.1,1487,47.5,123,0,0,0,0,0,0
9626,1,299.0,310.0,1341,58.9,126,0,0,0,0,0,0
9627,1,298.9,310.0,1487,36.6,129,0,0,0,0,0,0
9628,2,299.0,310.0,1569,34.3,132,0,0,0,0,0,0
9630,0,299.0,310.1,1583,35.8,142,0,0,0,0,0,0
9631,0,299.0,310.0,1672,33.2,144,0,0,0,0,0,0
9632,1,299.0,310.0,1337,57.4,146,0,0,0,0,0,0
9633,2,299.1,310.1,1421,41.2,149,0,0,0,0,0,0
9634,0,299.1,310.2,1425,52.7,154,0,0,0,0,0,0
9635,0,299.2,310.2,1609,33.2,156,0,0,0,0,0,0
9636,0,299.2,310.3,1507,41.3,158,0,0,0,0,0,0
9637,0,299.2,310.3,1463,38.9,160,0,0,0,0,0,0
9638,2,299.3,310.4,1393,44.9,162,0,0,0,0,0,0
9639,0,299.3,310.4,1725,26.8,167,0,0,0,0,0,0
9640,0,299.4,310.5,1514,36.1,169,0,0,0,0,0,0
9641,0,299.3,310.4,1365,53.9,171,0,0,0,0,0,0
9642,0,299.4,310.5,1372,46.3,173,0,0,0,0,0,0
9643,0,299.4,310.4,1509,40.6,175,0,0,0,0,0,0
9644,0,299.3,310.4,1629,32.6,177,0,0,0,0,0,0
9645,0,299.4,310.5,1749,28.1,179,0,0,0,0,0,0
9646,0,299.4,310.4,1582,31.7,181,0,0,0,0,0,0
9647,0,299.2,310.2,1458,47.0,183,0,0,0,0,0,0
9648,0,299.1,310.1,1416,41.2,185,0,0,0,0,0,0
9649,2,299.1,310.0,1657,33.1,187,0,0,0,0,0,0
9650,1,299.1,310.0,1437,41.1,192,0,0,0,0,0,0
9651,1,299.1,310.0,1580,36.0,195,0,0,0,0,0,0
9652,1,299.0,310.0,1488,46.3,198,0,0,0,0,0,0
9653,0,299.0,309.9,1373,55.7,201,1,0,0,0,1,0
9654,0,299.1,310.0,1367,56.3,203,1,0,0,0,1,0
9655,2,299.1,310.0,1431,49.5,205,0,0,0,0,0,0
9656,0,299.0,310.1,1623,33.0,210,0,0,0,0,0,0
9657,0,299.0,310.0,1484,39.6,212,0,0,0,0,0,0
9658,0,299.0,309.9,1548,34.5,214,0,0,0,0,0,0
9659,0,298.9,309.8,1287,61.9,216,1,0,0,0,1,0
9660,1,298.9,309.8,1392,43.1,218,0,0,0,0,0,0
9661,2,299.0,310.0,1458,44.9,221,0,0,0,0,0,0
9662,1,299.1,310.1,1570,30.9,226,0,0,0,0,0,0
9663,0,299.1,310.1,1435,48.8,229,1,0,0,0,1,0
9664,0,299.1,310.2,1317,54.8,231,1,0,0,0,1,0
9665,0,299.2,310.3,1610,33.3,233,0,0,0,0,0,0
9666,1,299.1,310.3,1838,24.0,235,0,0,0,0,0,0
9667,0,299.2,310.3,1352,48.9,238,1,0,0,0,1,0
9668,0,299.1,310.3,1619,35.2,240,0,0,0,0,0,0
9669,0,299.1,310.3,1619,31.1,242,0,0,0,0,0,0
9670,0,299.0,310.2,1690,30.7,244,0,0,0,0,0,0
9671,0,299.0,310.2,1412,44.1,246,0,0,0,0,0,0
9672,2,299.0,310.2,1744,31.5,0,0,0,0,0,0,0
9673,1,299.0,310.1,1593,35.4,5,0,0,0,0,0,0
9674,0,299.1,310.2,1695,29.6,8,0,0,0,0,0,0
9675,1,299.0,310.2,1298,57.2,10,0,0,0,0,0,0
9676,0,299.0,310.1,1886,21.2,13,0,0,0,0,0,0
9678,1,299.1,310.2,1711,28.1,17,0,0,0,0,0,0
9679,0,299.1,310.2,1598,33.4,20,0,0,0,0,0,0
9680,0,299.1,310.1,1894,24.2,22,0,0,0,0,0,0
9681,1,299.1,310.1,1412,44.4,24,0,0,0,0,0,0
9682,0,299.1,310.0,1394,46.6,27,0,0,0,0,0,0
9683,1,299.0,310.0,1338,56.4,29,0,0,0,0,0,0
9684,2,298.9,309.9,1376,51.0,32,0,0,0,0,0,0
9685,0,299.0,310.0,1360,48.1,37,0,0,0,0,0,0
9686,0,299.1,310.1,1486,40.7,39,0,0,0,0,0,0
9687,1,299.1,310.1,1649,31.6,41,0,0,0,0,0,0
9688,0,299.1,310.1,1367,45.6,44,0,0,0,0,0,0
9689,0,299.0,310.1,1362,59.5,46,0,0,0,0,0,0
9690,1,298.9,310.0,1520,35.6,48,0,0,0,0,0,0
9691,0,299.0,310.0,1582,31.9,51,0,0,0,0,0,0
9692,1,299.0,310.0,1667,30.0,53,0,0,0,0,0,0
9693,0,298.9,310.0,1693,28.8,56,0,0,0,0,0,0
9694,0,298.9,310.0,1559,33.4,58,0,0,0,0,0,0
9695,0,298.9,309.9,1592,32.0,60,0,0,0,0,0,0
9696,0,298.9,309.9,1404,39.8,62,0,0,0,0,0,0
9697,1,298.8,309.8,1413,45.5,64,0,0,0,0,0,0
9698,0,298.8,309.8,1663,28.2,67,0,0,0,0,0,0
9699,0,298.8,309.8,1508,36.3,69,0,0,0,0,0,0
9700,1,298.9,309.8,1353,53.7,71,0,0,0,0,0,0
9701,0,298.8,309.8,1485,42.4,74,0,0,0,0,0,0
9702,0,298.9,310.0,1633,31.2,76,0,0,0,0,0,0
9703,0,298.9,310.0,1422,43.6,78,0,0,0,0,0,0
9704,0,298.9,310.1,1577,41.4,80,0,0,0,0,0,0
9705,0,298.9,310.0,1482,41.1,82,0,0,0,0,0,0
9706,1,299.0,310.1,1705,30.1,84,0,0,0,0,0,0
9707,0,299.0,310.1,1699,32.9,87,0,0,0,0,0,0
9708,0,299.0,310.1,1664,29.7,89,0,0,0,0,0,0
9709,1,299.0,310.0,1486,34.6,91,0,0,0,0,0,0
9710,0,299.1,310.1,1336,61.3,94,0,0,0,0,0,0
9711,2,299.1,310.1,1429,42.9,96,0,0,0,0,0,0
9712,1,299.1,310.2,1456,48.4,101,0,0,0,0,0,0
9713,0,299.1,310.2,1496,45.0,104,0,0,0,0,0,0
9714,0,299.1,310.1,1894,20.1,106,0,0,0,0,0,0
9715,0,299.1,310.1,1373,55.6,108,0,0,0,0,0,0
9716,2,299.0,310.0,1387,45.2,110,0,0,0,0,0,0
9717,0,298.9,309.9,1500,44.2,115,0,0,0,0,0,0
9718,0,298.9,309.9,1517,36.6,117,0,0,0,0,0,0
9719,0,298.9,309.9,1309,56.2,119,0,0,0,0,0,0
9720,1,298.9,309.9,1357,54.5,121,0,0,0,0,0,0
9721,0,298.8,309.8,1490,40.6,124,0,0,0,0,0,0
9723,0,298.8,309.8,1599,33.6,131,0,0,0,0,0,0
9725,1,298.7,309.7,1629,27.9,136,0,0,0,0,0,0
9726,0,298.8,309.8,1557,37.2,139,0,0,0,0,0,0
9727,0,298.8,309.8,1461,39.4,141,0,0,0,0,0,0
9728,0,298.8,309.8,1563,33.7,143,0,0,0,0,0,0
9729,0,298.7,309.8,1695,29.0,145,0,0,0,0,0,0
9730,0,298.8,310.0,1528,36.7,147,0,0,0,0,0,0
9731,0,298.8,310.0,1389,49.6,149,0,0,0,0,0,0
9733,1,298.9,310.1,1442,42.9,153,0,0,0,0,0,0
9734,2,298.9,310.1,1458,44.3,156,0,0,0,0,0,0
9735,0,299.0,310.1,1444,47.7,161,0,0,0,0,0,0
9736,1,298.9,310.0,1348,58.2,163,0,0,0,0,0,0
9737,0,298.9,310.0,1791,27.6,166,0,0,0,0,0,0
9738,0,299.0,310.0,1509,38.0,168,0,0,0,0,0,0
9739,0,298.9,310.0,1515,42.9,170,0,0,0,0,0,0
9740,1,298.9,310.1,1655,31.5,172,0,0,0,0,0,0
9741,0,298.9,310.1,1495,42.9,175,0,0,0,0,0,0
9742,0,298.9,310.2,1623,37.2,177,0,0,0,0,0,0
9743,0,298.9,310.2,1562,42.5,179,0,0,0,0,0,0
9744,0,298.8,310.1,1574,36.2,181,0,0,0,0,0,0
9745,0,298.8,310.0,1611,32.4,183,0,0,0,0,0,0
9746,0,298.8,310.0,1403,45.6,185,0,0,0,0,0,0
9747,0,298.8,310.1,1481,47.4,187,0,0,0,0,0,0
9748,1,298.9,310.1,1441,41.2,189,0,0,0,0,0,0
9749,2,298.8,310.1,1483,45.4,192,0,0,0,0,0,0
9750,0,298.7,310.0,1555,32.6,197,0,0,0,0,0,0
9751,0,298.6,309.9,1615,28.8,199,0,0,0,0,0,0
9752,0,298.6,309.8,1561,32.6,201,0,0,0,0,0,0
9753,0,298.5,309.8,1593,35.1,203,0,0,0,0,0,0
9754,1,298.5,309.7,1552,34.0,205,0,0,0,0,0,0
9755,2,298.5,309.7,1561,35.3,208,0,0,0,0,0,0
9756,0,298.6,309.8,1597,35.9,213,0,0,0,0,0,0
9757,1,298.6,309.9,1517,34.0,215,0,0,0,0,0,0
9759,0,298.5,309.7,1613,36.7,0,0,0,0,0,0,0
9760,1,298.5,309.6,1509,47.3,2,0,0,0,0,0,0
9761,0,298.6,309.7,1703,26.1,5,0,0,0,0,0,0
9763,1,298.6,309.6,1635,29.7,9,0,0,0,0,0,0
9765,0,298.6,309.6,1472,39.1,14,0,0,0,0,0,0
9766,2,298.6,309.6,1449,42.5,16,0,0,0,0,0,0
9767,0,298.6,309.6,1563,35.0,21,0,0,0,0,0,0
9768,0,298.6,309.6,1611,35.7,23,0,0,0,0,0,0
9769,0,298.6,309.6,1386,48.6,25,0,0,0,0,0,0
9770,2,298.6,309.5,1584,31.8,27,0,0,0,0,0,0
9771,1,298.7,309.6,1424,50.4,32,0,0,0,0,0,0
9772,0,298.5,309.5,1561,34.8,35,0,0,0,0,0,0
9773,0,298.5,309.4,1560,37.9,37,0,0,0,0,0,0
9774,2,298.6,309.5,1375,41.0,39,0,0,0,0,0,0
9775,1,298.6,309.5,1684,27.8,44,0,0,0,0,0,0
9776,1,298.6,309.6,1397,54.1,47,0,0,0,0,0,0
9777,0,298.6,309.6,1387,57.6,50,0,0,0,0,0,0
9778,2,298.7,309.7,1311,54.5,52,0,0,0,0,0,0
9779,0,298.8,309.8,1509,36.2,57,0,0,0,0,0,0
9780,1,298.8,309.8,1477,46.7,59,0,0,0,0,0,0
9781,0,298.8,309.9,1441,41.6,62,0,0,0,0,0,0
9782,0,298.7,309.9,1404,47.1,64,0,0,0,0,0,0
9783,2,298.8,309.9,1466,44.6,66,0,0,0,0,0,0
9784,1,298.7,309.8,1435,48.8,71,0,0,0,0,0,0
9785,2,298.7,309.7,1697,29.8,74,0,0,0,0,0,0
9786,1,298.7,309.6,1738,27.3,79,0,0,0,0,0,0
9787,2,298.6,309.5,1420,50.4,82,0,0,0,0,0,0
9788,1,298.5,309.5,1535,39.8,87,0,0,0,0,0,0
9789,0,298.6,309.6,1715,28.4,90,0,0,0,0,0,0
9790,0,298.6,309.5,1483,43.2,92,0,0,0,0,0,0
9791,1,298.5,309.4,1521,37.5,94,0,0,0,0,0,0
9792,2,298.5,309.4,1573,36.0,97,0,0,0,0,0,0
9793,2,298.5,309.4,1414,46.7,102,0,0,0,0,0,0
9794,0,298.5,309.3,1590,33.9,107,0,0,0,0,0,0
9795,0,298.5,309.3,1623,33.1,109,0,0,0,0,0,0
9796,2,298.4,309.3,1694,30.9,111,0,0,0,0,0,0
9797,1,298.4,309.2,1597,33.5,116,0,0,0,0,0,0
9798,0,298.5,309.3,1471,44.7,119,0,0,0,0,0,0
9799,1,298.5,309.3,1551,34.7,121,0,0,0,0,0,0
9800,2,298.5,309.3,1421,50.3,124,0,0,0,0,0,0
9801,1,298.4,309.3,1496,45.6,129,0,0,0,0,0,0
9803,0,298.4,309.2,1692,29.8,137,0,0,0,0,0,0
9804,0,298.4,309.1,1467,42.5,139,0,0,0,0,0,0
9805,0,298.4,309.2,1651,28.5,141,0,0,0,0,0,0
9806,0,298.3,309.1,1417,60.5,143,0,0,0,0,0,0
9807,0,298.2,309.0,1413,55.0,145,0,0,0,0,0,0
9808,1,298.2,309.0,1441,44.2,147,0,0,0,0,0,0
9809,1,298.2,309.0,1353,50.3,150,0,0,0,0,0,0
9810,0,298.1,309.0,1502,40.9,153,0,0,0,0,0,0
9811,0,298.2,309.0,1610,31.7,155,0,0,0,0,0,0
9812,1,298.2,309.1,1411,45.8,157,0,0,0,0,0,0
9813,0,298.3,309.1,1387,52.3,160,0,0,0,0,0,0
9814,2,298.3,309.1,1430,40.9,162,0,0,0,0,0,0
9815,1,298.4,309.1,1576,38.8,167,0,0,0,0,0,0
9816,1,298.5,309.2,1721,29.4,170,0,0,0,0,0,0
9817,1,298.5,309.3,1465,42.4,173,0,0,0,0,0,0
9818,1,298.6,309.4,1407,45.1,176,0,0,0,0,0,0
9819,1,298.6,309.4,1464,36.9,179,0,0,0,0,0,0
9820,1,298.6,309.5,1568,36.7,182,0,0,0,0,0,0
9821,0,298.6,309.4,1667,35.6,185,0,0,0,0,0,0
9822,0,298.5,309.4,1360,60.9,187,1,0,0,0,1,0
9823,1,298.5,309.3,1488,43.7,189,0,0,0,0,0,0
9824,0,298.4,309.3,1504,39.3,192,0,0,0,0,0,0
9825,0,298.4,309.2,1610,32.4,194,0,0,0,0,0,0
9826,0,298.4,309.2,1345,52.7,196,0,0,0,0,0,0
9827,1,298.3,309.3,1376,57.0,198,0,0,0,0,0,0
9828,0,298.4,309.4,1385,50.0,201,0,0,0,0,0,0
9829,1,298.4,309.4,1429,41.8,203,0,0,0,0,0,0
9830,0,298.3,309.3,1337,56.1,206,1,0,0,0,1,0
9831,0,298.4,309.3,1542,35.4,208,0,0,0,0,0,0
9833,0,298.3,309.1,1386,45.3,212,0,0,0,0,0,0
9834,1,298.3,309.1,1632,32.7,0,0,0,0,0,0,0
9835,0,298.4,309.3,1545,36.9,3,0,0,0,0,0,0
9836,1,298.4,309.3,1390,53.6,5,0,0,0,0,0,0
9837,1,298.4,309.3,1355,50.6,8,0,0,0,0,0,0
9838,0,298.4,309.2,1425,45.5,11,0,0,0,0,0,0
9839,1,298.4,309.2,1491,51.2,13,0,0,0,0,0,0
9840,2,298.3,309.2,1486,42.4,16,0,0,0,0,0,0
9841,1,298.3,309.2,1359,51.4,21,0,0,0,0,0,0
9842,0,298.4,309.3,1395,47.6,24,0,0,0,0,0,0
9843,0,298.3,309.2,1383,52.1,26,0,0,0,0,0,0
9844,2,298.3,309.1,1484,37.0,28,0,0,0,0,0,0
9845,0,298.3,309.1,1421,47.4,33,0,0,0,0,0,0
9846,0,298.3,309.0,1339,58.8,35,0,0,0,0,0,0
9847,0,298.4,309.1,1362,46.1,37,0,0,0,0,0,0
9848,2,298.5,309.2,1568,40.6,39,0,0,0,0,0,0
9850,1,298.5,309.3,1498,34.6,46,0,0,0,0,0,0
9851,1,298.5,309.3,1761,27.2,49,0,0,0,0,0,0
9852,0,298.6,309.4,1316,51.4,52,0,0,0,0,0,0
9853,0,298.6,309.4,1525,37.8,54,0,0,0,0,0,0
9854,2,298.6,309.4,1362,45.3,56,0,0,0,0,0,0
9855,0,298.7,309.6,1516,38.5,61,0,0,0,0,0,0
9856,0,298.6,309.5,1450,44.2,63,0,0,0,0,0,0
9857,1,298.6,309.5,1366,55.0,65,0,0,0,0,0,0
9858,0,298.5,309.5,1547,33.1,68,0,0,0,0,0,0
9859,1,298.6,309.5,1580,33.9,70,0,0,0,0,0,0
9860,2,298.7,309.6,1755,26.9,73,0,0,0,0,0,0
9861,1,298.7,309.6,1800,24.8,78,0,0,0,0,0,0
9862,1,298.8,309.7,1439,45.8,81,0,0,0,0,0,0
9863,0,298.9,309.8,1411,56.3,84,0,0,0,0,0,0
9864,1,298.9,309.9,1645,31.4,86,0,0,0,0,0,0
9866,0,299.0,309.9,1630,34.0,92,0,0,0,0,0,0
9867,0,299.0,309.9,1411,44.7,94,0,0,0,0,0,0
9868,0,298.9,309.9,1526,35.4,96,0,0,0,0,0,0
9869,0,298.9,309.9,1590,31.3,98,0,0,0,0,0,0
9870,2,299.0,309.9,1884,25.6,100,0,0,0,0,0,0
9872,0,298.9,309.9,1373,52.1,108,0,0,0,0,0,0
9873,0,298.9,309.8,1616,36.5,110,0,0,0,0,0,0
9874,1,298.9,309.9,1449,44.1,112,0,0,0,0,0,0
9875,1,298.9,309.8,1363,50.6,115,0,0,0,0,0,0
9876,2,298.8,309.7,1461,55.1,118,0,0,0,0,0,0
9877,0,298.8,309.7,1374,58.6,123,0,0,0,0,0,0
9878,0,298.7,309.7,1293,59.1,125,0,0,0,0,0,0
9879,1,298.8,309.8,1490,38.6,127,0,0,0,0,0,0
9880,0,298.8,309.8,1753,27.5,130,0,0,0,0,0,0
9881,0,298.8,309.8,1493,38.5,132,0,0,0,0,0,0
9882,0,298.8,309.8,1895,22.0,134,0,0,0,0,0,0
9883,2,298.7,309.6,1654,34.3,136,0,0,0,0,0,0
9884,0,298.7,309.5,1673,30.8,141,0,0,0,0,0,0
9885,0,298.8,309.6,1613,27.7,143,0,0,0,0,0,0
9887,0,298.8,309.5,1368,44.7,147,0,0,0,0,0,0
9888,1,298.8,309.6,1575,34.4,149,0,0,0,0,0,0
9889,2,298.8,309.6,1516,40.2,152,0,0,0,0,0,0
9890,0,298.8,309.5,1645,32.8,157,0,0,0,0,0,0
9891,0,298.8,309.5,1374,48.1,159,0,0,0,0,0,0
9892,2,298.9,309.7,1407,48.6,161,0,0,0,0,0,0
9893,1,298.9,309.6,1284,55.3,166,0,0,0,0,0,0
9894,0,298.9,309.5,1645,31.1,169,0,0,0,0,0,0
9895,0,298.8,309.4,1387,54.1,171,0,0,0,0,0,0
9896,1,298.8,309.3,1618,35.1,173,0,0,0,0,0,0
9897,0,298.8,309.3,1357,47.1,176,0,0,0,0,0,0
9898,0,298.7,309.2,1396,44.8,178,0,0,0,0,0,0
9899,0,298.7,309.2,1586,31.4,180,0,0,0,0,0,0
9900,2,298.7,309.2,1449,42.3,182,0,0,0,0,0,0
9901,1,298.7,309.2,1423,48.9,187,0,0,0,0,0,0
9902,2,298.7,309.3,1402,45.3,190,0,0,0,0,0,0
9903,1,298.7,309.2,1437,45.7,195,0,0,0,0,0,0
9904,0,298.6,309.1,1537,35.7,198,0,0,0,0,0,0
9905,1,298.7,309.1,1423,49.5,200,0,0,0,0,0,0
9906,1,298.6,309.1,1587,37.3,203,0,0,0,0,0,0
9907,1,298.6,309.1,1487,43.2,206,0,0,0,0,0,0
9908,0,298.6,309.0,1456,47.7,0,0,0,0,0,0,0
9909,0,298.7,309.1,1607,32.7,2,0,0,0,0,0,0
9910,0,298.6,309.0,1469,46.0,4,0,0,0,0,0,0
9911,1,298.6,309.0,1481,40.8,6,0,0,0,0,0,0
9912,0,298.6,308.9,1327,58.8,9,0,0,0,0,0,0
9913,0,298.5,308.8,1589,30.6,11,0,0,0,0,0,0
9914,0,298.5,308.8,1670,29.6,13,0,0,0,0,0,0
9915,1,298.5,308.7,1662,28.3,15,0,0,0,0,0,0
9916,1,298.5,308.8,1553,34.9,18,0,0,0,0,0,0
9917,1,298.5,308.8,1557,36.0,21,0,0,0,0,0,0
9918,0,298.4,308.8,1352,56.7,24,0,0,0,0,0,0
9919,0,298.5,308.8,1305,58.7,26,0,0,0,0,0,0
9920,2,298.5,308.7,1450,43.9,28,0,0,0,0,0,0
9921,1,298.5,308.7,1347,48.5,33,0,0,0,0,0,0
9922,2,298.6,308.8,1566,39.1,36,0,0,0,0,0,0
9923,1,298.5,308.7,1615,33.3,41,0,0,0,0,0,0
9924,1,298.5,308.6,1384,54.4,44,0,0,0,0,0,0
9925,1,298.5,308.7,1367,47.3,47,0,0,0,0,0,0
9927,0,298.5,308.6,1522,36.9,53,0,0,0,0,0,0
9928,1,298.4,308.5,1576,27.4,55,0,0,0,0,0,0
9929,2,298.4,308.4,1479,39.2,58,0,0,0,0,0,0
9930,0,298.3,308.3,1452,45.5,63,0,0,0,0,0,0
9931,0,298.3,308.3,1432,46.9,65,0,0,0,0,0,0
9932,0,298.3,308.2,1663,28.4,67,0,0,0,0,0,0
9933,0,298.3,308.3,1597,32.4,69,0,0,0,0,0,0
9934,0,298.3,308.2,1472,44.3,71,0,0,0,0,0,0
9935,0,298.4,308.3,1452,48.5,73,0,0,0,0,0,0
9936,2,298.3,308.2,1534,33.2,75,0,0,0,0,0,0
9937,0,298.3,308.1,1505,46.1,80,0,0,0,0,0,0
9938,0,298.3,308.1,1528,33.9,82,0,0,0,0,0,0
9940,1,298.3,308.1,1722,28.6,89,0,0,0,0,0,0
9941,0,298.4,308.1,1395,44.0,92,0,0,0,0,0,0
9942,0,298.4,308.1,1375,50.8,94,0,0,0,0,0,0
9943,1,298.3,308.0,1766,26.0,96,0,0,0,0,0,0
9944,0,298.3,307.9,1399,47.8,99,0,0,0,0,0,0
9945,0,298.3,308.0,1578,37.8,101,0,0,0,0,0,0
9946,0,298.3,307.9,1502,42.0,103,0,0,0,0,0,0
9947,1,298.2,307.9,1529,36.6,105,0,0,0,0,0,0
9948,0,298.2,307.8,1804,25.1,108,0,0,0,0,0,0
9949,1,298.2,307.8,1411,53.4,110,0,0,0,0,0,0
9950,0,298.1,307.8,1413,54.1,113,0,0,0,0,0,0
9951,0,298.2,307.8,1355,59.4,115,0,0,0,0,0,0
9952,0,298.2,307.8,1429,46.9,117,0,0,0,0,0,0
9953,0,298.1,307.8,1565,35.3,119,0,0,0,0,0,0
9954,1,298.1,307.9,1446,42.8,121,0,0,0,0,0,0
9955,1,298.2,307.9,1462,38.8,124,0,0,0,0,0,0
9956,1,298.2,307.8,1578,34.5,127,0,0,0,0,0,0
9957,0,298.1,307.8,1606,33.0,130,0,0,0,0,0,0
9958,1,298.1,307.8,1525,35.9,132,0,0,0,0,0,0
9959,0,298.1,307.8,1379,49.1,135,0,0,0,0,0,0
9960,0,298.2,307.8,1575,35.0,137,0,0,0,0,0,0
9961,0,298.2,307.9,1399,54.9,139,0,0,0,0,0,0
9962,0,298.2,307.9,1429,49.4,141,0,0,0,0,0,0
9963,0,298.3,307.9,1435,39.9,143,0,0,0,0,0,0
9964,0,298.3,307.9,1766,26.5,145,0,0,0,0,0,0
9965,0,298.3,307.9,1703,28.9,147,0,0,0,0,0,0
9966,0,298.3,307.9,1507,41.2,149,0,0,0,0,0,0
9967,1,298.3,307.9,1609,32.4,151,0,0,0,0,0,0
9968,0,298.4,308.0,1605,32.4,154,0,0,0,0,0,0
9969,0,298.4,308.1,1491,50.0,156,0,0,0,0,0,0
9970,2,298.4,308.1,1891,24.7,158,0,0,0,0,0,0
9971,2,298.5,308.2,1563,44.6,163,0,0,0,0,0,0
9972,0,298.6,308.2,1390,51.4,168,0,0,0,0,0,0
9973,0,298.5,308.2,1444,40.5,170,0,0,0,0,0,0
9975,1,298.6,308.3,1589,34.1,174,0,0,0,0,0,0
9976,0,298.6,308.2,1705,26.3,177,0,0,0,0,0,0
9977,0,298.6,308.3,1422,40.4,179,0,0,0,0,0,0
9978,2,298.6,308.3,1377,52.1,181,0,0,0,0,0,0
9979,0,298.5,308.3,1334,49.8,186,0,0,0,0,0,0
9980,0,298.6,308.4,1559,36.6,188,0,0,0,0,0,0
9981,0,298.7,308.5,1353,47.0,190,0,0,0,0,0,0
9982,1,298.7,308.4,1507,45.7,192,0,0,0,0,0,0
9983,0,298.7,308.4,1694,28.7,195,0,0,0,0,0,0
9984,2,298.7,308.4,1432,42.8,197,0,0,0,0,0,0
9985,2,298.7,308.5,1572,35.6,202,0,0,0,0,0,0
9986,1,298.8,308.6,1507,42.3,207,0,0,0,0,0,0
9987,1,298.8,308.6,1500,37.1,210,0,0,0,0,0,0
9988,0,298.9,308.6,1771,24.1,213,0,0,0,0,0,0
9989,1,298.8,308.5,1577,33.2,0,0,0,0,0,0,0
9990,0,298.8,308.5,1527,36.2,3,0,0,0,0,0,0
9991,1,298.9,308.4,1827,26.1,5,0,0,0,0,0,0
9992,0,298.8,308.4,1484,39.2,8,0,0,0,0,0,0
9993,0,298.8,308.4,1401,47.3,10,0,0,0,0,0,0
9994,0,298.8,308.3,1634,27.9,12,0,0,0,0,0,0
9995,1,298.8,308.4,1604,29.5,14,0,0,0,0,0,0
9996,2,298.9,308.4,1632,31.8,17,0,0,0,0,0,0
9997,1,299.0,308.6,1645,33.4,22,0,0,0,0,0,0
9998,2,299.0,308.7,1408,48.5,25,0,0,0,0,0,0
9999,1,299.0,308.7,1500,40.2,30,0,0,0,0,0,0
